file,caption
Symbolism/william-blake_melancholy-1820.jpg,"A central figure, a woman in a long, dark robe, stands in the middle of the scene, facing forward. Her hands are slightly extended, one toward the left and one toward the right. To her left, a smaller figure, possibly a child, stands with arms crossed and head tilted upward. To her right, two other figures in lighter robes stand close together, one with hands clasped and the other holding a staff. Behind the central figure, a large, winged figure with golden wings and a flaming tail appears to be seated on a platform, positioned above the central woman. To the left of the central figure, another winged figure is shown in a crouching position, near a crescent moon and a dragon-like creature. To the right, a third winged figure is depicted in a dynamic, twisting pose. The background is a dark blue sky with stars, and below the central figure, there are green, tree-like shapes with figures in flames above them. The overall color palette is dominated by rosybrown, dimgray, and gainsboro, with the wings and flames providing some contrast. The depth of the scene is varied, with the central figure and surrounding figures appearing in the mid-ground, while the sky and distant elements are farther away. The textures suggest a hand-drawn quality, with visible lines and smudges, and the lighting is diffuse, with no strong directional light sources."
Realism/alexey-venetsianov_that-is-those-fathers-dinner.jpg,"A young child sits on the floor in a dimly lit space, resting their head on one hand, looking down. Beside them, a small, shaggy dog sits close, facing forward. To the right, a wooden barrel lies on its side. The child is barefoot, wearing a simple, light-colored garment that appears worn. The background is dark and indistinct, suggesting a rough wall or interior space. The floor is visible at the bottom of the image, and the overall scene is illuminated by a soft, focused light that highlights the child and the dog, while the surroundings remain in shadow. The colors are muted, dominated by dark browns and earth tones, with the child’s clothing and the dog’s fur appearing in lighter, dull shades. The textures suggest rough surfaces, with the dog’s fur appearing thick and unkempt, and the barrel showing signs of wear. The child’s posture and the dog’s proximity suggest a quiet, intimate moment."
Realism/theodore-gericault_anatomical-pieces.jpg,"The artwork shows a large, fleshy, animal-like form lying on its side, partially covered by a torn, stained cloth. The form is positioned in the center of the frame, with its limbs curled and its head turned away. To the left, a white cloth with reddish stains lies crumpled, partially obscuring the form. In the bottom left corner, a pool of dark red liquid, consistent with blood, is visible. The background is dark and indistinct, with no clear boundaries or objects. The surface beneath the form is a flat, earthy brown. The lighting is dim and focused, casting shadows that emphasize the form’s contours and the texture of the cloth. The colors are dominated by muted browns, blacks, and a single patch of red in the blood. The texture of the form appears rough and uneven, while the cloth is wrinkled and torn. The depth of the image is shallow, with most of the visual weight concentrated in the foreground, where the form and cloth are located. The background recedes into darkness, with minimal detail."
Romanticism/konstantin-makovsky_ivan-iii-of-russia.jpg,"A group of men in heavy, fur-lined coats and hats stands clustered around a large stone pillar in the center of the scene, which is set beneath a wide, arched stone structure. To the left, several men with axes and other tools stand near the base of the archway, while to the right, other figures are gathered, some pointing or gesturing toward the central group. A young man in a dark coat and cap stands in the foreground on the left, holding a long, slender object that appears to be a staff or pole. Behind the central group, a large, ornate building with multiple onion-shaped domes rises in the background, visible through the arches. The entire scene is rendered in shades of gray and dim gray, with no visible color. The stone surfaces, clothing, and architectural elements show detailed texture through fine lines and cross-hatching, suggesting roughness and weight. The lighting is flat and even, with no strong shadows, giving the image a stark, documentary quality. The depth of the scene is varied, with the pillar and the figures around it appearing closest, while the distant domed building is clearly set back, creating a sense of spatial separation."
Art_Nouveau_Modern/raphael-kirchner_to-love.jpg,"The artwork depicts a central, nude female figure standing upright, facing slightly toward the viewer’s left. She has a dark green, ornate headdress and a matching green scarf or collar around her neck. Her right hand holds a long, thin object that ends in a red heart shape, positioned near the lower right of the image. Her left hand is extended outward, holding a dark green, curved object that resembles a large, stylized umbrella or a curved blade. Behind her, to the left, a curved, light-colored structure resembling a railway track or a spiral staircase winds upward into a hazy, greenish background. The background is indistinct and blurred, suggesting distance. In the lower left corner, the text “·V.M.DIE·” and “·LIEBE·” is visible in a simple, dark font. The overall color palette is dominated by muted tan, beige, and dark olive green, with the red heart providing a sharp contrast. The image has a flat, illustrative quality, with no strong sense of depth or texture, and most of the image appears far away, with only minimal foreground detail. The figure’s posture is static, and no movement is suggested."
Realism/vasily-surikov_yermak-s-conquest-of-siberia-1895.jpg,"The artwork depicts a chaotic river battle with numerous figures in boats and on the riverbank. Soldiers in various uniforms, some with firearms, are engaged in combat, with smoke rising from gunfire. A large flag bearing a portrait is visible on the left, and a distant cityscape with towers appears on the horizon. The river fills the lower portion of the scene, with boats crowded with men, some rowing, others firing weapons. On the right, a steep embankment is crowded with more figures, some on horseback, suggesting a larger force or siege. The foreground is dominated by a group of men in boats, including one in a red garment, and another man in the bottom left holding a gun. The scene is rendered with a muted palette of dark gray, silver, and dim gray, with occasional flashes of color from uniforms and weapons. The composition uses depth to show the river in the foreground, the combatants in the midground, and the distant city and embankment in the background. The brushwork suggests movement and urgency, with smoke and water creating a sense of turbulence. The overall impression is one of intense, disordered action."
Abstract_Expressionism/sam-francis_firewood-1973.jpg,"The artwork shows a dynamic, abstract composition of splattered and smeared paint on a light background. There are no discernible figures or objects; instead, the surface is filled with chaotic bursts of color, primarily dark blue, deep red, and yellow, mixed with black and white. The paint appears to have been thrown or sprayed across the canvas, creating a dense, energetic field of marks that overlap and radiate outward.

The visual field is dominated by a central area where the paint is thickest and most concentrated, with streaks and splatters radiating outward in all directions. The edges of the canvas are mostly clear, with only a few stray splatters near the borders. The depth of the image is not clearly defined, but the distribution of paint suggests a sense of layered texture, with some areas appearing more densely packed than others. The overall impression is one of movement and intensity, with no clear focal point or spatial organization.

The colors are vivid and saturated, with the dark blue and red tones contrasting sharply against the lighter background. The texture appears rough and tactile, as if the paint has been applied with force, leaving behind a chaotic, almost explosive pattern. The surface is not smooth; it is marked by the irregularity of the splatters and the uneven distribution of color, which gives the work a sense of physical presence and energy."
Realism/vasily-polenov_vasily-petrovich-schegolenok-schegolenkov-narrator-1879.jpg,"The artwork depicts a man with long, thick hair and a full beard, shown from the chest up. His head is centered in the frame, and his gaze is directed forward, appearing to look at the viewer. His right hand is visible in the lower right portion of the image, resting near his waist or lap, with the fingers curled slightly. The man’s clothing appears to be a loose-fitting garment with a visible cuff on the wrist. The background is a flat, textured surface in shades of light gray and dim gray, with no distinct objects or features behind the figure. The image is rendered in monochrome, with varying tones of gray suggesting depth and form, but no strong directional light or color. The texture of the image appears grainy or rough, consistent with a sketch or drawing medium. The overall composition is centered on the man’s face and upper body, with the hand positioned to the right side of the frame. The depth of the image is distributed across the entire field, with the man’s face and hand appearing to be at mid-depth, while the background is uniformly blurred and indistinct."
Realism/david-burliuk_an-actor-1938.jpg,"A man is depicted in profile, facing left, with his head slightly turned toward the viewer. He has short, dark hair and is wearing a dark suit jacket over a light-colored shirt and tie. The drawing is rendered in sketchy strokes with visible texture, using dark gray, black, and muted red tones for shading and highlights. The man’s expression is neutral, with a straight mouth and eyes looking forward. The background is plain and light-colored, with no discernible objects or details. The image is signed in the lower right corner with the name “Budlik” and the year “1938.” A small, handwritten note in the lower left corner reads “n.1 actor.” The depth of the image is shallow, with the man’s face and shoulders appearing closest to the viewer, while the background recedes into a flat, indistinct space. The drawing has a rough, hand-drawn quality, with visible pencil marks and smudges."
Northern_Renaissance/lucas-cranach-the-elder_arrest-of-christ-1538.jpg,"The painting depicts a tense, crowded scene under a dark, starry sky, with a group of armed men surrounding a central figure who appears to be speaking or pleading. To the left, a man in a dark robe holds a sword upright, while another figure beside him holds a stringed instrument. A man lies on the ground in the foreground, face up, with his arms spread. To the right, a figure in red clothing stands with a raised arm, and another figure behind them holds a weapon. The central figure, dressed in a reddish-brown garment, is surrounded by others in dark, heavy clothing, some with weapons raised. The background shows a dark, wooded area with faint structures visible in the distance. The scene is dominated by deep blacks, dark olive greens, and a small area of reddish-brown. The lighting is dim, with no strong highlights, and the textures suggest rough, dark surfaces and the worn appearance of clothing and weapons. The composition is tightly packed, with most figures clustered in the center and foreground, and the depth is shallow, with most of the image appearing close to the viewer."
Baroque/gian-lorenzo-bernini_daniel-and-the-lion(1).jpg,"A marble statue of a nude male figure is shown in a niche, set between two vertical pillars. The figure is seated, leaning back with his left leg bent and his right leg extended forward, his right arm raised to support a large, domed object above his head. His left hand rests on his thigh, and his head is tilted upward, gazing toward the dome. The figure’s body is draped with fabric that flows around his lower torso and legs, appearing to be caught in motion. The dome above him is carved with radiating grooves and is supported by the figure’s raised hand. The niche is framed by two tall, fluted pillars, one on the left and one on the right, with a dark, textured wall behind the figure. The statue is set on a small, flat base. The material is light-colored marble, with visible carving details and shadows that define the form. The overall composition suggests depth, with the figure and dome appearing closer to the viewer than the pillars and background wall. The lighting is diffuse, casting soft shadows that emphasize the contours of the figure and the texture of the marble. The background wall behind the figure is dark and appears to be made of stone or plaster, contrasting with the light color of the statue. The pillars are light-colored and have vertical grooves, suggesting they are made of marble or a similar material. The image is framed by the pillars, with the statue centered in the niche. The depth of the image is varied, with the figure and dome appearing closer to the viewer than the background wall and pillars. The overall impression is one of stillness and formality, with the figure’s pose suggesting a moment of effort or contemplation. The statue is not in motion, and the scene is static. The figure’s expression is not clearly visible, but his posture suggests a sense of tension or focus. The dome above him is large and dominates the upper portion of the image, drawing the viewer’s attention upward. The figure’s body is positioned in a way that suggests he is supporting the dome, with his arm raised and his body leaning back. The fabric around his legs and torso is flowing, suggesting movement or a sense of weight. The overall composition is balanced, with the figure and dome centered in the niche, and the pillars framing the scene on either side. The lighting is even, with no strong shadows or highlights, suggesting a neutral or diffuse light source. The image is not in motion, and the scene is static. The figure’s expression is not clearly visible, but his posture suggests a sense of tension or focus. The dome above him is large and dominates the upper portion of the image, drawing the viewer’s attention upward. The figure’s body is positioned in a way that suggests he is supporting the dome, with his arm raised and his body leaning back. The fabric around his legs and torso is flowing, suggesting movement or a sense of weight. The overall composition is balanced, with the figure and dome centered in the niche, and the pillars framing the scene on either side. The lighting is even, with no strong shadows or highlights, suggesting a neutral or diffuse light source. The image is not in motion, and the scene is static. The figure’s expression is not clearly visible, but his posture suggests a sense of tension or focus. The dome above him is large and dominates the upper portion of the image, drawing the viewer’s attention upward. The figure’s body is positioned in a way that suggests he is supporting the dome, with his arm raised and his body leaning back. The fabric around his legs and torso is flowing, suggesting movement or a sense of weight. The overall composition is balanced, with the figure and dome centered in the niche, and the pillars framing the scene on either side. The lighting is even, with no strong shadows or highlights, suggesting a neutral or diffuse light source. The image is not in motion, and the scene is static. The figure’s expression is not clearly visible, but his posture suggests a sense of tension or focus. The dome above him is large and dominates the upper portion of the image, drawing the viewer’s attention upward. The figure’s body is positioned in a way that suggests he is supporting the dome, with his arm raised and his body leaning back. The fabric around his legs and torso is flowing, suggesting movement or a sense of weight. The overall composition is balanced, with the figure and dome centered in the niche, and the pillars framing the scene on either side. The lighting is even, with no strong shadows or highlights, suggesting a neutral or diffuse light source. The image is not in motion, and the scene is static. The figure’s expression is not clearly visible, but his posture suggests a sense of tension or focus. The dome above him is large and dominates the upper portion of the image, drawing the viewer’s attention upward. The figure’s body is positioned in a way that suggests he is supporting the dome, with his arm raised and his body leaning back. The fabric around his legs and torso is flowing, suggesting movement or a sense"
Art_Nouveau_Modern/sergey-solomko_st-george-coming-to-the-rescue.jpg,"A knight in full armor rides a white horse on the left side of the image, pointing forward with one hand while holding a sword in the other. The horse is adorned with a decorative headpiece and a bridle. To the right, a woman in a flowing gown lies on the ground, her head tilted back, with a flag bearing a cross and a sign reading “BELLE-ILLE” above her. In the foreground, at the bottom, a man with a prominent mustache and dark clothing is shown in profile, looking upward and to the left. The background is a hazy, indistinct landscape with faint outlines of buildings. The image is rendered in monochrome, with varying shades of gray, and the textures suggest a printed or lithographic medium. The depth of the scene is uneven, with the knight and horse appearing closer, the woman in the middle ground, and the man in the foreground, though the man’s face is partially obscured by shadow. The overall composition suggests a dramatic, possibly historical, moment."
Pop_Art/hiro-yamagata_snowfire-1986.jpg,"The artwork depicts a snowy urban scene at night, with a central open space filled with people and a large, active fire. Snow falls steadily against a dark, star-speckled sky. Buildings with snow-covered roofs line the background, appearing in varying heights and architectural styles, mostly in muted grays and browns. A ski slope occupies the foreground, with several figures on skis moving across it. To the left, a sleigh is visible near a building, and another sleigh appears further down the slope. People are scattered across the scene, some near the fire, others on the slope or walking along the snow-covered streets. The fire emits a plume of smoke that rises into the sky. The overall color palette is dominated by gray, dim gray, and gainsboro, with the fire providing a small area of warm orange and red. The scene is rendered with a flat, illustrative style, lacking fine detail, and the depth is suggested through the placement of figures and buildings, with the fire and ski slope in the foreground and the buildings receding into the background."
Cubism/fernand-leger_dance-1929.jpg,"Two nude figures are depicted, one on the left and one on the right, both with elongated, stylized forms. The figure on the left stands with her body angled slightly away, her left arm bent and resting near her hip, her right arm extended forward with the hand open. Her hair is long and dark, falling over her left shoulder. The figure on the right is seated or crouched, with her right arm raised and bent at the elbow, her hand near her head, and her left arm bent inward, hand near her chest. Her hair is also long and dark, falling over her right shoulder. Between them, a dark, textured object resembling a bundle or a cloth is draped across the lower part of the figure on the right. To the far right, a single rose with a green stem and leaves extends upward, positioned near the top right corner. The background is a flat, light gray surface with no distinct features. The figures are rendered in a pale tan color with dark gray shading along their contours and limbs, creating a sense of depth. The overall composition is flat, with no clear perspective or background depth, and the figures appear to be floating or set against a plain backdrop. The surface texture of the figures is smooth, with no visible brushwork or texture beyond the shading. The lighting is even, with no strong directional light source, and the colors are muted, dominated by tan and dark gray. The figures’ faces are simplified, with large, round eyes and small, flat noses, and their expressions are neutral. The image does not contain any text or other objects."
Post_Impressionism/corneliu-baba_portrait-of-the-art-collector-zambaccian.jpg,"An elderly man is depicted in a close-up, seated or standing, with his head slightly bowed and his gaze directed downward. He is wearing a dark, heavy coat with a high collar, and a light-colored, possibly white, cravat or neckwear is visible beneath the coat. His hands are clasped together in front of him, holding a cane that rests near the bottom right corner of the image. The background is dark and indistinct, with no clear objects or spatial details beyond the figure. The lighting is dim, with a faint illumination on the man’s face and hands, creating a somber mood. The texture of the painting is rough and impasto, with visible brushstrokes, especially around the figure’s face and hands. The overall color palette is dominated by dark tones, including black, dark olive green, and tan, with minimal contrast. The depth of the image is shallow, with the figure occupying the foreground and the background fading into obscurity. The man’s posture and the way he holds the cane suggest stillness and weight, with no movement or action depicted."
Color_Field_Painting/mark-rothko_untitled-gray-and-mauve-1969.jpg,"The artwork shows a flat, two-part composition divided horizontally by a straight line. The upper portion is a solid, muted gray, while the lower portion is a uniform, soft rosybrown. There is no figure, no object, no texture variation, and no indication of depth or spatial relationships beyond the division. The surface appears smooth and even, with no visible brushwork, cracks, or marks. The colors are flat and non-reflective, with no light sources or shadows to suggest dimensionality. The entire image is a simple, unbroken field of two distinct horizontal color blocks."
Early_Renaissance/fra-angelico_st-stephen-being-led-to-his-martyrdom-1449.jpg,"The artwork depicts a scene set within a stone archway, framed by a curved architectural structure on the left. In the center, a figure wearing a golden halo and a dark blue robe with gold embroidery stands, draped in a long, flowing orange garment. This figure is being supported or restrained by two men: one to the left, reaching out with an open hand toward the central figure, and another to the right, holding the central figure’s arm. To the far left, a man with a long white beard and a reddish-brown robe stands with his hands clasped, looking toward the central figure. To the far right, another man with a beard and dark blue robes stands near a doorway, his hand resting on the central figure’s shoulder. Behind them, a large stone wall with arched openings stretches across the background, and beyond that, a hill with a fortified structure is visible under a dark sky. The scene is set within a narrow, enclosed space, with the central figure positioned slightly to the right of center, the supporting figures flanking them, and the background receding into depth. The colors are muted, dominated by earth tones: silver, dark olive green, and rosy brown. The textures suggest stone and fabric, with the robes appearing heavy and draped, and the stone architecture showing rough, weathered surfaces. The lighting is flat and even, with no strong shadows, and the overall surface shows signs of cracking, indicating age. The depth is varied, with the foreground figures clearly defined and the background receding into a distant, hazy landscape."
Symbolism/odilon-redon_eye-balloon-1898.jpg,"A large, dark, balloon-shaped object floats in the upper center of the image, suspended in a sky that is mostly light gray and textured with faint, uneven marks. The object has a rounded, hollow form with a dark interior and a lighter, curved area inside, resembling an eye or a void. From its lower edge, thin, radiating lines extend downward, suggesting ropes or cables, and they connect to a small, dark, indistinct shape at the bottom center of the object. Below this, the image shows a dark, flat horizontal band that occupies the lower third, appearing to be a ground or water surface, with some faint, irregular shapes suggesting vegetation or debris near the bottom left. The entire image is rendered in monochrome tones, with a rough, grainy texture visible across the surface, particularly in the sky and ground areas. The depth of the image is uneven, with the central object appearing to float above the lower band, and the sky and ground areas showing a range of tonal variation that suggests distance, though no clear foreground or background separation is defined."
Post_Impressionism/arturo-souto_galicia-1963.jpg,"The artwork depicts a rural outdoor scene with several people and a donkey near a building. In the bottom left, a person sits on the ground, facing away from the viewer, with their back to the center. To their left, another person stands near an open doorway of a stone building, partially visible. A donkey stands in the center-left area, positioned between the seated person and a third person standing further back in the center-right. This third person is dressed in dark clothing and holds a long object, possibly a staff or pole. To the right, a small wooden structure with a roof and a cross-like top stands near the edge of the frame. The ground is uneven and covered in dirt or gravel. The background consists of trees and foliage, with the building’s walls and roof visible on the left. The overall color palette is dominated by muted grays, dark olive greens, and earth tones. The brushwork is rough and textured, with visible strokes suggesting a tactile surface. The lighting appears diffuse, with no strong directional light source, and the scene lacks sharp contrasts. The depth is shallow, with most of the image focused on the foreground and midground, and very little detail in the far background."
Realism/gustave-courbet_la-bretonnerie-in-the-department-of-indre-1856.jpg,"A landscape painting shows a gentle, sunlit river flowing across the bottom of the scene, winding from the left toward the center and then curving slightly to the right. On the left side, near the riverbank, a tall, slender cypress tree stands prominently, its trunk dark and its branches reaching upward. To the right, a dense cluster of trees and shrubs fills the midground, their forms thick and rounded, with leaves rendered in varying shades of green. Behind them, a hillside rises, covered in more vegetation and a few scattered rocks. The sky above is a pale blue, with soft, wispy clouds drifting across it. The ground is a mix of green grass and darker patches, suggesting shadows and natural terrain. The overall impression is one of quiet, natural beauty, with the river and trees forming the central focus. The painting uses a palette of greens, blues, and earth tones, with the river appearing as a lighter, reflective strip. The brushwork is visible, with strokes suggesting texture in the foliage and water. The depth is conveyed through layers: the river and tree on the left are closest, the trees and hillside in the center are midground, and the distant treeline and sky form the background. The composition is balanced, with the river guiding the eye through the scene."
Post_Impressionism/henri-de-toulouse-lautrec_crouching-woman-with-red-hair-1897.jpg,"A nude woman is shown kneeling on a surface that appears to be covered with a white, textured cloth or material. Her body is positioned with her back to the viewer, her head turned slightly to her left, and her hands resting on the surface in front of her. Her hair is pulled back and appears dark. The background is a warm, textured area of brown and ochre tones, suggesting a wall or backdrop. To the left, there is a dark, indistinct shape that appears to be a pile of fabric or a draped object. The foreground and midground are dominated by the woman’s form and the surface she is on, with the surrounding area rendered in loose, visible brushstrokes of dark gray, brown, and ochre. The painting uses thick, textured brushwork, with visible strokes and a lack of fine detail, especially in the background and surrounding areas. The lighting appears to come from the front, casting subtle shadows along the woman’s body and the surface beneath her. The overall impression is one of a loosely rendered, intimate scene with a focus on the figure’s form and the tactile quality of the materials."
High_Renaissance/vittore-carpaccio_the-triumph-of-st-george-1502.jpg,"The artwork depicts a wide, open public square filled with people, horses, and buildings. In the center, a man stands over a fallen, winged creature, possibly a beast or a symbolic figure, with his arms raised as if in confrontation or triumph. To his left, a group of people and horses are gathered, some mounted, others standing, facing toward the center. To his right, another group of people, including a woman holding a child, stands near a horse. In the background, large buildings dominate the scene, including a central domed structure and other architectural forms with towers and statues. The entire scene is rendered in reddish-brown tones on a pale, aged surface, with visible lines and marks suggesting it is a sketch or drawing. The depth of the image is broad, with most of the scene appearing far away, while the central figures and the foreground elements are closer, though not sharply defined. The drawing has a rough, sketchy quality, with no clear indication of light or shadow, and the materials appear to be paper or vellum with a reddish pigment."
Baroque/agostino-carracci_a-peasant-man-head-and-shoulders-shouting.jpg,"A man is depicted in the center of the image, his head and shoulders visible. His mouth is wide open, as if screaming or yelling, and his eyes are wide and directed forward. He has a beard and short hair, and his face is illuminated from the front, with shadows on the sides. He wears a reddish-brown garment with a white, ruffled collar. The background is dark and indistinct, with no clear objects or spatial details beyond the figure. The image has a rough, textured surface, with visible brushwork and a dark, muted color palette dominated by dark slate gray, snow, and sienna. The depth of the image is shallow, with the figure appearing close to the viewer, and the background receding quickly into obscurity. The overall impression is one of intense, raw emotion, conveyed through the figure’s facial expression and the stark contrast between the illuminated face and the dark surroundings."
Baroque/guido-reni_mary-magdalene-in-ecstasy-at-the-foot-of-the-cross-1629.jpg,"A woman with long, wavy brown hair is shown from the chest up, centered in the frame. Her head is tilted upward and to her right, her gaze directed toward the upper right corner of the image. Her right hand is placed over her chest, fingers slightly curled, suggesting a gesture of devotion or reverence. She wears a garment that appears to be a robe or dress, with a visible edge at the bottom of the frame, colored in muted tones of rosy brown and dark olive green. The background is dark and indistinct, with a soft, warm glow behind her head that suggests a halo or light source from above. The overall image is rendered in a style that emphasizes depth, with the woman’s face and hand appearing closest to the viewer, while the background recedes into shadow. The lighting is focused on her face and upper body, creating a contrast with the surrounding darkness. The texture of the hair and fabric appears soft and rendered with visible brushwork, though the details are not sharply defined. The image is framed with a dark, uneven border, suggesting it is an old painting."
Ukiyo_e/utagawa-kuniyoshi_shimamura-danjo-takanori-riding-the-waves-on-the-backs-of-large-crabs.jpg,"A warrior, clad in ornate armor, stands in the center of the image, surrounded by turbulent waves. He holds a long pole with a blade at its top, and multiple swords are visible around him — one above his head, another to his left, and a third to his right. His face is painted with a fierce expression, and his hair is dark and thick. The armor is detailed with intricate patterns and gold accents, and he wears a wide, decorated hat. The background is filled with swirling, stylized waves in shades of blue and green, with white foam and dark shadows. The warrior’s body is angled slightly to the left, and his arms are raised, holding weapons. The image has a flat, printed quality with bold lines and vibrant, contrasting colors. The overall composition is dynamic, with the warrior as the central focus, surrounded by motion and chaos. The depth of the image is varied, with the warrior appearing closest to the viewer, while the waves recede into the background. The colors are rich and saturated, with deep blues, greens, and golds dominating the scene. The texture of the image suggests a printed woodblock style, with sharp, defined lines and areas of solid color. The warrior’s posture and the surrounding elements suggest a moment of intense action or confrontation. The image is framed with text on the right side, written in vertical Japanese characters, and a small seal in the bottom left corner. The overall impression is one of power, movement, and intensity."
Early_Renaissance/domenico-ghirlandaio_vaulting-of-the-sassetti-chapel.jpg,"The artwork shows a ceiling fresco with a central cross-shaped structure, divided into four triangular sections by intersecting beams. At the center of the cross is a small, circular, light-colored medallion. Above the cross, in the upper center, a figure in golden robes is depicted floating, surrounded by clouds and a blue sky. In each of the four triangular sections, a figure with wings is shown seated on a cloud, holding a scroll. The figure in the lower center is seated, wearing robes of orange and purple, holding a scroll, and surrounded by a halo. The entire composition is set against a dark blue background, with decorative borders along the beams containing floral and geometric patterns. The beams themselves are framed with ornate, gold-leafed borders. The fresco appears to be on a vaulted ceiling, with the central cross structure suggesting a church interior. The figures are arranged symmetrically around the center, with the central figure positioned at the lowest point of the cross. The colors are dominated by deep blues, golds, and muted earth tones, with the robes of the figures showing varied hues of orange, purple, and green. The texture of the fresco suggests aged plaster and paint, with visible signs of wear and discoloration. The depth of the image is varied, with the central cross and figures appearing to be at mid-depth, while the surrounding decorative borders and background are slightly more distant. The overall impression is one of solemnity and reverence, with the figures appearing to be in a state of contemplation or divine presence."
Northern_Renaissance/albrecht-durer_study-of-drapery-1521.jpg,"A figure stands centered in the image, completely covered by a heavy, draped fabric that hangs in deep folds and creases. The material appears thick and textured, with a metallic sheen that catches light in uneven patterns, suggesting a reflective or satin-like surface. The fabric drapes from the top of the frame downward, obscuring the figure’s head, shoulders, and body entirely, leaving only the silhouette of the form beneath. The figure’s posture is upright, but motionless, with no visible limbs or gestures. The background is a flat, dark surface, divided into vertical bands of varying gray tones — a lighter gray on the left and right edges, and a very dark, almost black center behind the figure. The fabric’s surface shows fine, repeating lines that appear to be a woven or embossed pattern, visible in the lighted areas. The overall impression is one of stillness and concealment, with the fabric’s weight and folds suggesting it is not a simple cloth but a substantial, possibly ceremonial or ritualistic covering. The image is monochromatic, using shades of gray, silver, and dark slate, with no color present. The depth of the image is shallow, with the fabric appearing closest to the viewer, while the background recedes into darkness, creating a strong sense of isolation. The figure’s form is not fully defined, but its presence is emphasized by the way the fabric hangs and the contrast with the dark background."
Northern_Renaissance/albrecht-durer_all-saints-picture-1511.jpg,"The artwork depicts a large, arched scene filled with many figures, centered on a man nailed to a cross. Above him, a figure in a golden crown and robes stands on a green and blue drape, holding a banner with the word “INRI.” Surrounding the cross are numerous angels and other figures, some with wings, in a sky filled with clouds and light. Below, a crowd of people in varied clothing gathers, some kneeling, others standing, with some figures appearing to be in motion or reaching upward. In the lower portion, a landscape with hills and trees is visible, and a small figure stands near the bottom right corner. The composition is dense, with figures arranged in layers, some closer to the viewer and others receding into the background. The central cross and the figure above it are positioned at the top center, while the crowd below occupies the lower half. The colors are rich and varied, with deep reds, blues, golds, and earth tones dominating the scene. The textures suggest fabric, skin, and stone, with some areas appearing smooth and others rough or detailed. The lighting is bright and focused on the central figures, creating a strong contrast with the darker areas around them. The overall impression is one of a crowded, dramatic scene with a clear focal point at the center."
Ukiyo_e/utagawa-kuniyoshi_the-ghost-in-the-lantern.jpg,"A woman in a dark robe sits in the foreground, her body angled slightly to the left, her head turned toward the right, looking upward. Her hands are visible, one resting on her lap, the other slightly raised with fingers spread. Behind her, dominating the upper portion of the image, is a large, cylindrical object resembling a paper lantern, its surface marked with vertical ridges. Within the lantern’s interior, a pale, ghostly figure with wide, red eyes and long, flowing black hair appears to be emerging from or surrounded by flames rendered in orange and pink hues. The figure’s face is smooth and expressionless, with a slightly open mouth. The lantern’s rim is visible at the bottom, and the entire structure appears to float or be positioned behind the woman. The background is a flat, dark gray. The woman’s robe is black with a blue lower section, and her hair is styled in a dark, high bun. The overall color palette is muted, dominated by dark gray, black, and the pale goldenrod of the lantern’s interior and the flames. The depth of the image is uneven, with the woman and the lantern appearing to be at similar distances from the viewer, while the background remains flat and indistinct."
Rococo/giovanni-battista-tiepolo_the-beheading-of-john-the-baptist-1733.jpg,"The painting depicts a dramatic scene inside a stone-walled room, likely a prison or dungeon, with a central figure lying on a stone slab, appearing lifeless, covered partially by a white cloth and an orange-red fabric. To the left, a man in a yellow vest and white tunic stands over the body, holding a sword and leaning forward with a grim expression. Another figure, bent over, is near the left edge, holding a large metal plate. A small white and black dog is near the bottom right, standing on the stone floor. In the center-right, a group of people gathers: one man in a green robe and a woman in a light-colored robe with a patterned shawl are standing close together, with the woman gesturing toward the central figure. Behind them, a child in blue clothing is visible, and to the far right, a woman in orange clothing sits with her hands clasped. A pillar is visible on the right side of the composition, and a barred window is in the background. The scene is framed by a curved, gold-embossed border. The lighting is dim, with a single source illuminating the central area, casting shadows that emphasize the depth and tension. The colors are muted, dominated by rosy brown, black, and dark olive green, with the orange-red fabric and white cloth providing contrast. The textures suggest rough stone walls, coarse fabrics, and the metallic sheen of the sword and plate. The depth is varied, with the foreground elements, such as the slab and the dog, appearing closest, while the background figures and barred window recede into shadow."
Early_Renaissance/benozzo-gozzoli_st-augustine-departing-for-milan-1465.jpg,"The artwork depicts a group of people gathered in an outdoor setting, with a cityscape visible in the background under a sky with clouds. Two figures in white robes, appearing to be angels, are positioned at the top corners of the composition, each holding a rope or chain that extends downward. Between them, a rectangular panel contains Latin text. In the foreground, several individuals are present, including those standing near horses—one white and one brown—along with a small dog near the brown horse. A person in a red garment stands on the right side of the composition, while another figure in a dark robe is on the left. The figures are arranged in a loose cluster, with some facing toward the center and others turned away or looking in different directions. The background shows a detailed city with buildings and hills, suggesting a landscape. The overall color palette is muted, dominated by dark grays and earth tones, with some reds and browns in the clothing and horses. The depth of the scene is varied, with some figures and objects appearing closer to the viewer and others receding into the background. The composition is framed by ornate, carved borders on the left and right sides, which contain small sculpted figures. The texture of the painting suggests a flat, painted surface with no visible brushwork or material texture beyond the painted forms."
Art_Nouveau_Modern/carl-larsson_convalescence(1).jpg,"A woman lies in a bed positioned centrally in the room, covered by a light-colored blanket that drapes over her body and extends to the floor. Her head rests on a pillow, and her arms are positioned along her sides. To the right of the bed, a small table holds a vase with pink flowers and a teacup. To the left of the bed, a wooden stool stands near a draped cloth, and behind it, a chair with a cloth over it is visible. The walls are covered in patterned wallpaper, and a small framed picture hangs on the wall above the bed. The floor is a solid, warm-toned surface, and the overall lighting is soft and even, with no strong shadows. The colors are muted, dominated by rosybrown, sienna, and snow-white tones. The bed frame and furniture are simple and unadorned, with no visible decorative elements. The depth of the scene is moderate, with the bed and table in the mid-ground and the walls and furniture receding into the background. The woman’s posture suggests she is resting or asleep, and there is no indication of movement or interaction with other objects."
Realism/vasily-sadovnikov_interior-of-trinitarian-church-in-vilnius-lithuania-1846.jpg,"The artwork depicts the interior of a grand, domed church or chapel, viewed from the center of the nave. The space is symmetrical, with a high, arched ceiling that curves upward and inward, supported by decorative ribs and framed by ornate, light-colored stonework. At the far end, a large, central altar is visible, flanked by two smaller altars, one on the left and one on the right. The central altar is elevated and features a prominent, gilded religious image or statue, surrounded by sculpted figures and intricate carvings. Above it, a circular medallion or clock-like device is set into the wall. The walls are lined with arched niches, each containing statues or reliefs, and the space is illuminated by light entering through tall, narrow windows set high in the walls. The floor is a flat, light-colored surface, and in the foreground, several figures are seated or standing near the altar area, appearing to be in a state of worship or contemplation. The overall color palette is dominated by muted tones of tan, gray, and saddle brown, with some areas of gold or darker shadow. The depth of the space is conveyed through the perspective, with the central altar appearing farthest away and the figures in the foreground closest to the viewer. The architectural elements, such as the arches and columns, create a sense of verticality and grandeur, while the figures are small in comparison, emphasizing the scale of the space. The lighting is diffuse, with no strong shadows, suggesting an interior lit by natural light filtered through the windows. The textures appear smooth and polished, with some areas showing signs of wear or age. The overall impression is one of solemnity and reverence, with the architecture and the presence of the figures suggesting a place of worship."
Symbolism/harry-clarke_tales-of-mystery-and-imagination-by-edgar-allan-poe-1923-15.jpg,"A tall, ornate clock stands on the left side of the image, its face showing the time as approximately 12:05. To the right, a skeletal figure, wrapped in thick, white ribbons that drape over its body and extend toward the floor, stands upright. The skeleton’s head is crowned with a decorative, possibly animal-headed mask, and its right hand is raised, holding a small, ornate object. Behind the skeleton, a group of figures in dark, formal attire are gathered, their faces turned toward the skeleton, appearing to observe it. The floor is tiled in a grid pattern, and the background features heavy, patterned drapes and architectural elements that suggest an interior space. The overall scene is rendered in high contrast, with stark black and white lines defining forms, and the image has a flat, graphic quality typical of woodcut or linocut prints. The skeleton’s ribbons trail across the floor, and a small dagger lies near its feet. The depth of the image is uneven, with the clock and the skeleton being the most prominent, and the background figures appearing further away. The image is signed in the bottom left corner, though the signature is not legible."
Realism/isaac-levitan_by-the-seashore-1886.jpg,"The artwork depicts a rocky shoreline with calm water extending to a distant horizon. A large, dark boulder dominates the center-left, partially submerged, with its shadowed underside and rough texture visible. Smaller rocks and pebbles cover the foreground, sloping gently toward the water. The water is rendered in muted blues and grays, with gentle ripples and reflections of the sky. The sky is a flat, pale, off-white, suggesting overcast or hazy conditions. No figures are present. The composition is anchored by the boulder and the rocky foreground, with the water and distant horizon forming the background. The scene is devoid of movement or activity. The colors are subdued, dominated by earthy browns, grays, and muted blues, with no strong contrasts. The texture of the rocks appears rough and uneven, while the water surface is smooth and reflective. The overall impression is one of quiet stillness and natural ruggedness."
Rococo/william-hogarth_caliban-from-the-tempest-of-william-shakespeare.jpg,"A muscular, bare-chested figure with dark, disheveled hair and a grimacing expression is shown in a dynamic, forward-leaning pose. The figure’s left arm is raised, gripping a bundle of sticks or wood that extends across the upper portion of the image, while the right arm is bent and pulled back. The figure’s legs are positioned as if stepping forward, with the left foot slightly ahead, and the right foot planted on a low, dark step or ledge. The figure’s lower body is partially draped in a rough, tattered cloth that hangs loosely around the waist and thighs. The figure’s skin appears textured and uneven, with visible muscle definition and a rough, almost scaly quality to the skin on the legs and feet. The figure’s feet are bare, with toes splayed, and the right foot is resting on the step. The background is dark and indistinct, with no clear objects or figures visible. The figure’s face is turned slightly to the left, with the eyes wide and the mouth open in a grimace. The figure’s head is tilted slightly to the right. The figure’s left shoulder is slightly raised, and the right shoulder is slightly lowered. The figure’s arms are positioned in a way that suggests movement, with the left arm raised and the right arm bent. The figure’s hands are clenched into fists, with the left hand gripping the bundle of sticks and the right hand clenched. The figure’s body is positioned in a way that suggests movement, with the left leg slightly ahead and the right leg slightly behind. The figure’s posture suggests a sense of urgency or determination. The figure’s face is turned slightly to the left, with the eyes wide and the mouth open in a grimace. The figure’s head is tilted slightly to the right. The figure’s left shoulder is slightly raised, and the right shoulder is slightly lowered. The figure’s arms are positioned in a way that suggests movement, with the left arm raised and the right arm bent. The figure’s hands are clenched into fists, with the left hand gripping the bundle of sticks and the right hand clenched. The figure’s body is positioned in a way that suggests movement, with the left leg slightly ahead and the right leg slightly behind. The figure’s posture suggests a sense of urgency or determination. The figure’s face is turned slightly to the left, with the eyes wide and the mouth open in a grimace. The figure’s head is tilted slightly to the right. The figure’s left shoulder is slightly raised, and the right shoulder is slightly lowered. The figure’s arms are positioned in a way that suggests movement, with the left arm raised and the right arm bent. The figure’s hands are clenched into fists, with the left hand gripping the bundle of sticks and the right hand clenched. The figure’s body is positioned in a way that suggests movement, with the left leg slightly ahead and the right leg slightly behind. The figure’s posture suggests a sense of urgency or determination. The figure’s face is turned slightly to the left, with the eyes wide and the mouth open in a grimace. The figure’s head is tilted slightly to the right. The figure’s left shoulder is slightly raised, and the right shoulder is slightly lowered. The figure’s arms are positioned in a way that suggests movement, with the left arm raised and the right arm bent. The figure’s hands are clenched into fists, with the left hand gripping the bundle of sticks and the right hand clenched. The figure’s body is positioned in a way that suggests movement, with the left leg slightly ahead and the right leg slightly behind. The figure’s posture suggests a sense of urgency or determination. The figure’s face is turned slightly to the left, with the eyes wide and the mouth open in a grimace. The figure’s head is tilted slightly to the right. The figure’s left shoulder is slightly raised, and the right shoulder is slightly lowered. The figure’s arms are positioned in a way that suggests movement, with the left arm raised and the right arm bent. The figure’s hands are clenched into fists, with the left hand gripping the bundle of sticks and the right hand clenched. The figure’s body is positioned in a way that suggests movement, with the left leg slightly ahead and the right leg slightly behind. The figure’s posture suggests a sense of urgency or determination. The figure’s face is turned slightly to the left, with the eyes wide and the mouth open in a grimace. The figure’s head is tilted slightly to the right. The figure’s left shoulder is slightly raised, and the right shoulder is slightly lowered. The figure’s arms are positioned in a way that suggests movement, with the left arm raised and the right arm bent. The figure’s hands are clenched into fists, with the left hand gripping the bundle of sticks and the right hand clenched. The figure’s body is positioned in a way that suggests movement, with the left leg slightly ahead and the right leg slightly behind. The figure’s posture suggests a sense"
High_Renaissance/pinturicchio_the-glory-of-st-bernardino-1486.jpg,"The artwork depicts a large, arched ceiling fresco above a church altar, showing a religious scene with multiple figures. At the center of the upper portion, a central figure stands on a cloud, surrounded by angels and other figures in a heavenly setting. Below, a central figure in a white robe stands on a rocky outcrop, holding a book, flanked by two other figures in robes—one on the left in gold and blue, one on the right in gray. Behind them, a landscape with trees, mountains, and a palm tree stretches across the background. The fresco is framed by architectural elements, including a stone arch above and decorative wall panels on either side. In the foreground, a wooden altar with two white candles on stands sits beneath the fresco. To the left of the altar, a plaque with engraved text is mounted on the wall. The overall color palette is muted, dominated by dark grays, browns, and faded blues, with some areas of gold and red in the fresco. The fresco appears to be painted on a curved, arched surface, and the altar is positioned directly beneath it, centered in the composition. The depth of the scene is suggested by the perspective, with the altar and plaque in the foreground, the fresco in the middle ground, and the distant landscape and ceiling in the background. The figures in the fresco are arranged in a hierarchical manner, with the central figure appearing to be the focal point, and the surrounding figures arranged in a symmetrical, balanced composition. The altar and plaque are positioned at the center of the lower portion of the image, while the fresco occupies the upper portion, creating a clear visual division between the foreground and background. The lighting in the fresco is diffuse, with no strong directional light, and the textures appear flat and painted, consistent with fresco technique. The altar and plaque are made of wood and stone, with the candles appearing to be made of wax. The fresco is painted on a curved, arched surface, and the architectural elements surrounding it are made of stone. The overall impression is one of solemnity and reverence, with the figures in the fresco appearing to be engaged in a religious or spiritual activity. The altar and plaque are positioned at the center of the lower portion of the image, while the fresco occupies the upper portion, creating a clear visual division between the foreground and background. The depth of the scene is suggested by the perspective, with the altar and plaque in the foreground, the fresco in the middle ground, and the distant landscape and ceiling in the background. The figures in the fresco are arranged in a hierarchical manner, with the central figure appearing to be the focal point, and the surrounding figures arranged in a symmetrical, balanced composition. The altar and plaque are positioned at the center of the lower portion of the image, while the fresco occupies the upper portion, creating a clear visual division between the foreground and background. The depth of the scene is suggested by the perspective, with the altar and plaque in the foreground, the fresco in the middle ground, and the distant landscape and ceiling in the background. The figures in the fresco are arranged in a hierarchical manner, with the central figure appearing to be the focal point, and the surrounding figures arranged in a symmetrical, balanced composition. The altar and plaque are positioned at the center of the lower portion of the image, while the fresco occupies the upper portion, creating a clear visual division between the foreground and background. The depth of the scene is suggested by the perspective, with the altar and plaque in the foreground, the fresco in the middle ground, and the distant landscape and ceiling in the background. The figures in the fresco are arranged in a hierarchical manner, with the central figure appearing to be the focal point, and the surrounding figures arranged in a symmetrical, balanced composition. The altar and plaque are positioned at the center of the lower portion of the image, while the fresco occupies the upper portion, creating a clear visual division between the foreground and background. The depth of the scene is suggested by the perspective, with the altar and plaque in the foreground, the fresco in the middle ground, and the distant landscape and ceiling in the background. The figures in the fresco are arranged in a hierarchical manner, with the central figure appearing to be the focal point, and the surrounding figures arranged in a symmetrical, balanced composition. The altar and plaque are positioned at the center of the lower portion of the image, while the fresco occupies the upper portion, creating a clear visual division between the foreground and background. The depth of the scene is suggested by the perspective, with the altar and plaque in the foreground, the fresco in the middle ground, and the distant landscape and ceiling in the background. The figures in the fresco are arranged in a hierarchical manner, with the central figure appearing to be the focal point, and the surrounding figures arranged in a symmetrical, balanced composition. The altar and plaque are positioned at the center of the lower portion of the"
Symbolism/konstantin-somov_a-greedy-monkey.jpg,"A table covered with a white cloth holds a large, overflowing pile of fruit, including apples, grapes, bananas, and a large orange-colored gourd. To the left, a silver vase holds a bouquet of colorful flowers, and next to it, a small glass and a plate are visible. A monkey sits on a wooden stool to the right, holding a banana in one hand and a white plate in the other, appearing to eat the banana. Behind the monkey, a person in a dark dress and white cap stands near a window, pulling back dark curtains. A framed painting hangs on the wall to the left, depicting a figure in a landscape. The scene is lit by light from the window, casting shadows, and the overall color palette is dominated by dark grays, silvers, and muted tones, with the fruit and flowers providing brighter, contrasting colors. The monkey is positioned in the foreground on the right, the fruit pile occupies the center foreground, the person is in the mid-ground behind the curtain, and the vase and flowers are on the left foreground. The table and its contents are closest to the viewer, while the person and the window are further back. The textures suggest painted surfaces, with the fruit and flowers appearing detailed and the monkey’s fur rendered with visible brushwork."
Baroque/cornelis-norbertus-gysbrechts_trompe-l-oeil-with-studio-wall-and-vanitas-still-life-1668.jpg,"The artwork shows a wooden wall with a central shelf holding a dark, arched opening. Inside the opening, a human skull rests on a pile of straw, surrounded by a brass candlestick, a dark glass mug, and scattered papers. To the right of the opening, a small brass object and a rolled-up piece of paper are visible. On the shelf below, a long red-handled paintbrush lies diagonally, with a paint palette to its left and a bundle of brushes tied with a white cloth to its right. Several small, oval portrait medallions hang on the wall to the left, and a small glass bottle hangs from the paintbrush handle. The wall is made of light-colored, weathered wood with visible grain and knots. The lighting is dim, with shadows cast across the scene, and the overall color palette is dominated by dark olive green, black, and tan. The objects are arranged in a way that suggests a cluttered, possibly abandoned, artist’s workspace."
Baroque/cornelis-de-vos_the-triumph-of-bacchus.jpg,"A central figure, a large, nude man with a green wreath on his head, sits atop a golden, ornate cart. He holds a circular object in one hand and has a smaller, draped figure seated on his lap, facing forward. To the right, a small child offers a bunch of grapes to the central figure. Around them, several other figures are present: one man on the left raises his arm, another behind the central figure leans in with a grimace, and a third figure on the far right bends over a donkey. A tiger stands in the bottom left corner, tethered by a red rope. The cart’s wheels and harness are detailed with gold and dark tones. The background is a dark, wooded area with indistinct foliage. The foreground is dominated by the cart, the tiger, and the donkey, with the central figures positioned slightly above them. The lighting is dim, with shadows and highlights suggesting a single light source from above. The colors are mostly muted, with dark olive green, gray, and wheat tones dominating, contrasted by the gold of the cart and the red of the rope. The textures appear rough and heavy, with the skin of the figures rendered in a way that suggests physicality and weight. The depth is shallow, with the central figures and the cart closest to the viewer, while the background and distant figures are blurred and less defined."
Ukiyo_e/hiroshige_ashida.jpg,"A wide, rolling green hillside stretches across the image, sloping gently from left to right. Along the lower left, a narrow path winds through the grass, populated by small figures of people walking or standing, some carrying bundles or baskets. The path is flanked by tall, dark trees on both sides, their trunks straight and their canopies dense and rounded. To the right, the hill rises steeply, covered in similar dark trees, with a darker, shadowed slope behind them. In the distance, beyond the trees, a faint outline of a mountain or ridge appears under a pale blue sky that fades to white near the horizon. On the left side of the image, near the top, there is vertical Japanese text and a red seal, and on the right side, near the bottom, there is another vertical inscription and a circular seal. The overall color palette is dominated by green, dark gray, and blue, with the sky being the only area of lighter tone. The texture of the grass is suggested by small, scattered dots, and the trees are rendered with solid, dark forms. The figures are small and indistinct, appearing to move along the path, with no clear focal point on any individual. The depth of the scene is suggested by the layering of the hill, the path, and the distant ridge, with the foreground elements appearing closer and the background elements receding into shadow."
Art_Nouveau_Modern/nicholas-roerich_sketch-of-tsar-dodon.jpg,"The artwork shows a sketch of two figures in a dynamic, intertwined pose. One figure, positioned on the left, appears to be leaning forward with their body curved, while the other figure, to their right, is also bent and seems to be in close contact with the first. Their forms are loosely defined with sketchy lines, suggesting movement or tension. The drawing is done in monochrome, using dark gray and silver tones on a light, textured background. The majority of the image is dominated by the far depth band, meaning the figures are rendered as if they are far away from the viewer, with very little sense of immediate spatial proximity. The sketch lacks clear foreground or background separation, and the forms are not sharply defined, making it difficult to discern specific objects or precise spatial relationships beyond the general positioning of the two figures."
Baroque/canaletto_a-regatta-on-the-grand-canal-1732.jpg,"The artwork depicts a wide canal flanked by tall buildings on both sides, with numerous boats and people moving along the water and along the embankments. In the foreground, several boats are visible, including one with figures standing and rowing, and another with people seated. On the left, a large building with ornate architectural details rises along the canal’s edge, with people gathered on its balconies and walkways. On the right, a row of buildings extends into the distance, their facades showing signs of age and wear. The canal is filled with various vessels, some with ornate decorations, and many figures are visible on them, some rowing, others standing or sitting. The sky above is light blue with scattered clouds, and the overall scene suggests a busy, active waterway. The lighting is even, with no strong shadows, and the colors are muted, dominated by grays, browns, and dark tones. The depth of the scene is conveyed through the perspective, with the buildings and boats receding into the distance, and the foreground elements appearing closer and more detailed. The water surface reflects the light and the surrounding structures, adding to the sense of depth and realism. The overall impression is one of a bustling, lively urban environment, with a strong sense of spatial depth and activity."
Northern_Renaissance/hieronymus-bosch_the-garden-of-earthly-delights-1515-6.jpg,"The artwork depicts a group of nude figures in a crowded, chaotic arrangement. In the upper left, a large fish with a visible eye and gill area is positioned near the top edge. Below it, a figure with light skin and short hair stands with arms extended, appearing to hold or interact with the fish. To the right, another figure with light skin and a head tilted back is seated or crouched, facing away from the viewer. A third figure, also nude and with light skin, is positioned in the center foreground, kneeling or crouching with one arm extended toward the left. A fourth figure, partially visible on the far right, is seated with a head turned to the side, and a small dark object resembling a berry or fruit is near their shoulder. The background consists of a dark olive-green area on the left and a reddish-brown area on the right, with a vertical strip of dark, possibly textured material running down the center. The figures are arranged in a dense, overlapping composition, with no clear separation between them. The overall color palette is dominated by rosy brown, dark olive green, and tan. The textures appear flat and painted, with no visible brushwork or material detail. The depth of the scene is uneven, with the central figures appearing closer to the viewer, while the background elements are more distant. The lighting is flat and even, with no strong shadows or highlights."
Abstract_Expressionism/william-baziotes_untitled-blue-and-burnt-orange-1960.jpg,"The artwork depicts a stylized scene with a large, abstract, light-colored shape in the center, resembling a boat or vessel, set against a brown background. Above this central form, a horizontal, broken band of light and dark stripes floats near the top edge. Below, a blue area suggests water, with a small, white, rounded shape near the bottom center, possibly representing a buoy or a splash. Thin, curved lines appear to drift across the image, connecting or surrounding the central form. The overall composition is flat and abstract, with no clear figures or realistic objects. The colors are muted, dominated by rosybrown, darkgray, and lightgray, with the blue water area providing a contrast. The texture appears smooth, with no visible brushwork or roughness, and the forms are defined by simple outlines and solid color fields. The central shape is positioned in the middle of the frame, with the water area at the bottom and the striped band at the top. The thin lines curve around the central form and extend toward the edges, suggesting movement or connection. The depth is not clearly defined, with most of the image appearing to be at mid-depth, and the elements are arranged in a way that suggests a flat, two-dimensional surface."
Abstract_Expressionism/richard-diebenkorn_untitled-albuquerque.jpg,"The artwork shows an abstract composition made of broad, layered areas of color. A large central mass of warm, earthy tones—primarily peru and burlywood—dominates the center and lower half of the piece. At the top, a thick horizontal band of black stretches across the upper edge, with irregular, broken edges. Below this, a thin, uneven strip of off-white or pale beige runs along the top edge, separating the black from the central area. Near the bottom, a solid band of deep red occupies the lower portion, bordered above by a thin, jagged line of off-white or pale beige. The surface has visible texture from brushwork, with some areas appearing more blended and others more rough or scraped. The depth of the image varies, with the central area appearing closest, while the top and bottom edges are slightly farther away, creating a sense of layered planes. The black area at the top is the most distant, while the red band at the bottom is the closest. The overall impression is one of heavy, textured color fields with no clear figures or objects."
Pop_Art/claes-oldenburg_two-cheeseburgers-with-everything-dual-hamburgers-1962.jpg,"Two cheeseburgers are displayed side by side on a flat, light-colored surface. Each burger consists of a top bun, a layer of yellow cheese, a slice of red jam, a layer of white cheese, a dark patty, and a bottom bun. Beneath the buns, there is a thick, textured green layer that appears to be lettuce or spinach. The entire assembly is presented as a single, solid object with no visible separation between the two burgers. The surface they rest on is plain and light in color, with no other objects or background elements visible. The texture of the food appears rough and painted, with visible brushstrokes and uneven surfaces. The colors are muted, dominated by greens, yellows, reds, and dark browns, with no strong lighting or shadows indicating depth or dimensionality. The overall composition is centered and symmetrical, with the two burgers occupying the central area of the frame."
Northern_Renaissance/albrecht-durer_portrait-of-a-man-damia-van-der-goes.jpg,"A man is depicted in a half-length portrait, shown from the chest up. He wears a wide-brimmed sun hat that sits low on his head, casting a shadow over his forehead. His head is turned slightly to his right, with his gaze directed toward the viewer’s left. He has curly hair visible beneath the hat and a full beard. He is dressed in a garment with a thick, textured fur collar that covers his shoulders and neck. The background is dark and indistinct, with no discernible objects or architectural features. The image is rendered in monochrome, with varying shades of gray, suggesting a sketch or drawing. The fur collar and the hat are the most prominent physical features, with the fur showing fine, directional strokes that indicate texture. The man’s face is in partial shadow, with light catching his cheek and the side of his nose, creating contrast. The overall composition is centered on the man’s head and shoulders, with no other figures or objects present. The depth of the image is uneven, with the fur collar and hat appearing closer to the viewer, while the background recedes into darkness."
Color_Field_Painting/mark-rothko_violet-black-orange-yellow-on-white-and-red.jpg,"The artwork shows a flat, abstract composition divided into horizontal bands of color. A large, solid magenta rectangle occupies the upper half, centered and framed by a thin, uneven white border. Below it, a narrow black horizontal band stretches across the width, separating the magenta from the lower section. The lower section is composed of two stacked horizontal bands: the top one is a textured, muted orange-yellow, and the bottom one is a solid, bright yellow. The entire composition is enclosed by a thick, irregular white border that appears to be applied with a brush, with visible texture and uneven edges. On the left and right sides, thin vertical streaks of reddish-orange run along the inner edge of the white border, slightly overlapping it. The surface has a matte finish, with no visible brushstrokes or texture beyond the painted areas, and the colors are applied in broad, flat planes. The depth is not represented in the image; the entire surface appears flat, with no indication of perspective or three-dimensional form."
Romanticism/dante-gabriel-rossetti_portrait-of-elizabeth-siddal-1865.jpg,"A woman is shown in profile, facing toward the right side of the image. Her head is turned slightly away from the viewer, with her eyes looking forward and her mouth closed. Her hair is long, dark brown, and pulled back, with a section falling over her left shoulder. She is wearing a dark green garment that covers her shoulders and upper chest. The background is a flat, warm, golden-brown color. The image is signed in the lower right corner with a circular monogram and the years “1855–65.” The surface of the painting has a textured appearance, with visible brushwork and slight discoloration. The lighting is soft and even, with no strong shadows, and the colors are muted and earthy. The depth of the image is moderate, with the woman’s face and shoulders appearing closest to the viewer, while the background recedes into a uniform plane."
Baroque/annibale-carracci_translation-of-the-holy-house.jpg,"The artwork depicts a central figure of a woman seated on a cloud, holding a small child in her lap. Above her, two winged figures reach down, jointly holding a crown above her head. Below, a wooden crate-like structure is being carried by four winged figures, two on each side. The entire scene is set against a dark, cloudy sky, with the figures positioned in a vertical arrangement from top to bottom. The woman and child are centered in the upper half, while the figures carrying the crate are positioned lower, with two on the left and two on the right, their bodies angled to support the crate. The figures are in dynamic poses, with limbs extended and wings spread, suggesting motion. The lighting is dim, with a cool, muted palette dominated by dark blues, browns, and grays. The textures appear rough and heavy, especially in the wooden crate and the dark background, while the figures’ skin and clothing show softer, more defined contours. The depth is layered, with the central figures appearing closest, the crate and its carriers slightly farther, and the background sky receding into shadow. The overall composition is dense and crowded, with no clear foreground or background separation."
Romanticism/gustave-dore_don-quixote-149.jpg,"The artwork depicts a somber scene centered on a man lying in a bed, appearing to be dying, surrounded by several other figures. He is covered with a white sheet, his head resting on a pillow, and his eyes are open, looking toward the viewer. To his left, a woman sits in a chair, her head bowed and her hand resting on her face, suggesting grief. To his right, a man sits on the floor, leaning forward with his hands clasped, and another woman kneels beside the bed, her back to the viewer. Behind the bed, several other figures stand in shadow, their forms indistinct but clearly present. The bed is framed by heavy curtains, and the room is dimly lit, with light focused on the central figures, leaving the background in deep shadow. The floor is visible in the foreground, and the overall composition suggests a moment of intense emotional weight. The image is rendered in grayscale, with strong contrasts between light and dark areas, emphasizing the gravity of the scene. The textures suggest fabric, wood, and skin, though details are not sharply defined. The depth of the image is varied, with the central figures appearing closest to the viewer, while the background figures recede into shadow."
Symbolism/harry-clarke_tales-of-mystery-and-imagination-by-edgar-allan-poe-1923-11.jpg,"A tall, slender figure stands in the center of the image, wrapped in long, flowing strands that resemble fabric or rope, covering its body and limbs. The figure’s head is obscured by a textured, rounded cap, and its face is partially visible, showing a skeletal or gaunt expression. Its arms are extended outward, with one hand reaching upward and the other stretched to the side, as if grasping or pulling at the strands. The figure’s posture is dynamic, suggesting movement or tension. The background is divided into two vertical sections: a narrow, bright strip on the left and a dark, solid area on the right. The figure appears to be positioned against this division, with the bright strip behind its left side and the dark area behind its right. The strands hang down from the figure’s arms and body, some falling vertically, others curling or twisting, creating a sense of depth and movement. The image is rendered in black and white, with fine lines and textures suggesting a detailed, possibly etched or printed surface. The overall impression is one of tension, mystery, and perhaps a sense of entanglement or confinement. The figure’s feet are visible, planted firmly on the ground, and the lower part of its body is partially obscured by the flowing strands. The image is framed by a thin border, and the bottom left corner contains a small inscription, likely a signature or title, though it is not legible in detail. The depth of the image is shallow, with most of the visual weight concentrated in the central figure and the immediate surroundings, while the background remains flat and unbroken."
Symbolism/mikalojus-ciurlionis_the-goat-1904.jpg,"A painting shows a surreal interior scene with a couch in the center foreground, a tall, slender vase with two long, curved horns standing to its right, and a dense row of tall, thin, dark green cactus-like plants behind it. In the background, to the left, a large, ornate building with arched windows and a domed roof rises against a pale blue sky. Behind the cactus plants, distant purple mountains are visible. The couch is dark brown and occupies the lower left portion of the image. The vase is light blue and white, with a small red dot on its face, and stands on the ground near the right edge. The cactus plants are tall and thin, arranged in a vertical line, and appear to be in the mid-ground. The building is in the far background, to the left, and is partially obscured by green foliage. The sky is a flat, pale blue, and the mountains are a muted purple. The painting has a textured surface, with visible brushstrokes, and the colors are muted, with dominant tones of black, medium aquamarine, and dim gray. The depth of the image is varied, with the couch and vase in the foreground, the cactus plants in the mid-ground, and the building and mountains in the far background. The overall composition is static, with no movement or action depicted."
Mannerism_Late_Renaissance/paolo-veronese_st-francis-in-ecstasy.jpg,"The artwork depicts two men in dark robes seated on rocky ground within a wooded landscape. One man, positioned on the left side of the composition, is seated with his legs crossed, holding an open book or scroll and appearing to read. The other man, located toward the center-right, is seated on a rock, his body angled upward and to the right, with his right arm extended outward and his head tilted back as if reaching toward a light source or divine presence. The scene is framed by dense trees and foliage, with the background suggesting a hazy, atmospheric sky. The entire composition is enclosed within an ornate, gilded, cloud-shaped frame. The dominant colors are dark, earthy tones—black, dark olive green, and brown—with some lighter areas suggesting light filtering through the trees or reflecting off surfaces. The textures appear to be rendered with soft, blended brushwork, typical of oil painting, and the depth of the scene is suggested by the layering of foliage and rock, with the foreground elements appearing closer and more detailed than the distant background."
Ukiyo_e/katsushika-hokusai_portrait-of-a-man-of-noble-birth-with-a-book.jpg,"A man, shown in a half-length portrait, is depicted from the chest up, facing slightly to the viewer’s left. He wears a dark robe with a wide, lighter-colored sash around his neck and shoulders, and the robe’s shoulders are decorated with circular, three-lobed emblems. His hair is styled in a traditional topknot, with the back shaved close to the scalp. His hands are positioned on a flat, rectangular object that appears to be a folder or book, held in front of his body. The background is a plain, muted gray-blue, with no discernible objects or details. The lighting is even, with no strong shadows, and the colors are subdued, dominated by black, tan, and dim gray. The image has a flat, slightly grainy texture, suggesting it is a reproduction or print. The man’s expression is neutral, with a slight hint of a smile, and his eyes are directed toward the viewer’s left. The depth of the image is shallow, with the man’s face and hands in the foreground, and the background receding quickly. The folder is held close to the center of the frame, and the man’s body is positioned slightly to the right of center. The robe’s edges and the folder’s surface are the most detailed areas, with the rest of the image appearing smooth and untextured."
Romanticism/theodore-gericault_five-horses-seen-from-behind-with-croupes-in-a-stable-1822.jpg,"The artwork depicts four animals, likely horses or donkeys, standing side by side in a row, viewed from behind. Each animal is covered with a blanket that has a patterned edge, possibly red and white or orange and white, and the blankets appear to be tied or secured around their bodies. The animals are positioned in a line, with their rear ends facing the viewer, and their legs are visible, standing on a surface that appears to be straw or hay. The background is dark and indistinct, suggesting a stable or barn-like setting with a low, possibly wooden or stone, wall or structure behind them. The foreground is dominated by the straw-covered ground, which is textured and uneven. The overall color palette is muted, consisting of earthy tones such as sienna, dark slate gray, and dark khaki. The lighting is dim, with no strong highlights or shadows, giving the scene a subdued and somewhat somber atmosphere. The depth of the image is shallow, with the animals and the ground in the foreground appearing closest, while the background is blurred and indistinct. The composition is static, with no movement or action depicted, and the animals are stationary, facing away from the viewer. The texture of the blankets and the straw is visible, suggesting a rough, tactile surface. The image does not contain any other objects or figures, and the focus is entirely on the animals and their immediate surroundings."
Symbolism/james-tissot_jacob-mourns-his-son-joseph.jpg,"A group of people is gathered closely around a central figure who is seated and appears to be in distress, with their head bowed and hands covering their face. Several individuals surround them, some kneeling or crouching, others standing, all focused on the central figure. Their postures suggest concern or sorrow; some lean forward, others have hands on their heads or chests. The scene is set indoors, with a plain floor visible at the bottom. The figures are dressed in robes of muted, earthy tones—mostly browns, grays, and dull olive greens—with some wearing head coverings. The lighting is subdued and even, casting no strong shadows, and the overall texture of the image is flat and painterly, with no visible surface details like fabric weave or wood grain. The composition is tightly packed, with figures overlapping and filling the frame, creating a sense of crowded intimacy. The central figure is positioned slightly off-center, with most surrounding figures clustered around them, forming a semi-circular arrangement. The background is indistinct, suggesting a simple interior wall or space with no distinct objects. The floor occupies the lower portion of the image, appearing as a flat, unadorned surface."
Romanticism/francisco-goya_the-same.jpg,"A man stands in the center, raised high above others, holding a large axe above his head with both hands, as if preparing to strike. Below him, several other figures are on the ground, some lying and others struggling, with one figure to the left raising a fist and another to the right with a hand raised in a gesture of surrender or fear. The scene is crowded and chaotic, with bodies overlapping and limbs tangled. The background is a flat, light gray surface with no distinct features. The entire image is rendered in dark gray and black lines on a light gray ground, with no color variation. The texture appears rough and grainy, consistent with an etching or engraving. The depth is shallow, with most of the image appearing far away, and the central figure is the only one clearly in focus, while the others are blurred or indistinct. The axe is positioned at the top right, held aloft, and another axe is visible in the bottom left corner, lying on the ground. The figures are not clearly defined, but their poses suggest struggle, resistance, or submission."
Pop_Art/patrick-caulfield_bananas-and-leaves-1977.jpg,"The artwork shows a cluster of bright yellow bananas, outlined in black, positioned in the center of the image. These bananas are surrounded by green leaf shapes that appear to hang from above and to the sides, partially obscuring them. The background is a light gray surface overlaid with a pattern of dark blue silhouettes of leaves and branches. The entire composition is framed by a wide, solid dark green border that surrounds the central image.

The bananas are centrally located, with the green leaf shapes extending from the top and sides, creating a sense of enclosure. The blue leaf patterns are scattered across the gray background, appearing to be shadows or silhouettes cast by the green leaves. The green leaves are mostly concentrated around the bananas, with some extending toward the edges of the central area. The bananas themselves are arranged in a loose, overlapping cluster, with no clear indication of movement or action.

The colors are highly saturated and distinct: the bananas are a vivid yellow with a bold black outline, the leaves are a solid, deep green, the blue patterns are a rich, dark midnight blue, and the background is a flat, light gray. The green border is a uniform, dark green. The image has a flat, graphic quality, with no visible texture or surface detail, suggesting it is a printed or screen-based image. The depth is suggested by the layering of elements, with the bananas and leaves appearing to be in the foreground, and the blue patterns and background appearing to recede. The green border is the outermost layer, clearly separating the central image from the viewer."
Color_Field_Painting/gene-davis_niagara-1979.jpg,"The artwork shows an aerial view of a long, wide pathway or ramp with alternating stripes of color, including shades of blue, purple, pink, yellow, and gray. The stripes run diagonally from the upper left to the lower right, creating a strong visual pattern. On either side of the striped path, there are areas of grass and dirt, with some trees and small bushes scattered along the edges. A single pole with a small object attached to it stands near the center of the path, slightly to the right. In the foreground, two dark, rounded shapes are visible, possibly the tops of trees or large bushes, positioned near the bottom center of the image. The overall scene is set outdoors, with no visible people or moving objects. The colors are muted and appear to be printed or photographed, with no strong lighting effects. The depth of the image is varied, with most of the scene appearing far away, while the foreground elements are closer. The image is framed within a white border, and there is text at the bottom that appears to be a caption or credit, but it is not legible in detail."
Baroque/jan-steen_dancing-couple-detail-1663-1.jpg,"A man in the center of the image, wearing a dark coat over a gray shirt and a white ruffled collar, is shown from the chest up. He wears a reddish-brown cap with a feather protruding from the top and is smiling broadly, looking slightly to his right. To his left, another man is partially visible, holding a woven basket above his head with his right hand; this man is wearing a gray coat and has a dark, possibly bearded face. In the bottom right corner, the back of a third person’s head is visible, with dark hair. The background shows a landscape with trees and distant figures under a pale sky, suggesting an outdoor setting. The foreground is dominated by the central figure and the basket, with the background receding into depth. The image has a textured surface, with visible brushstrokes and cracks, and the color palette is dominated by dark olive green, dark gray, and black, with the red cap providing a small contrast. The lighting appears diffuse, with no strong shadows, and the overall impression is one of a candid, outdoor scene with figures in motion."
Romanticism/gustave-dore_daniel-s-vision-of-the-four-beasts.jpg,"The artwork depicts a turbulent sea under a dark, stormy sky, with four large, monstrous beasts emerging from the water. These beasts are shown in the center and upper portion of the image, their forms distorted and menacing, with limbs and tails extending into the waves. The sea is rendered with chaotic, swirling lines, suggesting violent motion. On the right side of the image, a large, dark, rocky outcrop juts into the water, partially obscuring the view. The foreground consists of rough, jagged rocks and turbulent water, with the surface of the sea appearing to churn and foam. The entire scene is rendered in monochrome, using varying shades of gray, with no discernible color. The texture is rough and grainy, created through fine, cross-hatched lines that suggest the chaotic energy of the scene. The depth of the image is conveyed through the layering of the sea, the beasts, and the rocks, with the foreground elements appearing closest and the distant horizon and sky fading into darker, more indistinct forms. The beasts are positioned in the center and upper half of the image, with their forms overlapping the water and sky, creating a sense of overwhelming presence. The rocks on the right are solid and heavy, contrasting with the fluid, chaotic motion of the sea and beasts. The overall impression is one of raw, untamed power and danger."
Realism/vincent-van-gogh_woman-s-head-1883.jpg,"A woman’s face is shown in profile, looking toward the right. She wears a dark, textured head covering that appears to be a cap or hood, with visible lines and folds suggesting fabric. Her face is rendered in high contrast, with deep shadows around the eye and cheek, and lighter areas defining the nose and mouth. The image is grainy and has a rough, sketch-like texture, with visible lines and smudges. The background is indistinct and dark, with no clear objects or spatial separation. The depth of the image is shallow, with the face appearing closest to the viewer, and the rest of the image fading into shadow. The overall impression is stark and focused on the facial features, with no other figures or objects present."
Realism/henri-de-toulouse-lautrec_bust-of-a-nude-man.jpg,"A man, shown from the side and slightly behind, occupies the center of the image. He is bare-chested, with dark hair and a mustache, and his head is turned toward the left, eyes closed or looking down. His body is angled away from the viewer, with his right arm bent and resting near his hip, and his left arm partially visible, suggesting a relaxed or casual posture. The background is a flat, textured surface in muted brown and dark khaki tones, with no distinct objects or features. The surface of the painting shows visible cracking, particularly across the man’s back and shoulders, indicating age. The lighting is subdued, with no strong highlights or shadows, and the overall color palette is dominated by earthy, desaturated tones. The depth of the image is shallow, with the figure appearing closest to the viewer, and the background receding quickly, with no discernible objects or spatial elements beyond the figure and the wall behind him."
Color_Field_Painting/charles-hinman_double-kite-1981.jpg,"The artwork shows a three-dimensional arrangement of folded paper-like shapes, appearing to be constructed from flat, rigid surfaces. The central object is a large, angular form composed of a bright orange-red section and a white section, intersecting at a sharp edge. Beneath this, a smaller, darker triangular form is visible, with one face black and the other a bright cyan. The forms are layered, with the orange-red and white shapes overlapping and extending toward the viewer, while the smaller triangle is positioned lower and partially obscured. The composition suggests depth, with the orange-red and white forms appearing closer and more prominent, while the smaller triangle is set further back. The surfaces are smooth and matte, with no visible texture or pattern. The lighting is even and diffuse, casting soft shadows that define the edges and angles of the forms, but there are no strong highlights or reflections. The overall impression is one of geometric abstraction, with clean lines and abrupt transitions between colors and planes."
Realism/maxime-lalanne_innenansicht-der-b-rse-handelsbeurs-von-antwerpen.jpg,"The artwork depicts a vast, ornate interior space, likely a hall or atrium, with high, intricate ceilings and multiple levels of arches and decorative railings. The structure is symmetrical, with a central open area flanked by rows of arched openings and columns. The ceiling is detailed with repeating patterns, including circular motifs and structural beams, and appears to be supported by a complex framework. The walls are lined with elaborate carvings and arches, and the floor is a flat, open space with faint lines suggesting a grid or pattern. Several small figures are scattered throughout the space, mostly near the center and along the edges, appearing to walk or stand in small groups. The overall impression is one of grandeur and complexity, with a strong sense of depth created by the perspective and the layered architecture. The image is rendered in monochrome, with a palette of dark grays, tans, and muted browns, and the lines are detailed and precise, suggesting a sketch or drawing. The depth of the scene is emphasized by the perspective, with the central area appearing more distant and the foreground elements, such as the floor and the figures, appearing closer. The figures are small in comparison to the scale of the architecture, reinforcing the sense of vastness. The image does not contain any clear focal point, but the central open space and the repeating patterns in the ceiling and walls draw the eye inward. The overall impression is one of awe-inspiring scale and intricate design."
Abstract_Expressionism/frank-lobdell_dance-iv-1970.jpg,"The artwork shows a central figure, rendered in bold, abstract forms, with a bright red vertical band running through its torso. To the left, a pale, sketchy figure appears to be reaching or recoiling, while to the right, a dark, swirling mass dominates the space. A trumpet-like object is positioned in the upper left corner. The central figure’s limbs are extended, suggesting motion or struggle, and its head is a solid black circle. The lower edge of the image contains a greenish area that suggests ground or grass. The composition is divided roughly in half by a vertical axis, with the left side in lighter, more diffuse tones and the right side in deep, heavy colors. The central figure is positioned near the center, with the pale figure to its left and the dark mass to its right. The trumpet is in the upper left, separate from the main action. The image has a flat, painted surface with no clear sense of depth, though some areas appear slightly more prominent. The colors are stark: the red band is intense, the dark mass is deep brown and black, the pale figure is in muted grays and off-whites, and the green at the bottom is a dull, earthy tone. The texture appears rough and applied in broad strokes, with no fine detail or smooth transitions. The overall impression is one of tension and contrast between light and dark, movement and stillness."
Color_Field_Painting/helen-frankenthaler_only-orange-1963.jpg,"The artwork shows a large, irregularly shaped form in a burnt orange hue positioned in the upper half of the canvas, with a broad, horizontal band of deep magenta near the bottom. The background is a flat, uniform tan color. The orange shape appears to be a single, abstract mass with no clear definition of edges or internal structure, and it does not resemble any recognizable object or figure. The magenta band is thick and uneven, with visible brushstrokes and texture, and it lies directly below the orange form, separated from it by a clear gap. The entire composition is set against a plain, unadorned surface. The orange form is centered horizontally, while the magenta band is also centered, creating a balanced but abstract visual structure. The surface appears to be a flat, matte material, with no visible texture or depth cues beyond the painted forms themselves. The depth distribution suggests the forms are rendered with minimal spatial variation, as most of the image is in the far depth band, with only a small portion in the near and mid bands."
Romanticism/ivan-aivazovsky_downpour-in-sudak-1897.jpg,"The artwork depicts a stormy coastal scene. In the foreground, a muddy, uneven shoreline stretches across the bottom, with a dark, overturned cart or wagon lying partially submerged near the right side. A single figure, small and indistinct, sits atop the cart, facing away from the viewer. To the left, a small boat with a mast is visible on the water, far from the shore. The water occupies the center and extends to the horizon, appearing choppy and dark. In the distance, a faint, hazy landmass or cliff rises on the horizon, barely visible through the storm. The sky dominates the upper portion, filled with heavy, swirling clouds in shades of dark green and black, with a narrow band of pale light near the horizon. The overall impression is one of a turbulent, desolate landscape. The scene is rendered in a palette of dark greens, blacks, and muted browns, with no bright or contrasting colors. The textures suggest rough, wet earth and turbulent water, with the clouds appearing thick and heavy. The depth is shallow, with most of the image’s visual weight concentrated in the foreground and midground, while the distant horizon is barely discernible."
Abstract_Expressionism/richard-pousette-dart_cascella-ii-1952.jpg,"The artwork shows an abstract composition dominated by a central, roughly diamond-shaped area of textured yellow and ochre, surrounded by a chaotic field of dark gray, white, and muted brown strokes. No clear figures or objects are identifiable, though the central form suggests a focal point. The surface is thick with applied paint, creating a rough, layered texture that varies from smooth patches to heavily impastoed areas. The colors are mostly subdued, with the yellow center being the most intense, contrasted by the surrounding grays and browns. The painting is framed in a thin, dark border. The depth of the image is uneven, with the central area appearing more prominent and the outer regions receding, but no distinct foreground or background is defined. The overall impression is one of dense, layered material, with no clear spatial organization beyond the central form."
Cubism/henri-laurens_untitled-from-dialogues.jpg,"The artwork shows an abstract composition centered on a large green shape, overlaid with a blue figure that appears to be reaching upward with one arm extended. The blue figure is outlined with black, looping lines that suggest movement or texture. To the right of the green shape, a cluster of black, tangled lines spirals downward. The background is a uniform light beige, and the composition includes several dark, angular blocks—some black, some dark gray—that are positioned around the central green form, creating a sense of depth. The blue figure is mostly on the left side of the green shape, with its limbs and torso partially obscured by the green and black forms. The green shape dominates the center, while the dark blocks are scattered around its edges, appearing to frame or contrast with it. The overall impression is one of layered, geometric abstraction. The colors are flat and printed, with no visible texture or light variation. The edges of the shapes are sharp and defined, suggesting a printed or lithographic medium. The depth is suggested by the placement of the dark blocks, which appear to recede behind the green form, and the blue figure, which is positioned in front of it. The image is not three-dimensional in a realistic sense, but the arrangement of shapes and their relative positions creates a sense of spatial layering."
Ukiyo_e/ito-jakuchu_tiger-1755.jpg,"A tiger, with bold orange and black stripes, is depicted in a crouching position, facing slightly toward the viewer’s left. Its head is turned, with wide, alert eyes and an open mouth showing its teeth and tongue. The animal’s body is low to the ground, with its front paws planted firmly and its tail curled around its hindquarters. Above and to the left, a gnarled, leafless tree branch extends diagonally across the upper portion of the image. The background is a flat, warm, earthy tone, with no other objects or figures visible. The tiger occupies the center and lower half of the composition, while the tree branch is positioned in the upper left. The surface of the tiger’s fur appears textured with fine, layered strokes, and the tree branch has rough, darkened edges. The overall color palette is dominated by shades of brown and orange, with no strong contrast or lighting effects visible. The depth of the image is uneven, with the tiger appearing closest to the viewer, while the tree branch is positioned farther back, though both are rendered with similar clarity. The image has a flat, two-dimensional quality, with no indication of a three-dimensional space beyond the implied foreground and background."
Color_Field_Painting/theodoros-stamos_infinity-field-t-series-34-1990.jpg,"The artwork shows a vertical, abstract line drawn in a light, pale color against a solid, textured background of warm sienna. The line is irregular, looping and twisting, and appears to be drawn with a dry medium like chalk or pastel, creating a faint, almost ghostly impression. It is positioned near the center of the canvas, extending from the upper third toward the lower third, with its form suggesting movement or a scribbled gesture. The background has a rough, uneven texture, with subtle variations in tone that suggest a physical surface, possibly canvas or paper. At the very bottom, a thin, dark horizontal band runs across the width of the image, appearing to be a shadow or a boundary line, with faint, smudged marks beneath it that resemble scribbles or a barely visible drawing. The overall impression is one of minimalism, with the line’s form standing out against the flat, warm field. The depth is not clearly defined, as the image lacks strong spatial cues, but the texture and the horizontal band at the bottom suggest a slight sense of ground or surface."
Baroque/adriaen-brouwer_youth-making-a-face.jpg,"A man is shown in a close-up, seated at a table. He wears a dark, tall hat with a small object resting on its brim, and his head is tilted slightly upward. His right hand is raised to his mouth, holding a cigarette between his fingers, while his left hand is also near his face, fingers curled as if in mid-gesture. The man’s jaw is visible on the right side of the frame, and his expression appears neutral or slightly amused. The table in front of him is dark and flat, with a small, rounded object to the right that appears to be a ceramic jug or container. The background is a plain, muted gray wall with no distinct features. The lighting is dim and even, casting soft shadows, and the overall color palette is composed of dark grays and blacks, with no bright or contrasting hues. The image is tightly framed, focusing on the man’s face and hands, with the table and background receding into a shallow depth of field. The depth distribution shows most of the image in the near band, with minimal detail in the far background."
Romanticism/edward-burne-jones_the-garden-court-1890.jpg,"The painting shows a group of women and children in a cluttered, semi-enclosed outdoor space, possibly a workshop or garden shed. Several figures are resting or sleeping, some leaning against wooden structures or lying on the ground. One woman in a dark dress sits upright, her head tilted down, while others are curled or slumped, appearing exhausted or asleep. A child is visible near the bottom left, partially obscured, with a figure beside them. A wooden bucket sits on the ground in the center foreground, and a large, dark, cylindrical object, possibly a machine or tool, is near the bottom left. The scene is framed by wooden beams and tangled branches, with a building visible in the background. The ground is wet and reflective, with scattered petals or debris. The overall color palette is dominated by earthy tones: sienna, dark slate gray, and dark khaki. The lighting is dim and diffuse, with no strong shadows, suggesting an overcast or shaded environment. The textures appear rough and worn, with visible wood grain, fabric folds, and the wetness of the ground. The depth of the scene is varied, with the foreground elements—like the bucket and the figures—being closest, while the background building and distant branches recede into the distance. The composition is dense, with figures and objects overlapping and filling the space."
Art_Nouveau_Modern/aubrey-beardsley_juvenal-scourging-woman.jpg,"A large, stylized female figure stands upright on a tall, slender pole that rests on a square base. Her body is depicted with exaggerated proportions, her arms wrapped around her torso, and her legs spread apart. She has long, flowing hair and wears a garment that appears to be a loincloth or minimal undergarment, with decorative elements around the waist and hips. To her right, a smaller figure, also stylized, stands beside her, holding a staff or rod in one hand and appearing to gesture or interact with the larger figure. This smaller figure has a draped garment and is positioned slightly behind the pole. To the left of the scene, a classical-style column or pedestal is visible, with a decorative element at its top. The background is plain, with no discernible objects or details beyond the figures and the column. The entire image is rendered in black and white, with fine lines and shading indicating form and texture. The figures are centrally positioned, with the pole and the larger figure dominating the center of the composition. The smaller figure is to the right, and the column is to the left. The depth of the image suggests the figures are in the foreground, with the column slightly behind them, and the background is flat and unobstructed. The image has a high degree of contrast, with bold lines and areas of solid black and white, indicating a graphic, illustrative style. The overall impression is one of a stylized, possibly satirical or allegorical scene, with a focus on the exaggerated forms and the interaction between the two figures."
Symbolism/konstantin-bogaevsky_memories-of-mantegna-1910-1.jpg,"The artwork depicts a rugged, rocky landscape under a dark blue sky with scattered white clouds. Dominating the center and upper portion are tall, jagged rock formations with reddish-brown and ochre tones. In the foreground, on the left, a tree with thin branches and small, round, orange-colored fruits stands. To the right, a large, stylized palm-like tree with broad, fan-shaped leaves appears. Between these, and extending into the midground, are layered, terraced slopes with patches of dark green and reddish-brown vegetation. A narrow, winding river or stream flows through the lower center, bordered by rocks and sparse vegetation. The overall composition suggests a vast, arid or semi-arid terrain with strong vertical and horizontal contrasts. The colors are rich but muted, with dominant earth tones and deep blues in the sky. The textures appear rough and uneven, with visible brushwork suggesting a painted surface. The depth is varied, with the foreground elements appearing closer and the distant rock formations receding into the background. No human figures are visible."
Romanticism/constantin-daniel-rosenthal_vanitas-1848.jpg,"A skull rests centrally on a table, its surface rough and textured, with a patch of reddish-brown material covering its top. To its right, a tobacco pipe lies diagonally, its bowl dark and its stem curved. Behind the skull, a tall, ornate glass vessel with a brass top stands, its neck curved and its base wide. To the right of the skull, a small, dark figurine of a skeleton stands upright, its limbs rigid. On the left, a red and black artifact, possibly a toy or decorative object, is partially visible, with a magnifying glass resting near it. A small, round, framed portrait is placed near the skull’s left side, showing a face in profile. The table surface is dark and uneven, with scattered objects including a key, a small animal, and a few indistinct items. In the background, a tall, narrow mirror or frame reflects a distorted image of a face. The overall color palette is dominated by dark browns, grays, and muted earth tones. The lighting is dim, with a single source casting shadows, emphasizing the skull and the pipe in the foreground. The depth of the scene is shallow, with most objects clustered close to the viewer, and only a few elements receding into the background."
Baroque/caravaggio_salome-with-the-head-of-john-the-baptist(1).jpg,"A man stands in the center, his right arm extended forward, gripping a head that rests on a shallow, circular plate in the foreground. To his left, a woman with a white cloth draped over her shoulder stands slightly behind him, her gaze directed toward the viewer. Behind her, another figure, partially obscured and wearing a white head covering, leans forward with a hand near the man’s arm. To the right, a second man, bare-chested and wearing a dark garment, holds a long, dark object that resembles a sword or gun in his left hand. The plate with the head is positioned in the lower center, near the viewer’s perspective. The background is dark and indistinct, with no clear architectural or environmental features. The lighting is dramatic, focused on the central figures and the plate, leaving the rest of the scene in deep shadow. The dominant colors are black, dark olive green, and muted tan. The textures appear rough and heavy, with the figures rendered in a way that suggests solid, tangible forms. The depth is shallow, with most of the image appearing close to the viewer, and the figures are tightly clustered, creating a sense of immediacy and confinement."
Romanticism/albert-bierstadt_rocky-mountain-sheep.jpg,"A large, horned goat stands alert on a rocky outcrop, its body facing slightly to the left but its head turned to look directly at the viewer. Its thick, curved horns are prominent, and its coat is a dark brown with lighter patches on its underbelly and legs. The goat’s posture is upright and steady, with its legs firmly planted on the jagged, snow-dusted rock. Behind it and to the right, two smaller animals are visible: one is a deer-like creature with slender legs and a lighter coat, standing in a more distant, hazy area; the other is a smaller, similarly horned animal, possibly a young goat, positioned further back and to the right, partially obscured by mist. The entire scene is set against a backdrop of dark, swirling clouds and distant, shadowy mountain peaks, suggesting a high, cold, and remote environment. The lighting is dim and diffuse, with a faint glow in the upper left corner that illuminates the goat’s face and upper body, while the rest of the scene remains in muted, cool tones of gray and brown. The rocks beneath the goat are rough and uneven, with patches of snow and sparse, dry vegetation clinging to their surfaces. The overall depth of the image is layered, with the goat in the foreground, the smaller animals in the mid-ground, and the mountains and sky receding into the background, creating a strong sense of scale and isolation."
Symbolism/leon-spilliaert_self-portrait-in-mirror-1908.jpg,"A man stands in the foreground, positioned slightly to the right of center, facing toward the left side of the image. He is partially obscured by a large, ornate frame that dominates the center of the composition. This frame, which appears to be a mirror or a portrait, is set against a dark, shadowy background. To the left of the man, a chair is visible, and to the right, a stool can be seen in the lower right corner. The man’s posture is upright, and his head is turned slightly, as if looking toward the viewer or away from the mirror. The mirror’s frame is detailed with gold-colored ornamentation at the top, and the surface of the mirror reflects a dimly lit interior, including a clock and other indistinct objects. The overall color palette is dominated by dark tones, including dark slate gray, rosy brown, and dark olive green. The lighting is subdued, with no strong highlights, and the textures suggest a rough, painterly surface, with visible brushstrokes and a lack of fine detail. The depth of the image is shallow, with the man and the mirror frame appearing closest to the viewer, while the background elements are significantly blurred and recede into shadow."
Romanticism/dante-gabriel-rossetti_faust-margaret-in-the-church-1848.jpg,"A woman, wrapped in a light-colored cloth, kneels on the floor near a doorway. She is positioned to the right of center, facing slightly toward the viewer, with her head bowed and hands clasped near her chest. The doorway, located in the center of the image, is framed by dark, heavy curtains or drapery that hang from above. To the left of the doorway, a tall, narrow window with a grid pattern is visible. The floor is covered with a patterned rug, and the overall scene is rendered in shades of tan, peru, and dark olive green. The image has a textured, sketch-like quality, with visible lines and shading that suggest depth, particularly in the drapery and the woman’s clothing. The majority of the image’s depth is in the far band, with the woman and the doorway appearing as the most prominent elements in the mid to far distance. The lighting is dim, with no strong light source visible, and the overall tone is subdued and somber."
Realism/ivan-shishkin_view-of-the-yelabuga-1861.jpg,"This is a sketch in black and white, showing a landscape with several buildings and trees. The central focus is a large, complex structure with multiple domes and spires, suggesting a church or monastery. To the left and right of this central building, there are other smaller structures, including what appear to be additional domed buildings and a long, low-roofed building in the far background. The foreground is filled with dense, leafy bushes and trees, drawn with quick, sketchy lines. The entire scene is rendered in monochrome, with varying line weights and shading to suggest depth and form. The sketch is done on a light, textured paper, and the lines are not perfectly clean, giving it a hand-drawn, informal quality. The buildings are clustered together, with the central structure being the most prominent, and the trees and bushes are drawn to frame the scene from the bottom and sides. The far background is hazy and indistinct, with only faint outlines of buildings and a few wispy lines suggesting distant hills or clouds. The overall impression is one of a quiet, possibly rural or semi-rural setting, with the buildings appearing to be nestled among the trees. The sketch does not show any people or movement, and the focus is entirely on the architecture and the surrounding vegetation. The depth is suggested through the use of line weight and shading, with the foreground elements being more detailed and the background elements being more blurred and less defined. The sketch is not highly detailed, and the lines are not perfectly clean, giving it a hand-drawn, informal quality. The sketch is not highly detailed, and the lines are not perfectly clean, giving it a hand-drawn, informal quality. The sketch is not highly detailed, and the lines are not perfectly clean, giving it a hand-drawn, informal quality. The sketch is not highly detailed, and the lines are not perfectly clean, giving it a hand-drawn, informal quality. The sketch is not highly detailed, and the lines are not perfectly clean, giving it a hand-drawn, informal quality. The sketch is not highly detailed, and the lines are not perfectly clean, giving it a hand-drawn, informal quality. The sketch is not highly detailed, and the lines are not perfectly clean, giving it a hand-drawn, informal quality. The sketch is not highly detailed, and the lines are not perfectly clean, giving it a hand-drawn, informal quality. The sketch is not highly detailed, and the lines are not perfectly clean, giving it a hand-drawn, informal quality. The sketch is not highly detailed, and the lines are not perfectly clean, giving it a hand-drawn, informal quality. The sketch is not highly detailed, and the lines are not perfectly clean, giving it a hand-drawn, informal quality. The sketch is not highly detailed, and the lines are not perfectly clean, giving it a hand-drawn, informal quality. The sketch is not highly detailed, and the lines are not perfectly clean, giving it a hand-drawn, informal quality. The sketch is not highly detailed, and the lines are not perfectly clean, giving it a hand-drawn, informal quality. The sketch is not highly detailed, and the lines are not perfectly clean, giving it a hand-drawn, informal quality. The sketch is not highly detailed, and the lines are not perfectly clean, giving it a hand-drawn, informal quality. The sketch is not highly detailed, and the lines are not perfectly clean, giving it a hand-drawn, informal quality. The sketch is not highly detailed, and the lines are not perfectly clean, giving it a hand-drawn, informal quality. The sketch is not highly detailed, and the lines are not perfectly clean, giving it a hand-drawn, informal quality. The sketch is not highly detailed, and the lines are not perfectly clean, giving it a hand-drawn, informal quality. The sketch is not highly detailed, and the lines are not perfectly clean, giving it a hand-drawn, informal quality. The sketch is not highly detailed, and the lines are not perfectly clean, giving it a hand-drawn, informal quality. The sketch is not highly detailed, and the lines are not perfectly clean, giving it a hand-drawn, informal quality. The sketch is not highly detailed, and the lines are not perfectly clean, giving it a hand-drawn, informal quality. The sketch is not highly detailed, and the lines are not perfectly clean, giving it a hand-drawn, informal quality. The sketch is not highly detailed, and the lines are not perfectly clean, giving it a hand-drawn, informal quality. The sketch is not highly detailed, and the lines are not perfectly clean, giving it a hand-drawn, informal quality. The sketch is not highly detailed, and the lines are not perfectly clean, giving it a hand-drawn, informal quality. The sketch is not highly detailed, and the lines are not perfectly clean, giving it a hand-drawn, informal quality. The sketch is not highly"
Romanticism/gustave-dore_don-quixote-5.jpg,"A fallen man in armor lies on the ground next to a dead horse, both positioned in the center-left of the scene. The man’s body is sprawled, his limbs extended, and his head turned upward. The horse lies on its side, its head raised and facing the sky. To the right of the man, a round shield rests on the ground, and a sword lies nearby, pointing toward the bottom right corner. The ground is uneven and covered with sparse vegetation, including dry, leafless bushes and a few small, dark shrubs. In the background, a steep, rocky cliff rises on the left, with a line of tall, slender trees standing at its edge. The sky above is dark and cloudy, with no visible sun or light source. The entire image is rendered in grayscale, with varying shades of gray, from light to dark, creating a sense of depth and texture. The surface of the ground appears rough and uneven, with visible cracks and debris. The armor on the man is detailed, with visible plates and joints, and the horse’s body shows signs of wear and damage. The overall scene suggests a moment of stillness after a violent event, with no movement or activity visible."
Romanticism/gustave-dore_illustration-for-the-milkmaid-and-the-milk-can.jpg,"A woman stands on a path in a wooded area, leaning slightly against a low, overgrown embankment to her left. She is dressed in a long, full-length garment with a high collar and a head covering, and her posture is still, with her gaze directed toward the right side of the image, away from the viewer. In the foreground, scattered on the ground near her feet, are the broken pieces of a ceramic vessel, including shards and a partially intact bowl with a handle. The path extends into the background, where trees form a dense, dark canopy, and a faint, bright area of light appears to emerge from behind the trees, suggesting an opening or clearing. The entire scene is rendered in grayscale, with strong contrasts between the dark, shadowed areas of the forest and the lighter tones of the path and the woman’s clothing. The texture of the image is detailed with fine lines, indicating a printed or engraved medium, and the depth of the scene is conveyed through varying levels of detail and shading, with the foreground elements appearing sharper and more defined than the distant trees."
Romanticism/ivan-aivazovsky_bracing-the-waves-1890.jpg,"The artwork depicts a turbulent sea under a hazy, golden sky. A ship, its sails torn and mast broken, is caught in the center of the frame, partially submerged by massive, churning waves. The water dominates the lower half, with white foam cresting over dark, swirling currents. The sky above is a pale, cracked yellow, suggesting either dawn or dusk, and appears to stretch across the entire upper portion of the image. The ship is positioned slightly off-center, toward the left, with its bow pointing toward the right. The waves are rendered with visible texture, showing rough, frothy surfaces and deep, shadowed troughs. The overall impression is one of chaotic motion and overwhelming force. The painting’s surface shows a fine network of cracks, particularly in the sky area, indicating age. The colors are muted, dominated by dim gray, dark gray, and pale goldenrod, with the white of the foam providing contrast. The depth of the scene is suggested by the layering of waves and the distant, indistinct horizon, with the ship appearing to be at a mid-distance, surrounded by the sea’s violent motion."
Abstract_Expressionism/william-congdon_luna-7-subiaco-1967.jpg,"The artwork shows a large, dark, rounded mass dominating the lower two-thirds of the frame, appearing as a mound or hill covered in a rough, uneven surface. Above it, in the upper right corner, a pale, circular shape—resembling a moon—hangs against a flat, dark gray sky. At the very bottom edge, a narrow strip of reddish color is visible, suggesting a ground or cloth. The entire scene is rendered in muted, dark tones, with the dominant color being dark slate gray. The surface of the mound is textured with visible brushstrokes, creating a sense of roughness and depth. The moonlight appears to illuminate the top edge of the mound slightly, casting a faint, almost imperceptible glow along its crest. The composition is static, with no figures or movement depicted. The mound occupies the center and extends toward the edges, while the moon is isolated in the upper right. The depth of the image is shallow, with most of the visual area appearing close to the viewer, and the sky and the distant top of the mound being barely distinguishable from the foreground. The texture of the mound is thick and uneven, with no clear definition of edges or contours, giving it a solid, almost oppressive presence. The reddish strip at the bottom is the only area of color that breaks the monochrome palette, but it is narrow and does not suggest any specific object or detail."
Baroque/jacob-isaakszoon-van-ruisdael_view-of-the-ij-on-a-stormy-day-1660.jpg,"The artwork depicts a turbulent sea under a heavy, overcast sky. In the lower portion, choppy, dark water dominates, with whitecaps and waves breaking in all directions. A single sailboat, its sails mostly white and taut, is positioned slightly to the right of center, battling the rough sea. To the far right, a line of weathered wooden pilings juts from the water, partially submerged. In the distant background, faint silhouettes of land and other small boats are barely visible. The sky above is filled with thick, swirling clouds in shades of gray and muted white, with no visible sun or clear horizon. The overall color palette is dominated by dark slate gray, gray, and dim gray, with the white of the sails providing the only significant contrast. The surface of the water appears rough and textured, with visible motion and foam, while the sky is rendered with soft, blended cloud forms. The boat is angled slightly into the waves, suggesting movement and struggle against the elements. The pilings on the right are uneven and appear broken or weathered, standing out as a static, grounded element against the chaotic sea. The depth of the scene is conveyed through the layered composition: the pilings and the boat are in the mid-ground, the distant land is far away, and the water’s surface is rendered with a sense of immediacy and motion."
Symbolism/felicien-rops_sex-position-69.jpg,"Two nude figures lie on a bed in the center of the image. One figure is positioned on their back, facing away from the viewer, with their legs extended toward the right side of the frame. The other figure is on their stomach, facing the first, with their head turned slightly to the left and their arms bent, one hand resting near the waist of the other figure. A heavy, draped curtain hangs from the top right corner, partially obscuring a window or doorway behind the bed. The bed is covered with a rumpled, light-colored sheet that drapes over the figures and extends to the floor. In the foreground, on the floor to the left, there is a small table with a white ceramic cup and saucer, a small pitcher, and a pair of spectacles lying beside them. The floor is covered with a patterned rug, and the walls are lined with vertical paneling. The overall tone of the image is monochromatic, rendered in shades of gray, rosy brown, and silver, with no visible color. The depth of the image is varied, with the bed and figures appearing in the mid-ground, the curtain and background elements receding into the far distance, and the objects on the floor positioned in the near foreground. The image is rendered in a detailed, sketch-like style, with fine lines and shading that suggest texture and form."
Post_Impressionism/henri-de-toulouse-lautrec_gabrielle-the-dancer-1890.jpg,"A person wearing a wide-brimmed sun hat is shown in profile, facing toward the right side of the image. The figure is dressed in a light-colored, loose-fitting shirt with visible folds and texture. The hat is positioned on the person’s head, with its brim extending outward and upward, and appears to have a decorative element on top, possibly a feather or ribbon. The background consists of blurred, impressionistic shapes in green, purple, and brown tones, suggesting foliage or an outdoor setting. The figure’s posture is upright, and their head is turned slightly away from the viewer, with the face partially visible in profile. The painting uses visible brushstrokes and a mix of muted, earthy colors, with the figure’s clothing and hat standing out against the softer, more abstract background. The depth of the image is varied, with the figure appearing closer to the viewer than the background, which is rendered with less detail and more color blending. The overall impression is one of a casual, outdoor scene, with the figure as the central focus."
Art_Nouveau_Modern/raphael-kirchner_ice-flowers-1899-4.jpg,"The artwork depicts a snowy scene with several figures. A woman in a dark red dress occupies the center foreground, her body angled and her head tilted back. Another woman, wearing a patterned hat and a dark coat, stands behind her, leaning forward with her arms around the first woman’s shoulders. To the right, a third figure with blonde hair is partially visible, looking toward the central pair. In the background, to the left, a figure in a dark coat walks away, carrying a small object. A vertical yellow line runs along the left edge of the image, separating the snowy scene from a plain, off-white area. In the bottom-left corner, the text “FLEURS D'HIVER” is printed in black. The snow covers the ground and appears to extend into the background, with a pale, circular shape in the upper center that suggests a moon. The overall color palette is muted, dominated by rosy brown, dark slate gray, and light gray. The figures are rendered with soft, rounded forms and lack fine detail, giving the image a stylized, almost cartoonish quality. The depth of the scene is suggested by the positioning of the figures, with the central pair closest to the viewer and the background figure farthest away. The image has a flat, two-dimensional quality, with no strong sense of texture or material."
Realism/james-tissot_caricature-of-henry-william-eaton-m-p.jpg,"A man sits in a large, upholstered armchair, positioned centrally in the composition. He wears a tall black top hat, a dark formal coat with a white flower pinned to the left lapel, and dark trousers and shoes. His hands are clasped together in his lap, and his posture is upright but relaxed. The chair has a tufted, cushioned back and seat, with a low, decorative skirt. Behind the chair, a plain, light-colored wall is visible, with two small, rectangular, white labels or tags affixed to it, one on each side. The floor is a flat, neutral-toned surface. The overall color palette is muted, dominated by shades of gray, dark slate gray, and silver, with no strong or vibrant hues. The lighting is even and diffuse, with no dramatic shadows or highlights, suggesting an indoor, neutral setting. The depth of the image is varied, with the chair and the man appearing in the mid-ground, while the wall and floor recede into the background, and the foreground is relatively flat. The image is framed by a thin border, with text at the top and bottom, but these are not part of the visual scene."
Post_Impressionism/charles-reiffel_holiday-mission-beach-1938.jpg,"The painting shows a crowded beach scene with a wide expanse of sea in the center background, stretching to a distant, hazy horizon. In the foreground and midground, many people are gathered along a promenade or seawall, some standing, others sitting or moving. A tall, dark lamppost stands on the left side, near the edge of the scene. To the right, a person in a light-colored shirt and dark pants stands with their back mostly to the viewer, near a small cart or stand that appears to be selling items, with a sign that reads “POP CO.” A cluster of people, including a woman in a light dress and hat, is visible on the far right. Several umbrellas, mostly dark or red, are scattered among the crowd, some near the center and others toward the left. The sea is rendered in shades of green and gray, with visible waves. The sky above is pale and overcast, with soft, muted tones. The overall impression is one of a busy, sunlit day at the seaside, with figures engaged in casual, everyday activities. The brushwork is loose and impressionistic, with visible strokes and a lack of fine detail. The colors are subdued, dominated by grays, greens, and tans, with occasional bright spots from clothing or umbrellas. The depth of the scene is suggested by the placement of figures and objects, with the foreground elements appearing closer and the sea and distant horizon receding into the background."
Realism/fyodor-bronnikov_masquerade-1870.jpg,"The painting depicts a scene inside a room with a checkered floor, where several men are gathered. In the center, a man wearing a red robe and a tall, ornate hat stands with a cane in one hand and a ringed object in the other. To his left, a man in a red hat holds up a white garment, while another man, shirtless and wearing blue stockings, bends over near the floor. To the right, a man in a white shirt and red cap gestures with his hand raised, standing near a doorway. The room has dark walls, a framed portrait hanging on the left wall, and a stand or box on the left side of the floor. The floor is covered in a pattern of light and dark squares, and a white garment lies on the floor near the center. The lighting is dim, with a strong contrast between the dark background and the illuminated figures, and the colors are dominated by dark tones with the red robe standing out. The figures are positioned in a way that suggests movement and interaction, with the central figure appearing to be the focus of attention. The depth of the scene is varied, with the foreground figures being more detailed and the background elements fading into shadow."
Early_Renaissance/domenico-ghirlandaio_st-mark-the-evangelist-1490.jpg,"The artwork depicts a central figure seated on a cloud-like form, wearing a green robe over a red garment, with a halo behind their head. To their right, a lion rests on the same cloud. The entire scene is framed by an ornate, triangular architectural structure with repeating decorative patterns along its edges. The figure is positioned in the center of the composition, facing slightly to the left, with hands clasped in front. The lion is positioned to the right of the figure, lying down and looking forward. The background is dark, with the triangular frame surrounding the central scene. The colors are dominated by dark tones, including dark slate gray, gray, and dim gray, with the green and red of the robe providing contrast. The texture of the robe appears to be painted with visible brushwork, and the halo has a gold-leaf appearance. The cloud beneath the figure is rendered in shades of blue and white, suggesting a soft, floating surface. The ornate frame surrounding the scene is detailed with geometric and possibly floral motifs, and its edges are sharply defined against the dark background. The depth of the image is shallow, with the central figure and the surrounding frame appearing closest to the viewer, while the background recedes into darkness. The lion and the figure are positioned at a similar depth, with the frame extending outward from them. The overall impression is one of a sacred or divine scene, with the figure and the lion as the focal points."
Mannerism_Late_Renaissance/tintoretto_st-nicholas.jpg,"A man, dressed in ornate, layered robes of pale and reddish-brown fabric, stands in profile facing left. He wears a tall, pointed white hat with a dark band, and his face is turned away from the viewer, showing a beard and a stern expression. He holds a long staff with a decorative, ornate top in his right hand, and in his left hand, he carries a small tray holding three round, golden objects. His robes are richly detailed with gold embroidery along the edges and appear heavy and draped. The background is dark and turbulent, suggesting a stormy or shadowy environment, with indistinct shapes that imply depth. The figure’s feet are planted firmly on the ground, and the overall composition places him centrally, though the background is mostly obscured by darkness. The lighting is dim, with highlights on the robes and the objects he carries, suggesting a source from the front or side. The colors are dominated by dark slate gray, sienna, and rosy brown, with the gold of the objects and embroidery providing contrast. The texture of the fabric appears thick and heavy, while the background is rendered in rough, dark strokes. The depth of the image is uneven, with the figure and his immediate surroundings appearing closest, while the background recedes into shadow."
Northern_Renaissance/albrecht-durer_christ-appears-to-his-mother-1511.jpg,"A man stands on the right side of the image, holding a long spear in his right hand, with a radiant light source behind him that casts rays outward. He is dressed in loose, draped robes that appear worn and tattered, with his left hand raised toward a figure seated to the left. To the left, a person is seated on the floor, leaning forward with their head bowed, hands clasped near their chest, and wearing a hooded garment. Between them, a large, open book or scroll lies on a low, rectangular pedestal or stand. The background consists of heavy, draped curtains on the left, and a dark, shadowy interior space behind the standing figure. The entire scene is rendered in monochrome, with deep shadows and stark contrasts, suggesting a dramatic, high-contrast lighting effect focused on the standing figure. The depth of the image is uneven, with the seated figure and the book in the foreground, the standing figure in the mid-ground, and the curtains and background elements receding into darkness. The textures suggest rough, heavy fabric and the hard, flat surface of the book or scroll. The overall impression is one of tension and solemnity, with the standing figure appearing authoritative or divine, and the seated figure appearing submissive or in distress."
Romanticism/fyodor-bronnikov_carnival-in-rome-1860.jpg,"A large, bustling crowd fills a wide open square, with people in varied, colorful clothing moving and interacting in a lively, chaotic manner. In the center, a figure in ornate, possibly royal or ceremonial attire stands elevated, arms raised, surrounded by others who appear to be dancing or celebrating. To the right, a building with balconies is decorated with garlands and draped fabric, and people are visible on the balconies and near the entrance. On the left, a tall, slender obelisk rises against a pale sky, with other buildings and a domed structure visible behind it. The ground is uneven and littered with scattered green leaves or debris. The scene is set under a bright, clear sky, with light casting soft shadows. The overall impression is one of energetic movement and public festivity, with figures in motion, some on horseback, others on foot, and many in dynamic poses. The painting’s surface suggests a textured, somewhat impressionistic style, with visible brushwork and a palette dominated by muted grays, browns, and occasional bright reds and blues in clothing. The depth of the scene is varied, with the crowd in the foreground appearing closest, the central figures and the building with balconies in the mid-ground, and the distant structures and sky forming the far background."
Realism/ilya-repin_hunchback-study-1880.jpg,"A woman sits on the ground, positioned in the center of the image. She is dressed in a long, dark brown coat that drapes over her body, with lighter-colored fabric visible at her lower legs. Her head is turned slightly to her right, and her gaze is directed forward, away from the viewer. Her left hand rests near her lap, while her right hand holds a slender, light-brown cane that extends diagonally downward to the right side of the frame. The ground beneath her is uneven and covered with greenish-brown vegetation. Behind her, the background is blurred and indistinct, suggesting a natural outdoor setting with faint outlines of trees and possibly a fence or wall. The overall color palette is dominated by earthy tones: sienna, dark olive green, and rosy brown. The texture of the painting appears soft and impressionistic, with visible brushstrokes and areas of blended color. The depth of the image is varied, with the woman and the immediate foreground appearing closest, while the background recedes into a hazy, indistinct space."
Abstract_Expressionism/tsuruko-yamazaki_work-1969.jpg,"The artwork shows an abstract composition dominated by bold, intersecting diagonal bands of black and a deep reddish-brown, overlaid with faint, gestural marks and smudges in lighter tones. These marks appear to suggest fragmented, ghostly forms or outlines, mostly in the center and along the edges, but not clearly defined. The surface has a textured quality, with visible drips and smears, particularly in the black areas, suggesting the use of thick paint or mixed media. The overall impression is one of layered, chaotic energy, with no clear focal point or identifiable subject.

The most prominent elements are the two thick, diagonal bands that cut across the canvas from upper left to lower right and from upper right to lower left, creating a grid-like structure. These bands are not flat; they appear to have depth, with the black band seeming to recede slightly and the reddish-brown band appearing more solid. Within these bands, lighter, almost translucent shapes—some resembling partial figures or abstracted limbs—are visible, but they are not fully formed. These shapes are mostly clustered in the center and along the edges, with no clear spatial hierarchy. The forms do not appear to be interacting or moving; they are static, embedded within the structure of the diagonals.

The visual qualities are defined by the stark contrast between the black and the reddish-brown, with the lighter marks appearing as if they were applied over or through the darker layers. The texture is rough and uneven, with visible brushstrokes, drips, and smudges that suggest physical manipulation of the medium. The depth is not uniform; the majority of the image is in the near plane, with the forms appearing to be pressed close to the viewer, while only a small portion of the image, near the edges, suggests a slight receding plane. The colors are heavy and saturated, with no bright or neutral tones, reinforcing the sense of intensity and abstraction."
Realism/klavdy-lebedev_svyatoslav-s-meeting-with-emperor-john-as-described-by-leo-the-deacon-1916.jpg,"A man sits in a small wooden boat on water, positioned in the lower center of the image. He is dressed in simple, light-colored clothing and holds a long oar. Behind him, on a grassy bank, stands a group of men in elaborate, ornate robes and armor, some wearing crowns or headgear. One man in the center wears a golden-embroidered robe and holds a staff. To his right, another figure in a similar ornate robe stands beside him. Further back, on the elevated ground, more figures are visible, including one on horseback, and a large, domed structure can be seen in the distance. The scene is set on a shoreline with a hazy, muted sky above. The colors are subdued, dominated by earthy tones like saddlebrown, gainsboro, and rosybrown. The boat is in the foreground, closest to the viewer, while the figures and structures recede into the background, with the farthest elements appearing blurred and indistinct. The lighting is diffuse, with no strong shadows, and the textures suggest rough wood, fabric, and distant terrain."
Abstract_Expressionism/jack-tworkov_thursday-1960.jpg,"The artwork shows a bold, abstract composition dominated by thick, horizontal and diagonal strokes of firebrick red over a dark background. These red marks cross and overlap, creating a sense of layered, intersecting forms. Beneath the red, a dark, almost black area occupies the center and lower portion, suggesting a solid, recessed mass. The entire surface is set against a light gray, almost white, background that frames the central action. The red strokes appear to be applied with force, with visible texture and uneven edges, while the dark area beneath them is dense and lacks clear definition. The composition is not centered on a single object but rather on the interplay of these marks, with the red forms appearing to emerge from or hover over the dark mass. The light gray background is flat and uniform, providing a stark contrast to the intensity of the red and black. The texture of the surface suggests a physical medium, possibly paint on canvas, with visible brushwork and slight imperfections. The depth is suggested by the layering of the strokes, with the red marks appearing to be in front of or intersecting the dark area, and the background remaining consistently distant. The overall impression is one of raw energy and structure, with no clear figures or identifiable objects beyond the abstract forms."
Baroque/giovanni-paolo-panini_interior-of-st-peter-s-rome-1755.jpg,"The artwork depicts the interior of a vast, grand cathedral with a high, arched ceiling and long, symmetrical rows of columns. The space is filled with numerous people, mostly dressed in period clothing, scattered across the floor, some walking, others standing or conversing. The central area is dominated by a large, open space leading toward a distant altar or focal point, framed by arches and columns. The architecture features ornate decorations, including statues, frescoes, and intricate carvings on the walls and pillars. The ceiling is detailed with geometric patterns and decorative elements. The overall impression is one of immense scale and solemnity, with the viewer’s eye drawn toward the center of the hall. The scene is rendered in muted tones, primarily dark grays and browns, with some areas of lighter color suggesting light sources or decorative elements. The depth of the space is conveyed through the perspective, with the central axis leading the eye toward the far end, while the foreground contains figures and architectural elements that appear closer to the viewer. The texture of the surfaces suggests stone and painted surfaces, with some areas appearing smooth and others more detailed with carvings or frescoes. The lighting is diffuse, with no strong shadows, giving the scene a somewhat even illumination. The figures are small in comparison to the architecture, emphasizing the scale of the space. The overall composition is symmetrical, with the central axis running from the foreground to the far end, flanked by columns and arches on both sides. The figures are scattered throughout the space, with some clustered near the center and others dispersed along the sides. The scene suggests a moment of quiet activity, with no signs of conflict or urgency. The architecture is imposing and detailed, with no visible signs of damage or decay. The overall impression is one of grandeur and solemnity, with the viewer’s attention drawn to the central space and the figures within it. The scene is rendered in a realistic style, with attention to detail in the architecture and the figures. The figures are depicted with a degree of realism, with their clothing and postures suggesting a moment of activity or rest. The overall impression is one of a grand, solemn space, with the viewer’s attention drawn to the central area and the figures within it. The scene is rendered in a realistic style, with attention to detail in the architecture and the figures. The figures are depicted with a degree of realism, with their clothing and postures suggesting a moment of activity or rest. The overall impression is one of a grand, solemn space, with the viewer’s attention drawn to the central area and the figures within it. The scene is rendered in a realistic style, with attention to detail in the architecture and the figures. The figures are depicted with a degree of realism, with their clothing and postures suggesting a moment of activity or rest. The overall impression is one of a grand, solemn space, with the viewer’s attention drawn to the central area and the figures within it. The scene is rendered in a realistic style, with attention to detail in the architecture and the figures. The figures are depicted with a degree of realism, with their clothing and postures suggesting a moment of activity or rest. The overall impression is one of a grand, solemn space, with the viewer’s attention drawn to the central area and the figures within it. The scene is rendered in a realistic style, with attention to detail in the architecture and the figures. The figures are depicted with a degree of realism, with their clothing and postures suggesting a moment of activity or rest. The overall impression is one of a grand, solemn space, with the viewer’s attention drawn to the central area and the figures within it. The scene is rendered in a realistic style, with attention to detail in the architecture and the figures. The figures are depicted with a degree of realism, with their clothing and postures suggesting a moment of activity or rest. The overall impression is one of a grand, solemn space, with the viewer’s attention drawn to the central area and the figures within it. The scene is rendered in a realistic style, with attention to detail in the architecture and the figures. The figures are depicted with a degree of realism, with their clothing and postures suggesting a moment of activity or rest. The overall impression is one of a grand, solemn space, with the viewer’s attention drawn to the central area and the figures within it. The scene is rendered in a realistic style, with attention to detail in the architecture and the figures. The figures are depicted with a degree of realism, with their clothing and postures suggesting a moment of activity or rest. The overall impression is one of a grand, solemn space, with the viewer’s attention drawn to the central area and the figures within it. The scene is rendered in a realistic style, with attention to detail in the architecture and the figures. The figures are depicted with a degree of realism, with their clothing and postures suggesting a moment of activity or rest. The overall impression is one of a grand, solemn space, with the viewer’s attention drawn to"
Baroque/adriaen-van-de-venne_maurice-1567-1625-prince-of-orange-lying-in-state.jpg,"A man lies on a bed, his head resting on a pillow, covered by a heavy, richly textured blanket. He wears a red and gold-embroidered cap with a white band, and a large, stiff white ruff around his neck. His face is turned slightly to the right, eyes closed, with a still, passive expression. The blanket is draped over his body and appears to be made of a thick, possibly fur-lined fabric, with visible folds and a patterned edge. Behind him, a dark, possibly green or gray, pillow is visible. To the right, a red curtain with a patterned design hangs, partially obscuring the background. The overall color palette is dominated by deep reds, browns, and dark grays, with the white ruff and gold embroidery providing contrast. The lighting is subdued, with shadows falling across the face and blanket, suggesting a dimly lit interior. The depth of the image is shallow, with the man’s face and the blanket in the foreground, while the curtain and background elements recede into the distance. The texture of the fabrics and the details of the clothing are rendered with visible brushwork, indicating a painted surface."
Romanticism/eugene-delacroix_apollo-slays-python-1851(1).jpg,"The artwork depicts a dynamic, swirling scene set within an ornate ceiling vault, filled with numerous figures in motion. At the center, a bright, glowing area suggests a focal point of energy or light, surrounded by figures in various poses—some falling, some rising, some entwined. Above, figures appear to be suspended in the air, with limbs extended and bodies twisting, suggesting movement or struggle. Below, darker, more chaotic forms are visible, including what appear to be serpentine shapes and figures in distress or collapse. The entire composition is framed by elaborate, gilded architectural elements that curve around the edges, suggesting a ceiling or a decorative panel. The color palette is dominated by deep, muted tones—rosy brown, dark olive green, and dark slate gray—with the central glow providing a stark contrast. The texture of the painting suggests a dense, layered application of paint, with visible brushwork and dramatic contrasts between light and shadow. The depth of the scene is varied, with the central area appearing closest to the viewer, while the outer edges and lower portions recede into darker, more ambiguous space. The figures are not arranged in a static or orderly fashion, but rather in a chaotic, swirling pattern that conveys motion and turbulence. The overall impression is one of intense, swirling energy, with no clear foreground or background, as the entire scene is embedded within the architectural frame."
Art_Nouveau_Modern/raphael-kirchner_impassive-mask.jpg,"A woman lies on her back on the floor, her legs raised and bent at the knees, with her feet pointing upward. She is wearing black stockings and black shoes, and her upper body is bare, with a torn, light-colored garment around her waist. Her head rests on a patterned pillow or cushion, and her arms are positioned behind her head. Above her, in the upper right corner, a man’s face with a long, gray beard and a sinister expression peeks out from behind a decorative, ornate object that resembles a tapestry or a piece of fabric with swirling, colorful patterns. The background is a plain, textured surface in a muted, earthy tone. The overall composition suggests a scene of vulnerability or playfulness, with the woman appearing relaxed or unconscious, and the man’s face looming above her in a way that suggests observation or threat. The colors are subdued, with the dominant tones being earthy browns and muted pinks, and the textures appear flat and painted, with no visible depth or dimensionality beyond the implied spatial arrangement."
Post_Impressionism/salvador-dali_self-portrait-figueres.jpg,"A woman is shown in profile, facing toward the right side of the image. She wears a wide-brimmed hat that casts deep shadow over her head and the upper part of her face. Her face is partially illuminated, revealing a pale complexion with a greenish tint, and her eye is visible, looking forward. Her mouth is slightly open, and she holds a pipe in her mouth, with a cigarette resting near her lips. The pipe emits a faint glow, suggesting it is lit. The background is dark and indistinct, composed of heavy, textured shades of dark slate gray and dark olive green. The surface of the painting has a coarse, grainy texture, consistent with a canvas or similar material. The woman’s figure is positioned in the center of the frame, with the pipe and cigarette located in the lower portion of the image, near the bottom edge. The depth of the image is shallow, with most of the visual area concentrated in the near plane, and the background receding into darkness with minimal detail."
Cubism/olexandr-archipenko_group-of-nude-figures.jpg,"Three muscular, nude male figures are depicted in a sketch-like drawing dominated by a reddish-brown, sienna tone. The central figure is bent forward, reaching toward the right, with one arm extended and the other bent at the elbow. To the left, a figure stands with its back mostly turned, facing away from the viewer. To the right, another figure stands with its head lowered and hands resting near its waist. The figures are rendered with visible, directional strokes that suggest muscle mass and form, with shading indicating depth and volume. The composition is tightly packed, with the figures overlapping and positioned close to one another, creating a sense of physical proximity. The background is flat and uniform in tone, with no distinct objects or architectural elements. The drawing appears to be on paper, with the texture of the medium visible in the strokes and transitions between light and dark areas. The depth of the image is varied, with the central figure appearing slightly more prominent than the others, though all are rendered with similar intensity. The overall impression is one of physical strength and tension, conveyed through the posture and positioning of the figures."
Symbolism/kuzma-petrov-vodkin_samarkand-1926.jpg,"The painting shows two figures, a man on the left and a woman in the center, set against a backdrop of architectural ruins and a vivid blue sky. The woman, positioned in the foreground, faces forward with a direct gaze, wearing a red cap and a garment in shades of blue and brown. To her right and slightly behind, the man is seated, turned away, wearing a blue head covering and a greenish-blue robe. Between them, on the ground, a small white bowl and a reddish object are visible. The background consists of crumbling stone structures and a bright blue sky, with the ruins appearing in muted, earthy tones. The brushwork is thick and textured, with visible strokes that give the surface a rough, tactile quality. The colors are dominated by dim gray, light sea green, and rosy brown, with the red cap and blue sky providing strong contrast. The depth of the scene is varied, with the woman and the man clearly in the mid-ground, while the ruins and sky extend into the background. The lighting appears to come from the left, casting subtle shadows and highlighting the figures’ forms. The overall composition suggests a static, contemplative moment, with no clear action or movement depicted."
Art_Nouveau_Modern/konstantin-somov_book-of-the-marquise-illustration-2.jpg,"A man stands with his back to the viewer, wearing a dark tricorn hat and a bright red coat with gold-colored epaulets. His hair is styled in a powdered wig, tied back with a dark ribbon. He is dressed in light-colored trousers with dark, high boots, and his hands are in his coat pockets. A long, thin object, possibly a cane or sword, rests against his left leg. A dotted line extends from his lower back area downward, suggesting a stream of liquid. He stands on a patch of green grass with small flowers, and the background is a plain, light gray. The image is rendered with visible brushstrokes and has a flat, illustrative quality. The man’s posture is upright, and he appears to be stationary. The red coat is the most prominent color, contrasting with the muted tones of the background and the grass. The depth of the image is shallow, with the man and the grass in the foreground, and the background fading into a uniform, indistinct plane."
Romanticism/sir-lawrence-alma-tadema_sculptors-in-ancient-rome-1877.jpg,"A large, unfinished marble head dominates the center of the scene, its face partially carved and resting against a rough stone wall. To the right, a bare-chested man stands on a wooden platform, his back to the viewer, holding a tool to his head as if shaping or smoothing the sculpture. He wears a simple brown loincloth and sandals, and a woven basket hangs from his shoulder. To the left, another figure is partially visible, bent over near the base of the sculpture, appearing to work on its lower portion. A third figure, also partially visible, stands behind the sculpture’s left side, near a wooden pillar. A thick wooden pole with rope is positioned on the far right, leaning against the wall. The scene is set in a dim, enclosed space with rough stone walls and wooden supports, suggesting a workshop or quarry. The lighting is subdued, with shadows cast across the sculpture and figures, and the colors are muted, dominated by earthy browns, grays, and the pale white of the marble. The textures are rough and tactile, with visible grain in the stone and wood, and the surfaces of the figures and tools appear worn and practical. The depth of the scene is varied, with the sculpture and central figure appearing closest, while the background elements recede into shadow."
Northern_Renaissance/jean-fouquet_capture-of-jerusalem-by-herod-the-great-1475.jpg,"The artwork depicts a grand, crowded interior scene dominated by a central figure in ornate armor standing on a raised platform, facing a large, golden-encrusted tomb or altar in the center background. To the left and right of the central figure, groups of people are gathered; some appear to be soldiers or attendants, while others are seated or kneeling. In the foreground, a person in a yellow robe kneels on the right, and another figure in blue is partially visible on the left. The scene is framed by massive, intricately carved golden pillars on the left and right sides, rising toward a distant, dimly lit architectural structure in the upper background. The central figure’s armor is detailed with gold and dark tones, and the tomb behind them is surrounded by a low, white stone barrier. The overall color palette is muted, dominated by dim gray, dark slate gray, and gold, with occasional touches of red and blue in clothing. The depth of the scene is varied, with the central figure and the tomb appearing mid-distance, while the pillars and background structures recede into the farthest plane. The foreground contains figures in motion or posture, suggesting a moment of ceremony or confrontation. The lighting is diffuse, with no strong directional light source, and textures are rendered with flat, painted surfaces, typical of the style."
Symbolism/mikalojus-ciurlionis_creation-of-the-world-xi-1906.jpg,"The artwork shows a central, abstract composition dominated by tall, vertical forms that appear to rise from the lower portion of the image. These forms are rendered in muted tones of silver, dark olive green, and rosy brown, with some areas suggesting lighter, almost translucent highlights. The shapes are irregular and fluid, with some curving upward or outward, and others appearing as dense, vertical clusters that resemble pillars or spires. The background is a hazy, indistinct field of similar muted colors, with faint, wispy streaks that suggest smoke or mist. The overall impression is one of layered, vertical structures emerging from a diffuse, atmospheric space.

The most prominent elements are clustered in the center and lower half of the image, with the vertical forms occupying the central and right portions. The left side contains fainter, more diffuse shapes that appear to recede into the background. The forms do not depict figures or recognizable objects, but rather abstract, possibly architectural or organic, structures. There is no clear indication of movement or action, as the forms are static and their orientation is mostly vertical or slightly angled. The depth of the image is varied, with the majority of the visual mass appearing far away, while some elements in the lower center are slightly closer, suggesting a shallow but uneven spatial arrangement.

The visual qualities are defined by a soft, diffuse light that does not cast sharp shadows, and by a texture that appears painterly, with visible brushstrokes and smudges. The colors are subdued and blend into one another, with no strong contrast. The surface appears to be a canvas with visible texture, and the overall effect is one of atmospheric haze and layered depth, with the forms appearing to emerge from or dissolve into the background. The image lacks clear boundaries or defined edges, contributing to a sense of ambiguity and abstraction."
Romanticism/john-everett-millais_the-knight-errant.jpg,"A nude woman with long, dark hair stands to the left, leaning against a large tree trunk. To her right, a man in full armor stands beside the same tree, holding a sword with his right hand, his left hand resting on the hilt. The man’s armor is detailed, with visible plates and red fabric at the wrists. The tree’s bark is light and textured, contrasting with the dark, shadowy background. The scene is set in a forest with bare trees and a dim, muted sky, suggesting a twilight or moonlit setting. The ground is dark and uneven, with a small patch of yellowish material near the woman’s feet. The composition places the figures close together, with the tree as a central vertical element separating them. The lighting is subdued, with highlights on the woman’s skin and the metallic surfaces of the armor, while the rest of the scene remains in deep shadow. The overall impression is one of tension and stillness, with the figures positioned as if caught in a moment of pause or confrontation."
Romanticism/pavel-svinyin_at-the-plantation.jpg,"The artwork depicts a scene with three figures in an outdoor setting, surrounded by smoke and fire. On the left, a man stands on a wooden stump, wearing a dark hat and a yellowish garment, with his hand near his mouth. To his right, two women stand side by side, both wearing long, dark blue dresses. They are holding tools: one holds a spear-like object, the other holds a torch or similar implement. Behind them, a wooden fence runs horizontally across the middle ground. In the foreground, at the bottom, several tree stumps are burning, with visible flames and smoke rising. The background is filled with hazy, indistinct shapes suggesting trees and distant terrain, rendered in muted grays and dark tones. The overall color palette is dominated by gray, dark gray, and muted earth tones, with the blue of the women’s dresses and the yellow of the man’s garment providing slight contrast. The image has a textured, somewhat grainy quality, consistent with an older illustration or print. The depth of the scene is varied, with the burning stumps and figures in the foreground, the fence in the mid-ground, and the hazy background farthest away. The figures are positioned in a way that suggests they are engaged in an activity related to the fire, possibly preparing or tending to it."
Symbolism/james-tissot_etude.jpg,"The artwork shows a close-up portrait of a man’s head and shoulders. He has a long, dark beard and is wrapped in a light gray veil that covers his head and drapes over his shoulders. His face is turned slightly to the left, with his gaze directed forward. He is wearing a dark gray garment that covers his shoulders and chest, with a reddish-brown patch visible near the center of the chest area. The background is a solid steel blue.

The man’s face and beard are centered in the composition, with the veil wrapping around his head and falling over his shoulders. The dark garment is positioned in the lower half of the image, with the reddish-brown patch located near the center of the chest area. The background is a uniform steel blue, filling the entire space behind the figure.

The lighting is subdued, with shadows falling across the man’s face and the veil, creating a sense of depth. The veil has a soft, textured appearance, while the garment appears heavy and matte. The steel blue background is flat and unbroken, providing a stark contrast to the figure. The overall impression is one of stillness and solemnity."
Realism/theodore-rousseau_the-avenue-of-chestnut-trees-1837.jpg,"The artwork depicts a long, narrow path receding into the distance, flanked on both sides by tall, gnarled trees whose branches arch overhead to form a dense, shadowy canopy. The ground is dark and uneven, with the path appearing worn and slightly raised in the center. In the bottom left corner, a small, solitary figure stands near the edge of the path, facing away from the viewer, toward the center of the scene. The trees are thick and imposing, their trunks and limbs rendered in heavy, textured strokes, with no clear distinction between foreground and background. The entire composition is enclosed within a curved, arch-like frame at the top. The image is monochromatic, using shades of dark olive green, gray, and brown, with no bright highlights or color contrast. The surface appears rough and textured, suggesting a medium like charcoal or dry brush. The depth is suggested through the gradual fading of detail toward the center and far end of the path, with the nearest elements appearing darkest and most defined, while the farthest parts dissolve into shadow. The figure remains small and isolated, emphasizing the scale and enclosure of the trees."
Mannerism_Late_Renaissance/jacopo-pontormo_st-matthew-the-evangelist.jpg,"The artwork shows a circular composition with a central, muscular, nude figure with reddish hair and a dark red cloth draped over one shoulder. This figure is positioned above and leaning over a smaller figure below, who appears to be a child with wide eyes and an open mouth, looking upward. The central figure’s left arm extends downward, with the hand near the child’s head, and a red and black feathered wing is visible on the right side of the figure’s body. The background is dark, suggesting a void or shadowy space, and the entire scene is contained within a circular frame.

The central figure dominates the composition, positioned in the upper half of the circle, leaning forward with the body angled slightly to the left. The child is located in the lower center, partially obscured by the central figure’s arm and torso. The wing is visible on the right side of the central figure’s body, extending outward. The dark background fills the space behind and around the figures, with no other objects or figures visible.

The lighting is focused on the central figure’s body and face, with highlights on the skin and the red cloth, while the child’s face and the wing are less illuminated. The colors are muted, with the central figure’s skin appearing in a pale, warm tone, the cloth in a deep red, and the wing in red and black. The background is a uniform dark gray. The texture appears smooth on the skin and cloth, with the wing showing a more defined, feathered texture. The overall impression is one of a dramatic, intimate scene with strong contrast between the illuminated figures and the dark background."
Symbolism/nicholas-roerich_armageddon-1940.jpg,"The artwork depicts a dramatic, fiery scene dominated by intense reds and oranges, with dark, shadowed forms suggesting a ruined or burning structure. The central focus is a mass of swirling, luminous flames that rise from the lower portion of the image, engulfing what appears to be the silhouette of a fortress or castle with multiple towers and walls. These structures are rendered in deep black and dark brown tones, appearing to be consumed or partially obscured by the fire. To the right, a single, isolated tower stands more clearly defined, its top edge slightly illuminated by the glow of the flames. The foreground is dark and indistinct, with no clearly defined objects or figures, but the overall impression is one of overwhelming heat and destruction. The fire’s light creates a strong contrast, with the brightest areas concentrated in the center and upper left, while the rest of the image fades into shadow. The texture suggests a painterly, somewhat smudged surface, with visible brushwork or smears in the flames, giving the image a sense of movement and chaos. The depth is uneven, with the majority of the image appearing close to the viewer, while the distant structures are faint and blurred, reinforcing the sense of scale and intensity."
Symbolism/arnold-bã¶cklin_self-portrait-with-death-as-a-fiddler-1872.jpg,"A man with dark hair and a beard, wearing a dark jacket over a white collar, stands in the center of the image. He holds a paintbrush in his left hand, and a painter’s palette with visible paint stains rests in the bottom right corner. Behind him, to the right, a skeletal figure holds a violin, its hand gripping the instrument’s neck. The man’s gaze is directed slightly upward and to the right, away from the viewer. The background is dark and indistinct, with no clear architectural or environmental details. The palette is positioned in the foreground, near the bottom right, and the brush is held in the man’s left hand, extending toward the center-left. The skeletal figure is partially obscured by the man’s shoulder and appears to be in the mid-ground, behind and to the right. The overall color palette is dominated by dark tones, including black, dark olive green, and dark khaki, with the white collar providing a stark contrast. The surface textures suggest oil paint, with visible brushwork and a rough, uneven application. The depth of the image is shallow, with most of the visual elements clustered in the near foreground, and the skeletal figure positioned slightly behind the man, creating a sense of layered space."
Art_Nouveau_Modern/aubrey-beardsley_the-ascention-of-saint-rose-of-lima.jpg,"Two figures are shown in a close embrace, floating above a landscape. One figure, on the left, wears a long, flowing white gown with a long, braided hair extending down the back, and is adorned with a delicate, beaded necklace. The other figure, on the right, is draped in a dark, heavy robe and wears a tall, ornate crown with radiating spikes. Their faces are close, with the crowned figure’s arm around the other’s shoulder and the other’s hand resting on the crowned figure’s chest. Below them, the ground is depicted as a distant, hilly terrain with sparse trees and a small village or town visible on the left. The entire scene is rendered in black and white, with fine lines and stippling used to suggest texture and depth. The figures appear to be suspended in mid-air, with no visible support. The background is plain and light, with faint, faded lettering at the top that reads “YOVA.” The depth of the image is mostly far, with the figures appearing to float above the landscape, which is rendered with minimal detail and appears distant."
Art_Nouveau_Modern/ferdinand-hodler_wetterhorn.jpg,"The artwork depicts a rugged mountain range covered in snow, with the peaks and slopes rendered in bold, textured strokes of blue, gray, and brown. The sky above is pale and hazy, with faint yellow and white patches suggesting light or clouds. The mountain dominates the entire frame, its jagged forms stretching across the center and sides, with no other figures or objects present. The surface of the painting shows visible brushwork and texture, with areas of white suggesting snow and darker tones indicating rock or shadow. The composition is layered with depth, as indicated by the distribution of pixels: the farthest parts of the mountain appear as a dominant mass, while the foreground and midground contain more detailed, textured areas. The painting is signed in the bottom right corner with the initials “E. Hol” and a date, “1911.”"
Post_Impressionism/mily-possoz_senhoras-num-jardim-1930.jpg,"Two figures are depicted in a stylized, expressive composition. On the left, a woman stands, holding a long, slender object that appears to be a musical instrument, possibly a flute or similar wind instrument. She is dressed in a light-colored garment with vertical folds, and her head is tilted slightly upward. To her right and slightly in front, another woman is seated, reclined in a dark, possibly upholstered chair or bench. She wears a dark, heavy garment and a large, dark green hat or head covering. Her head is tilted back, and her hands are near her chest, suggesting a relaxed or contemplative posture. Behind the seated woman, a large, dark, leafy mass suggests foliage or a decorative element, possibly an umbrella or a plant, positioned in the upper right corner. The background is abstract and textured, with broad strokes of dark gray, dark khaki, and sienna. The overall surface is rough and impasto, with visible brushwork. The figures are rendered with thick, expressive strokes, and the composition is tightly packed, with most of the visual weight concentrated in the center and left areas. The depth is shallow, with the majority of the image appearing close to the viewer, and the background elements receding into a less defined space. The lighting is flat and diffuse, with no strong directional light sources, and the colors are muted and earthy."
Ukiyo_e/utagawa-kunisada_not_detected_240351.jpg,"The artwork depicts a scene with two figures in a domestic interior. A woman lies on her back in the center, partially nude, with her legs bent and feet visible, her arms resting near her body. A man, positioned above her, leans over her, his body angled toward her, with one hand near her shoulder and the other resting on her thigh. Both figures are dressed in traditional Japanese garments, with the man wearing a dark, patterned robe and the woman in a red and black kimono with floral motifs. To the right of the figures, a large, round mirror with a black frame is placed on the floor, reflecting a portion of the scene. In the background, a red table with two seated figures is visible, and above them, a yellow speech bubble contains Japanese text. The room has a green floor and walls with decorative elements, including a red banner with Japanese characters on the right side. The overall color palette is dominated by dim gray, wheat, and rosy brown tones. The depth of the scene is varied, with the figures and mirror in the mid-ground and the background elements appearing farther away. The image is rendered in a style typical of Japanese ukiyo-e woodblock prints, with flat areas of color and bold outlines."
Realism/antã³nio-de-carvalho-da-silva-porto_t-te-de-jeune-fille.jpg,"The artwork shows a portrait of a person, viewed from the chest up, looking slightly to the right. The individual wears a red headscarf wrapped around the head and neck, with loose, frayed ends visible. The garment beneath is light-colored, possibly white or off-white, with visible texture and some darker, irregular markings. The background is plain and light, with no distinct objects or features. The figure’s face is turned toward the viewer, with the gaze directed away, and the mouth is closed. The painting has a textured surface, with visible brushstrokes, and the colors are muted, dominated by earthy tones and the red of the headscarf. The depth of the image is moderate, with the figure positioned in the center, and the background appearing flat and distant. The artist’s signature is visible in the lower left corner."
Mannerism_Late_Renaissance/paolo-veronese_ceiling-of-the-sala-dell-olimpo.jpg,"The artwork depicts a large, ornate ceiling fresco within a domed or vaulted interior space. At the center is a radiant, circular composition featuring a central figure in white robes, surrounded by numerous other figures in dynamic poses, some appearing to rise or fall around them. Above this central scene, the ceiling continues with additional figures in flight or falling, set against a dark, cloudy sky. The entire structure is framed by elaborate architectural elements, including decorative moldings, pilasters, and recessed panels. Along the sides and around the central dome, there are smaller, rectangular panels containing figures, some in dark, shadowy settings, and others in more brightly lit scenes. The overall structure suggests a grand, enclosed space with a complex, symmetrical layout. The central figure is positioned at the visual center, with surrounding figures arranged in a radial pattern around it. The figures in the central scene are mostly in motion, with some reaching toward the central figure, others falling or flying away. The figures in the side panels are mostly static, appearing to be in contemplative or seated poses. The fresco is painted with a palette dominated by dark grays, blues, and muted earth tones, with the central figure and some surrounding figures highlighted by brighter, warmer tones. The architectural elements are rendered in light, detailed relief, suggesting a sense of depth and structure. The overall impression is one of grandeur and complexity, with a strong sense of spatial depth created by the arrangement of figures and architectural elements. The depth of the image is varied, with the central scene appearing to be the most prominent, while the surrounding elements recede into the background. The figures in the central scene are the most detailed and brightly lit, while the figures in the side panels are less detailed and appear to be in shadow. The architectural elements are rendered with a high degree of detail, suggesting a sense of solidity and permanence. The overall composition is complex and layered, with a strong sense of movement and energy in the central scene, contrasted with the more static and contemplative figures in the side panels. The fresco is painted with a high degree of detail, suggesting a sense of realism and precision. The figures are rendered with a high degree of detail, suggesting a sense of realism and precision. The architectural elements are rendered with a high degree of detail, suggesting a sense of solidity and permanence. The overall composition is complex and layered, with a strong sense of movement and energy in the central scene, contrasted with the more static and contemplative figures in the side panels. The fresco is painted with a high degree of detail, suggesting a sense of realism and precision. The figures are rendered with a high degree of detail, suggesting a sense of realism and precision. The architectural elements are rendered with a high degree of detail, suggesting a sense of solidity and permanence. The overall composition is complex and layered, with a strong sense of movement and energy in the central scene, contrasted with the more static and contemplative figures in the side panels. The fresco is painted with a high degree of detail, suggesting a sense of realism and precision. The figures are rendered with a high degree of detail, suggesting a sense of realism and precision. The architectural elements are rendered with a high degree of detail, suggesting a sense of solidity and permanence. The overall composition is complex and layered, with a strong sense of movement and energy in the central scene, contrasted with the more static and contemplative figures in the side panels. The fresco is painted with a high degree of detail, suggesting a sense of realism and precision. The figures are rendered with a high degree of detail, suggesting a sense of realism and precision. The architectural elements are rendered with a high degree of detail, suggesting a sense of solidity and permanence. The overall composition is complex and layered, with a strong sense of movement and energy in the central scene, contrasted with the more static and contemplative figures in the side panels. The fresco is painted with a high degree of detail, suggesting a sense of realism and precision. The figures are rendered with a high degree of detail, suggesting a sense of realism and precision. The architectural elements are rendered with a high degree of detail, suggesting a sense of solidity and permanence. The overall composition is complex and layered, with a strong sense of movement and energy in the central scene, contrasted with the more static and contemplative figures in the side panels. The fresco is painted with a high degree of detail, suggesting a sense of realism and precision. The figures are rendered with a high degree of detail, suggesting a sense of realism and precision. The architectural elements are rendered with a high degree of detail, suggesting a sense of solidity and permanence. The overall composition is complex and layered, with a strong sense of movement and energy in the central scene, contrasted with the more static and contemplative figures in the side panels. The fresco is painted with a high degree of detail, suggesting a sense of realism and precision. The figures are rendered with a high degree"
Mannerism_Late_Renaissance/giorgio-vasari_st-francis-receiving-the-stigmata-1548.jpg,"A man in a long, loose robe kneels on the ground, his hands raised toward the sky as if in prayer or supplication. To his left, another figure lies on the ground, head resting on one hand, appearing to be asleep or in deep rest. Behind them, a large, dark tree dominates the center of the composition, its trunk and branches casting heavy shadow. Above, in the upper left corner, a cluster of small, winged figures appears to be descending or hovering, illuminated by a faint, warm glow. The background shows a distant, hazy landscape with faint outlines of buildings and hills, barely visible through the gloom. The foreground is dominated by the kneeling figure and the reclining figure, with the tree and the sky forming a dark, imposing backdrop. The entire scene is rendered in muted, dark tones—mostly black, dim gray, and dark slate gray—with the only significant light source coming from the small group of figures above, which casts a weak, almost ethereal glow on the surrounding area. The texture of the robe is suggested by folds and shadows, and the ground appears rough and uneven. The depth of the image is shallow, with most of the visual weight concentrated in the foreground, where the figures are positioned, while the background recedes into darkness."
Abstract_Expressionism/raoul-ubac_rythme-circulaire-1972.jpg,"The artwork shows a rectangular composition with a central band of dark blue, layered horizontal lines that curve gently upward at the top and bottom edges. These lines are set against a flat, light gray background that frames the central form. The entire piece is bordered by a thin, uniform white margin on all sides. The blue lines are not solid but appear as multiple parallel, slightly offset bands, creating a sense of depth and movement through their subtle variation in spacing and alignment. The surface texture appears smooth and flat, with no visible brushwork or physical material. The color palette is minimal, consisting of dark blue, light gray, and white, with no other hues present. The depth distribution suggests the central blue form is visually positioned as the primary focus, with the surrounding gray and white areas appearing as a flat, unchanging backdrop. There are no figures, objects, or actions depicted; the work is abstract and geometric in nature."
Pop_Art/valerio-adami_a-midsummer-night-s-dream-1983.jpg,"A woman is depicted in the center of the image, lying on her back with her legs bent and arms spread out, appearing to be in motion or falling. She wears a wide-brimmed hat and a dark, possibly red or maroon, garment that drapes over her torso. Her face is turned upward, with an open mouth and wide eyes, suggesting surprise or alarm. To her right, near the bottom of the frame, is a small, dark-colored dog with its front paws on the ground and its head tilted up, facing the woman. In the background, a large, curved orange shape dominates the upper portion of the image, beneath a dark sky with a crescent moon and scattered stars. To the left, a small sailboat is visible on a flat, yellowish surface that stretches across the lower half of the image. The overall color palette is dominated by black, sienna, and peru tones, with the orange background contrasting sharply against the dark sky. The composition suggests depth, with the woman and dog in the foreground, the boat in the mid-ground, and the sky and orange shape in the background. The image has a stylized, flat quality, with bold outlines and simplified forms, and the depth is distributed with the foreground elements being most prominent."
Baroque/josefa-de-obidos_st-mary-magdalene-1650.jpg,"A woman stands in the center of the composition, her body angled slightly to the left, her head turned toward the right. Her right hand is raised, fingers spread, as if reaching or gesturing toward something out of frame. Her left hand rests near a table in the bottom right corner. On that table, a small oil lamp with a visible flame sits on the right side, casting a warm, focused light. The lamp’s shade is dark and appears to be made of metal or glass. To the right of the lamp, a typewriter is partially visible, its keys and body discernible but mostly in shadow. The woman wears a garment with a white, ruffled sleeve on her left arm and a dark, possibly reddish-brown, fabric draped over her right shoulder and torso. The background is dark and indistinct, suggesting a dimly lit interior. The lighting is dramatic, with a strong, localized glow from the lamp illuminating the woman’s face, her raised hand, and the immediate area around the lamp, while the rest of the scene remains in deep shadow. The overall color palette is dominated by black, tan, and sienna, with the warm light creating a stark contrast. The depth of the image is shallow, with most of the visual focus concentrated in the immediate foreground and mid-ground, while the background recedes into darkness."
Romanticism/john-constable_view-of-salisbury-cathedral-from-the-bishop-s-grounds.jpg,"The artwork shows a large stone church with a tall, pointed spire rising into a cloudy sky, framed by the branches of trees on both sides. In the foreground, a small stream runs across the bottom of the scene, with several cows grazing or standing near its edge. To the left, a dirt path winds through dense foliage, where a person in dark clothing stands near a wooden fence, facing away from the viewer. The church occupies the center background, its detailed Gothic architecture visible despite being partially obscured by trees. The scene is set in a wide, open field that stretches between the foreground and the church, with no other buildings or people visible except for the lone figure and the animals. The sky is filled with gray and white clouds, suggesting an overcast day. The colors are muted, dominated by dark olive green, dark gray, and earthy sienna tones. The textures suggest rough bark on the trees, the smooth stone of the church, and the soft, damp ground near the stream. The depth of the scene is layered, with the trees and path in the immediate foreground, the stream and animals in the mid-ground, and the church and sky in the far background. The composition uses the trees to frame the church, creating a sense of perspective and scale."
Romanticism/jan-matejko_armenian-cathedral.jpg,"The artwork depicts a stone tower rising from the center of the composition, its structure composed of rough, uneven masonry. At its top, a small, rounded roof is crowned with a cross. To the left of the tower, a tall, slender column stands, topped with a statue of a figure in a standing pose. The column is set on a wide, square base and is positioned in the foreground, closer to the viewer than the tower. To the right, a portion of a rounded stone wall is visible, with a small, circular opening near its top. Behind the tower, the rooftops of other buildings are visible, including a chimney and a small spire. The ground level shows a narrow staircase leading up to the tower’s base, flanked by low walls and some vegetation. The entire scene is rendered in monochrome, with varying shades of gray, suggesting a stone and mortar texture. The depth of the image is uneven, with the foreground elements appearing closer and the background structures receding into the distance. The tower dominates the center, while the column on the left and the wall on the right frame the scene. The overall impression is one of a quiet, historic urban setting."
Early_Renaissance/benozzo-gozzoli_st-francis-in-glory-and-saints.jpg,"The artwork shows a ceiling fresco with a central mosaic figure surrounded by radiating panels. The central figure, seated and holding a book, is encircled by a halo and flanked by figures in red robes. Above, the ceiling is divided into sections by dark, geometrically patterned ribs, each containing painted figures with wings, some labeled with Latin names. The figures are arranged in a radial pattern around the center, with their bodies oriented toward the center and their wings spread outward. The central mosaic is positioned at the visual center, with the figures above it arranged symmetrically around it. The fresco is framed by a decorative border at the bottom, containing a series of small, circular medallions. The ceiling structure appears to be supported by pillars visible at the top corners. The dominant colors are rosybrown, darkslategray, and dimgray, with the central figure and surrounding figures rendered in warmer tones against a deep blue background. The painted figures have a flat, stylized appearance, with visible brushwork and a lack of realistic depth. The geometric ribs separating the panels are rendered in a patterned, textured style, suggesting a woven or braided design. The overall composition is symmetrical and structured, with the central figure as the focal point. The depth of the image is varied, with the central mosaic appearing closest, followed by the surrounding panels, and the figures in the upper sections appearing farther away. The depth distribution indicates that most of the image is in the near band, with a significant portion of the central area and the lower border in the near depth, while the upper sections and the outer edges are in the mid and far depth bands."
High_Renaissance/giorgione_view-of-castelfranco-and-shepherd(2).jpg,"A woman sits in the lower portion of the image, positioned toward the center-right, with her body angled slightly away from the viewer. Behind her, occupying the central and upper part of the composition, is a large, indistinct cityscape with multiple towers and walls, rendered in a flat, distant manner. The entire scene is enveloped in a uniform, muted palette of reddish-brown tones, including indianred, rosybrown, and sienna, with no strong contrasts or highlights. The surface of the image has a rough, uneven texture, suggesting aged material or a deliberately grainy finish. The woman appears to be seated on the ground, with her posture suggesting stillness or contemplation, though her exact actions are unclear. The city behind her is not detailed, appearing as a silhouette-like mass with no discernible windows or architectural features. The depth of the image is uneven, with the woman appearing closer to the viewer than the city, which occupies the far background. The overall impression is one of a faded, possibly ancient or deteriorated painting, with no clear focal point beyond the woman’s presence."
Symbolism/franz-stuck_dissonance-1910.jpg,"A large, muscular man with a beard and bare torso sits on a dark stone, his arms raised behind his head, mouth open in a wide expression. To his right, a small child with red hair sits on the same stone, holding a striped mouth organ. Between them, a dark, four-legged animal, possibly a dog or similar creature, is positioned on the stone, facing away from the viewer. The background is a flat, light steel blue, suggesting water or sky. The stone occupies the lower portion of the image, and the figures are arranged in the center and right areas. The man is on the left, the child on the right, and the animal is between them. The surface of the stone is rough and dark, contrasting with the smooth, flat background. The colors are muted, dominated by dark slate gray, gray, and the light steel blue of the background. The textures are rough and solid for the stone and the man’s skin, while the background is smooth and uniform. The child’s skin and the instrument are rendered with less detail, appearing flat and simplified. The depth is shallow, with the stone and figures appearing close to the viewer, while the background recedes. The animal’s form is partially obscured by the man’s body, suggesting it is positioned behind or beside him. The mouth organ is held by the child, its striped pattern visible. The man’s posture suggests he is laughing or shouting, while the child appears focused on the instrument. The animal’s position and orientation are ambiguous, but it appears to be resting or lying down. The overall composition is static, with no motion implied. The lighting is even, with no strong shadows or highlights, contributing to a flat, two-dimensional appearance. The image lacks depth cues beyond the stone and the background, with no clear indication of distance or perspective. The figures are not in motion, and the scene is still. The mouth organ is held by the child, and the instrument is positioned in front of the child’s body. The animal is not interacting with the figures, and its position is static. The man’s arms are raised, and his head is tilted back, suggesting a gesture of excitement or release. The child’s posture is upright, and the instrument is held in front of the child’s chest. The animal’s position is ambiguous, but it appears to be lying down or resting on the stone. The stone is the only solid object in the foreground, and the background is flat and uniform. The image does not contain any other objects or figures. The man’s face is not clearly visible, and his expression is not detailed. The child’s face is not clearly visible, and the instrument is not detailed. The animal’s face is not visible, and its body is not detailed. The stone is the only object that is clearly defined, and the background is flat and uniform. The image does not contain any other objects or figures. The man’s arms are raised, and his head is tilted back, suggesting a gesture of excitement or release. The child’s posture is upright, and the instrument is held in front of the child’s chest. The animal’s position is ambiguous, but it appears to be lying down or resting on the stone. The stone is the only solid object in the foreground, and the background is flat and uniform. The image does not contain any other objects or figures. The man’s face is not clearly visible, and his expression is not detailed. The child’s face is not clearly visible, and the instrument is not detailed. The animal’s face is not visible, and its body is not detailed. The stone is the only object that is clearly defined, and the background is flat and uniform. The image does not contain any other objects or figures. The man’s arms are raised, and his head is tilted back, suggesting a gesture of excitement or release. The child’s posture is upright, and the instrument is held in front of the child’s chest. The animal’s position is ambiguous, but it appears to be lying down or resting on the stone. The stone is the only solid object in the foreground, and the background is flat and uniform. The image does not contain any other objects or figures. The man’s face is not clearly visible, and his expression is not detailed. The child’s face is not clearly visible, and the instrument is not detailed. The animal’s face is not visible, and its body is not detailed. The stone is the only object that is clearly defined, and the background is flat and uniform. The image does not contain any other objects or figures. The man’s arms are raised, and his head is tilted back, suggesting a gesture of excitement or release. The child’s posture is upright, and the instrument is held in front of the child’s chest. The animal’s position is ambiguous, but it appears to be lying down or resting on the stone. The stone is the only solid object in the foreground, and the background is flat and uniform. The image does not contain any other objects or figures. The man’s face is"
Romanticism/alexander-orlowski_portrait-of-a-cabman-1820.jpg,"A man is depicted in a bust portrait, centered in the frame. He has a full beard and curly hair, and wears a dark, wide-brimmed cap with a large, rounded, reddish-brown top that appears to be made of fabric or felt. The cap is adorned with a decorative band around its base, which has a patterned edge. The man’s face is turned slightly to his right, with his gaze directed forward, and his expression is neutral. He is dressed in a dark garment with a high collar, which appears to be lined with fur or a similar textured material. The background is plain and light-colored, with no discernible objects or details. The image has a soft, sketch-like quality, with visible strokes and shading that suggest it was created with pencil or charcoal. The overall color palette is muted, dominated by beige, dim gray, and rosy brown tones. The depth of the image is shallow, with the man’s face and upper body appearing closest to the viewer, while the background recedes into a flat, indistinct space. There is no indication of movement or action; the figure is static. A signature or inscription is present in the lower right corner, but its details are illegible."
Art_Nouveau_Modern/aubrey-beardsley_the-barge.jpg,"The artwork depicts three women seated on a balcony, framed by ornate, draped curtains and decorative architectural elements. The central figure, a woman with a styled updo and a fan, sits facing slightly to the left. To her left, another woman with long, curly hair is turned away, appearing to be in motion or adjusting her posture. To the right, a third woman with voluminous, dark curls is seated with her back partially turned, her hand near her head. The balcony is adorned with intricate, repeating patterns along its front edge, including stylized suns with faces and floral motifs, and is supported by decorative, curved pillars. The background behind the figures is dark and filled with dense, patterned foliage, suggesting an outdoor setting. The overall composition is enclosed by a heavy, decorative border with swirling, leaf-like motifs. The image is rendered in black and white, using fine lines and stippling to suggest texture and depth. The depth of the scene is varied, with the balcony and figures appearing in the mid-ground, while the background foliage and the distant trees are rendered as far away, creating a sense of spatial separation. The foreground includes decorative elements that appear to be part of the balcony’s structure, such as ornamental supports and patterned friezes. The figures are dressed in elaborate, detailed garments with visible patterns and textures, suggesting richness and formality. The image does not contain any visible text or inscriptions."
Baroque/pietro-da-cortona_ceiling-fresco-in-the-hall-of-saturn-1665.jpg,"The artwork shows a highly ornate ceiling, richly decorated with gold leaf and intricate carvings. At the center is a large rectangular painting depicting a dynamic, mythological or religious scene with multiple figures in motion, surrounded by clouds and celestial elements. Flanking this central panel on both sides are two oval paintings, each framed in elaborate gold, showing darker, more subdued scenes with figures. Below the central painting, a smaller circular painting is set within a decorative arch, also framed in gold, and surrounded by sculpted figures and ornamental motifs. The entire ceiling is encased in a complex, gilded framework with repeating patterns, scrolls, and small sculpted figures, some appearing to be cherubs or putti, positioned at the corners and along the edges. The ceiling’s structure suggests a coffered design, with the central panel elevated and surrounded by recessed areas. The gold surfaces are highly reflective, creating a sense of depth and richness, while the surrounding areas are darker, with deep shadows and muted tones. The overall impression is one of grandeur and complexity, with the central scene appearing to be the focal point, drawing the eye inward. The depth of the image is varied, with the central panel appearing closest, while the surrounding elements recede into the background, creating a layered, three-dimensional effect. The lighting is diffuse, highlighting the gold surfaces and casting shadows that emphasize the texture and form of the carvings and paintings. The colors are dominated by gold, dark tones, and muted earthy hues, with the central painting containing brighter, more vibrant colors in its figures and clouds. The textures are varied, with smooth, polished surfaces on the gold, contrasting with the rougher, more detailed carvings and the painted surfaces of the artwork. The overall composition is symmetrical, with the central panel and the surrounding elements arranged in a balanced, formal manner. The depth distribution indicates that the majority of the image is in the near band, with the central panel being the most prominent, while the surrounding elements are slightly further away, creating a sense of depth and perspective. The image is rich in detail, with the gold leaf and carvings appearing to be highly polished and reflective, while the painted scenes are more subdued, with darker tones and less vibrant colors. The overall impression is one of grandeur and complexity, with the central scene appearing to be the focal point, drawing the eye inward. The depth of the image is varied, with the central panel appearing closest, while the surrounding elements recede into the background, creating a layered, three-dimensional effect. The lighting is diffuse, highlighting the gold surfaces and casting shadows that emphasize the texture and form of the carvings and paintings. The colors are dominated by gold, dark tones, and muted earthy hues, with the central painting containing brighter, more vibrant colors in its figures and clouds. The textures are varied, with smooth, polished surfaces on the gold, contrasting with the rougher, more detailed carvings and the painted surfaces of the artwork. The overall composition is symmetrical, with the central panel and the surrounding elements arranged in a balanced, formal manner. The depth distribution indicates that the majority of the image is in the near band, with the central panel being the most prominent, while the surrounding elements are slightly further away, creating a sense of depth and perspective. The image is rich in detail, with the gold leaf and carvings appearing to be highly polished and reflective, while the painted scenes are more subdued, with darker tones and less vibrant colors. The overall impression is one of grandeur and complexity, with the central scene appearing to be the focal point, drawing the eye inward. The depth of the image is varied, with the central panel appearing closest, while the surrounding elements recede into the background, creating a layered, three-dimensional effect. The lighting is diffuse, highlighting the gold surfaces and casting shadows that emphasize the texture and form of the carvings and paintings. The colors are dominated by gold, dark tones, and muted earthy hues, with the central painting containing brighter, more vibrant colors in its figures and clouds. The textures are varied, with smooth, polished surfaces on the gold, contrasting with the rougher, more detailed carvings and the painted surfaces of the artwork. The overall composition is symmetrical, with the central panel and the surrounding elements arranged in a balanced, formal manner. The depth distribution indicates that the majority of the image is in the near band, with the central panel being the most prominent, while the surrounding elements are slightly further away, creating a sense of depth and perspective. The image is rich in detail, with the gold leaf and carvings appearing to be highly polished and reflective, while the painted scenes are more subdued, with darker tones and less vibrant colors. The overall impression is one of grandeur and complexity, with the central scene appearing to be the focal point, drawing the eye inward. The depth of the image is varied, with the central panel appearing closest, while the surrounding elements recede into the background,"
Abstract_Expressionism/sam-francis_untitled-l-213-sf-240-1976.jpg,"The artwork shows a central, abstract form composed of dense, irregular clusters of dark marks and smudges, resembling a mass of ink or pigment. These clusters are surrounded by scattered dots and thin, radiating lines that extend outward across the white background. The form is elongated and asymmetrical, with its darkest concentration toward the center and left, tapering to a lighter, more diffuse edge on the right. The background is mostly white, with faint, intersecting lines and small dots distributed throughout, suggesting a chaotic or energetic field. The overall impression is one of movement and fragmentation, with no clear figures or objects identifiable. The surface appears flat, with no discernible texture or material beyond the marks and lines. The depth is mostly uniform, with the central mass appearing slightly more prominent, but the surrounding elements are spread across the entire canvas with no strong spatial hierarchy."
Symbolism/william-blake_the-number-of-the-beast-is-666.jpg,"The artwork depicts a central, muscular figure with multiple arms and horns, seated on a red cushion, holding a staff in one hand and pointing with the other. Above this figure, a larger, winged figure with a radiant, fiery head and outstretched wings dominates the upper center. The wings are broad and dark, with stars visible within them. The lower figure appears to be on a rocky or uneven surface, with a small, horned creature at its feet. The background is dark and indistinct, with no clear walls or floor, suggesting a void or celestial space. The entire scene is rendered in warm, earthy tones—sienna, saddlebrown, and peru—with strong contrasts between the illuminated figures and the shadowy surroundings. The depth of the image is uneven, with the central figures appearing closest, while the background remains indistinct and recedes into darkness. The surfaces of the figures are textured with visible brushwork, suggesting rough, muscular forms and a sense of physical weight. The composition is centered, with the upper figure looming over the lower one, creating a sense of dominance and scale."
Romanticism/cornelis-springer_altstadtmarkt-in-brunswijk.jpg,"The artwork depicts a bustling town square, framed by large, historic buildings with Gothic architecture. Dominating the background are two tall, pointed spires rising from a central church, flanked by other stone structures with arched windows and gabled roofs. A tall, ornate fountain stands in the center-right of the square, its dark, carved base and spire contrasting with the lighter buildings around it. The square is filled with people, some walking, others gathered in groups, and a few individuals appear to be tending to carts or wagons. A horse-drawn cart is visible in the lower center, and another cart is partially seen on the left. The ground is paved with cobblestones, and the scene is set under a pale, cloudy sky. The overall color palette is muted, dominated by grays, browns, and dark tones, with some lighter areas suggesting sunlight filtering through the clouds. The depth of the scene is varied, with the foreground showing the crowd and carts, the midground containing the fountain and buildings, and the background occupied by the distant spires and sky. The lighting is diffuse, casting soft shadows and giving the scene a calm, everyday atmosphere."
Cubism/saul-steinberg_head-1945.jpg,"The artwork shows a stylized profile of a head and shoulders, facing left. The figure has a sharply pointed, elongated nose and a large, detailed eye on the left side of the face. The hair is thick, curly, and densely rendered, covering the right side of the head. A wide, dark band extends across the top of the head, from left to right, and is decorated with a cluster of feathers and small flowers at the upper right. Two long, thin, dark lines curve outward from the left side of the head, extending toward the top left and bottom right corners of the image. The figure’s shoulders are visible, rendered in a solid, dark purple shape. The background is a flat, light gray surface. The entire image is printed in a single dark purple color, with fine lines and textures suggesting depth and form. The depth of the image is mostly far, with most of the area appearing flat and distant, while the head and shoulders are slightly more in focus. There is no visible foreground or background separation, and no other objects or figures are present."
Early_Renaissance/benozzo-gozzoli_san-domenico-annunciation.jpg,"The artwork depicts two figures separated by a vertical pillar. On the left, an angel with large, feathered wings stands facing right, its hands clasped near its chest. The angel wears a long, flowing robe of reddish-orange hue, with a golden halo above its head. To the right, a woman kneels on the floor, her body angled slightly toward the angel. She wears a red garment under a dark blue cloak, and holds a small, dark object in her hands, which are clasped together. Both figures have golden halos. The pillar between them is narrow and decorated with a repeating floral or geometric pattern along its edge. The background behind the angel is dark and indistinct, while the area behind the woman shows a patterned rug and a wall with a reddish-brown, textured surface. The overall color palette is dominated by dark slate gray, sienna, and peru tones, with the reds and golds of the figures standing out. The surfaces of the robes and wings appear to have a matte, slightly textured finish, and the pillar has a more defined, patterned edge. The depth of the scene is uneven, with the figures and the pillar appearing closest to the viewer, while the background elements recede into shadow."
Realism/john-lewis-krimmel_the-village-tavern.jpg,"The artwork depicts a lively, crowded interior, likely a tavern or pub, filled with numerous people in various poses and interactions. A central table occupies the lower center, with several figures seated or standing around it. A man in a light-colored coat and hat stands near the center, gesturing with his hands, while others are seated at the table, some holding drinks, others engaged in conversation or reacting to the central figure. To the left, a group of men stands near a bar area, with one man in a dark coat and hat appearing to be in conversation with another. A woman in a dark dress stands near the center-left, holding a white cloth or garment. A small child in a reddish dress sits on the floor near the table, facing the central group. A stool is positioned near the table, and a dog lies on the floor to the right of the table. In the background, shelves with bottles and a large white bowl are visible, and a poster or sign hangs on the wall in the upper left corner. The overall scene is dimly lit, with shadows dominating the space, and the colors are mostly dark shades of gray and muted tones. The depth of the scene is varied, with the foreground elements, such as the table and the figures seated around it, appearing closest to the viewer, while the background elements, including the bar area and the shelves, recede into the distance. The figures are mostly in motion or engaged in dynamic interactions, suggesting a bustling, active environment."
Realism/boris-kustodiev_a-balloon-seller-1915.jpg,"A man stands in the foreground, wearing a long blue coat, a dark hat, and patterned boots, holding a large cluster of colorful balloons in his right hand. He is positioned slightly to the left of center, facing forward with his body angled slightly to the viewer’s left. Behind him, to the left, is a building with a sign that reads “ТОЛСТАЯ АЛЮМИНИЯ” in Cyrillic letters. The building has a snow-covered roof and a visible arched doorway. To the right of the man, in the background, a church tower with a red roof and a cross rises above the snow-covered landscape. The sky is pale and filled with dark birds in flight, scattered across the upper portion of the image. The ground is covered in snow, and a small, dark, rounded object lies on the snow near the man’s left foot. The overall color palette is dominated by muted tones, with the balloons providing bright red, green, and blue accents. The painting has a textured surface, with visible brushwork and a somewhat impressionistic quality. The depth of the scene is varied, with the man and the balloons closest to the viewer, the building behind him in mid-distance, and the church tower and sky in the far background."
Baroque/anthony-van-dyck_studies-of-a-man0s-head.jpg,"The artwork shows two male faces in profile, side by side, against a dark background. The figure on the left is turned slightly toward the viewer, with a visible beard covering the lower face and neck. The figure on the right is angled away, with the face turned downward and to the right, also with a full beard. Both faces are rendered with rough, textured brushwork, and the skin appears aged with deep lines and wrinkles. The hair is dark and curly, with some strands falling across the forehead. The lighting is dim, with highlights on the cheeks and noses, suggesting a single light source from the upper left. The background is uniformly dark, with no discernible objects or features. The overall impression is one of solemnity and intensity, with the figures appearing to be in deep thought or contemplation. The depth of the image is shallow, with the faces appearing close to the viewer, and the background receding quickly. The colors are muted, dominated by dark browns, blacks, and some rosy tones on the skin. The texture of the paint is rough and visible, with thick, impasto strokes, especially around the beards and hair. The figures are not in motion, and there are no objects or other elements in the scene. The composition is tightly focused on the faces, with no other elements to distract from them. The image does not contain any text or inscriptions. The figures are not wearing any clothing, and their expressions are not clearly defined, but they appear to be serious and introspective. The image does not contain any other figures or objects, and the background is completely dark. The image is not a portrait of a single person, but rather two separate faces, possibly representing two different individuals or the same person in different states. The image does not contain any other elements, and the focus is entirely on the two faces. The image is not a depiction of a specific event or scene, but rather a study of the human face, with an emphasis on texture, light, and emotion. The image does not contain any other elements, and the focus is entirely on the two faces. The image is not a depiction of a specific event or scene, but rather a study of the human face, with an emphasis on texture, light, and emotion. The image does not contain any other elements, and the focus is entirely on the two faces. The image is not a depiction of a specific event or scene, but rather a study of the human face, with an emphasis on texture, light, and emotion. The image does not contain any other elements, and the focus is entirely on the two faces. The image is not a depiction of a specific event or scene, but rather a study of the human face, with an emphasis on texture, light, and emotion. The image does not contain any other elements, and the focus is entirely on the two faces. The image is not a depiction of a specific event or scene, but rather a study of the human face, with an emphasis on texture, light, and emotion. The image does not contain any other elements, and the focus is entirely on the two faces. The image is not a depiction of a specific event or scene, but rather a study of the human face, with an emphasis on texture, light, and emotion. The image does not contain any other elements, and the focus is entirely on the two faces. The image is not a depiction of a specific event or scene, but rather a study of the human face, with an emphasis on texture, light, and emotion. The image does not contain any other elements, and the focus is entirely on the two faces. The image is not a depiction of a specific event or scene, but rather a study of the human face, with an emphasis on texture, light, and emotion. The image does not contain any other elements, and the focus is entirely on the two faces. The image is not a depiction of a specific event or scene, but rather a study of the human face, with an emphasis on texture, light, and emotion. The image does not contain any other elements, and the focus is entirely on the two faces. The image is not a depiction of a specific event or scene, but rather a study of the human face, with an emphasis on texture, light, and emotion. The image does not contain any other elements, and the focus is entirely on the two faces. The image is not a depiction of a specific event or scene, but rather a study of the human face, with an emphasis on texture, light, and emotion. The image does not contain any other elements, and the focus is entirely on the two faces. The image is not a depiction of a specific event or scene, but rather a study of the human face, with an emphasis on texture, light, and emotion. The image does not contain any other elements, and the focus is entirely on the two faces. The image is not a depiction of a specific event or scene, but rather a study of the human face, with an"
Color_Field_Painting/gene-davis_franklin-s-footpath-1972(1).jpg,"A wide, straight path stretches forward, painted with broad, parallel stripes of vivid color—red, yellow, blue, purple, and pink—running from the foreground to a distant building. On the right side of the path, near the bottom, a person stands, bent slightly forward, holding a long-handled tool, possibly a brush or rake, and appears to be working on the painted surface. Two small, dark containers sit on the ground beside them. The path is flanked on both sides by rows of tall, dark trees, their foliage dense and uniform. At the far end of the path, a large, light-colored building with a central entrance and a small dome or pediment is visible, centered in the distance. The sky above is pale and even, suggesting an overcast day. The ground surface shows cracks and wear, especially near the foreground. The colors are saturated and bold, contrasting sharply with the muted, dark gray tones of the trees and the distant building. The perspective is straight-on, emphasizing the path’s length and the person’s small scale in relation to the vast, colorful expanse."
Color_Field_Painting/anne-truitt_remember-no-6-1999.jpg,"The artwork shows a flat, rectangular surface divided horizontally into two distinct bands. The upper portion is a solid, vibrant crimson color, covering most of the area. The lower portion is a solid, deep black, forming a narrow horizontal strip along the bottom edge. The entire surface has a textured appearance, with visible brushstrokes or impasto that create a rough, uneven surface across both color fields. The edges of the painted area are irregular, with some raised texture and slight fraying at the top and sides, suggesting the work was applied to a physical surface like canvas or board. There are no figures, objects, or spatial arrangements beyond this two-color division. The depth of the image is minimal, with the entire surface appearing flat and two-dimensional, as indicated by the uniform texture and lack of perspective cues. The colors are bold and saturated, with no gradations or blending between the crimson and black areas."
Romanticism/ivan-aivazovsky_the-shipwreck-1894.jpg,"A large, old sailing ship with multiple masts and rigging is shown struggling in turbulent, dark blue-green water. The ship is tilted, its hull partially submerged, and its sails are furled or torn. To the right of the ship, a smaller, dark boat is visible, appearing to be in motion or drifting. The sea is rough, with large waves and white foam, suggesting strong winds and high seas. The sky is a flat, pale gray, with no visible sun or clouds, creating a somber, overcast atmosphere. The entire scene is rendered in muted, cool tones, with the water and sky blending into a hazy, indistinct horizon. The ship’s position is toward the left-center of the frame, with the smaller boat to its right. The waves and foam are concentrated around the ship, indicating the force of the sea against it. The painting’s surface has a textured, slightly grainy quality, typical of watercolor or a similar medium. The depth of the scene is suggested by the way the waves and the distant horizon fade into a blur, with the ship and the smaller boat appearing closer than the background. The overall impression is one of struggle and isolation in a vast, indifferent sea."
Art_Nouveau_Modern/boris-kustodiev_the-guy-from-tula-1926.jpg,"A joker stands centered in the image, facing forward with hands on hips. The figure wears a tall, dark hat with a brown band, a red neckerchief, a dark blue vest with black dots over a white shirt, a white skirt with a red patterned hem, and striped blue and white shorts. The figure’s legs are covered by socks with red stripes and small red patterns, and the feet are bare. The background is a plain, light tan surface with visible creases and stains. The figure’s face is painted with a wide smile and a red nose, suggesting a playful or humorous character. The image has a textured, aged appearance with uneven coloration and some smudges. The depth of the image is mostly far, with the figure appearing flat against the background, and no clear foreground or background separation."
Art_Nouveau_Modern/alexandre-benois_a-coachman-and-a-nurse-costume-design(1).jpg,"A woman and a man stand side by side, facing slightly toward the viewer. The woman, positioned on the left, wears a long, flowing dress with a light blue skirt patterned with small red dots and a white bodice with a blue sash. Her head is covered with a white veil, and she holds her hands near her head as if adjusting it. The man, on the right, is dressed in a red coat with gold trim, dark blue trousers, and a black hat with a gold band. He has a beard and is smiling broadly, holding a sword in his right hand, with his left hand resting on the woman’s shoulder. The background is plain and light-colored, with no distinct objects or structures. The overall scene suggests a moment of interaction between the two figures, with the man’s posture and the woman’s gesture indicating a playful or lighthearted moment. The colors are muted, with the red of the man’s coat and the blue of the woman’s dress standing out against the pale background. The depth of the image is shallow, with most of the scene appearing far away, and the figures are positioned close to the viewer, though the background is indistinct."
Post_Impressionism/vincent-van-gogh_three-cicadas-1889.jpg,"The artwork shows three separate drawings of insects, likely cicadas, arranged vertically in a column. Each insect is depicted in a side profile, facing left, with wings extended. The drawings are rendered in black ink on a light gray, textured surface that resembles fabric or paper. The insects are not connected to each other or to any other objects; they occupy distinct positions in the frame, one above the other, with no overlapping or interaction between them. The top insect is slightly smaller and appears to be in a more upright posture, while the middle and bottom insects are larger and more detailed, with visible wing venation and segmented bodies. The bottom insect has a small, faint motion line beneath it, suggesting movement. The background is uniform and unadorned, with no other elements present. The surface has a visible weave or grain, and the ink lines are consistent in thickness, with some areas showing faint smudging or fading. The overall impression is that of a scientific or observational sketch, with no emotional or symbolic context provided."
Art_Nouveau_Modern/theodor-severin-kittelsen_har-dyrene-sj-l-cover-1894.jpg,"The artwork shows a cartoonish man in a dark suit and top hat, bent forward with his hands clasped near his chest, looking upward. Above him, to the right, is a large, stylized butterfly with tan wings marked by black spots and red-orange patches. The man’s top hat is held in his left hand, tilted slightly backward. The background is a flat, pale antique white, with no other objects or figures. The text “Har Dyrene Sjal?” is written in a flowing, dark script across the upper left and center, with the name “Th. Kitten” above it in a smaller, similar script. The depth of the image is mostly far, with the man and butterfly appearing to be on the same plane, and the text slightly closer. The colors are muted, dominated by antique white, dim gray, and tan, with the red-orange on the butterfly providing a small contrast. The textures are flat and illustrative, with no visible brushwork or surface detail."
Cubism/franz-marc_deer-in-a-monastery-garden-1912.jpg,"The artwork shows a complex, abstract composition made of overlapping, angular shapes in bold, contrasting colors. There is no clear figure or recognizable object, but the image is dominated by jagged forms in green, yellow, red, purple, and dark tones. The center of the image contains a cluster of green shapes that appear to form a central mass, surrounded by intersecting lines and blocks of color. The left side features vertical and diagonal bands of red, purple, and yellow, while the right side is filled with green and yellow shapes that cut across the canvas. The top portion contains curved and angular forms in orange, purple, and blue, suggesting movement or distortion. The bottom area is mostly dark, with some red and green patches. The image has a strong sense of depth, with the majority of the visual weight in the near area, followed by mid-distance elements, and very little in the far background. The colors are applied with visible brushstrokes, giving the surface a textured, layered feel. The overall impression is one of energetic, chaotic movement, with no clear focal point or narrative."
Art_Nouveau_Modern/aubrey-beardsley_albert-in-search-of-his-ideals-1897.jpg,"The artwork depicts three figures in a stylized, flat composition. On the left, a man stands in profile, facing right, wearing a large, ornate hat with decorative chains and a wide, embellished collar. He holds a slender object, possibly a cane or stick, in his right hand, which is extended forward. His left hand is near his side, and he wears a dark jacket with a light-colored, patterned vest and matching trousers. His feet are in small, dark shoes with decorative elements. In the center, a woman stands facing slightly to the right, wearing a long, flowing gown with a large bow at the waist and a feathered hat. Her posture is upright, and she appears to be looking toward the man on the left. On the right, another woman is shown in silhouette, facing left, wearing a tall, decorated hat and carrying a large, round, patterned basket in her left hand. Her right hand rests on the basket. The background is a uniform, light gray, with no discernible objects or features. The entire image is rendered in black, white, and shades of gray, with no visible color. The figures are drawn with clear outlines and detailed patterns, suggesting a printed or illustrated style. The depth of the image is shallow, with most of the area appearing far away, and the figures are positioned in a horizontal line across the frame."
Romanticism/gustave-dore_transformation-into-snakes.jpg,"The artwork depicts a dark, cavernous scene with several figures in various states of distress or transformation. In the center foreground, a man lies on the ground, partially covered by a large, coiled serpent. To his left, another figure is curled up on the ground, seemingly unconscious or in pain. Behind them, a third figure stands, holding the man’s arm, while a fourth figure lies nearby, also entwined with a serpent. The background is filled with a chaotic mass of writhing, multi-limbed creatures, possibly octopuses or serpents, rising from the darkness. The floor is uneven and rocky, with shadows and textures suggesting a deep, confined space. The entire scene is rendered in monochrome, with stark contrasts between light and dark areas, emphasizing the grim, oppressive atmosphere. The figures are positioned in a way that suggests a struggle or a descent into a terrible fate, with the serpents wrapping around the bodies and the creatures in the background adding to the sense of overwhelming horror. The depth of the scene is conveyed through the layering of figures and the use of shadow, with the foreground elements appearing more defined and the background fading into darkness. The texture of the image is rough and detailed, with fine lines suggesting the roughness of stone and the sinewy forms of the creatures. The overall impression is one of dread and transformation, with the figures appearing to be in a state of being consumed or changed by the serpents."
Art_Nouveau_Modern/aubrey-beardsley_bathyllus-taking-the-pose.jpg,"A nude woman stands in the center of the image, her body angled slightly to the right, with her head turned toward the upper right corner. Her left arm is extended outward and upward, with the hand open and fingers splayed. Her right arm is bent at the elbow, and her hand is placed near her lower abdomen. Her hair is long, dark, and curly, flowing down her back and trailing behind her. The figure’s body is rendered with bold, continuous black lines, and the skin is left as a blank white space. The image is framed by a thin black border. In the lower right corner, the word “BATHYLLVS” is written in capital letters. The background is plain white, with no other objects or details. The depth of the image is mostly far, with the figure appearing to be the only object in the scene. The image is in black and white, with no color or texture visible."
Post_Impressionism/maurice-prendergast_beach-at-st-malo-1.jpg,"The artwork depicts a lively beach scene with a wide expanse of water and sky above, and a crowded shoreline below. In the foreground, many figures are gathered on the sand, some standing in groups, others sitting or moving about. A few individuals appear to be interacting or walking toward the water’s edge. To the left, a small yellow building with a green roof stands near the shore, alongside other structures that look like tents or temporary shelters. A lighthouse is visible in the midground, positioned on a rocky outcrop near the water’s edge. Several boats are scattered across the water, some close to the shore, others further out. The sky above is filled with swirling clouds in shades of purple, orange, and blue, suggesting a dramatic or changing weather condition. The beach itself is rendered in warm, earthy tones, with the sand appearing in shades of brown and orange. The water is depicted in deep blue, with visible waves and reflections. The overall composition suggests a busy, active day at the seaside, with people enjoying the environment. The painting uses bold, expressive brushstrokes and a vibrant, somewhat chaotic color palette to convey energy and movement. The depth of the scene is suggested through the layering of elements, with the beach and figures in the foreground, the water and distant land in the midground, and the sky dominating the upper portion of the image. The painting appears to be rendered in a loose, impressionistic style, with visible texture and a lack of fine detail, emphasizing mood and atmosphere over precise representation."
Symbolism/konstantin-bogaevsky_feodosia-1926.jpg,"The artwork depicts a village nestled on a rugged, rocky hillside under a heavy, dark sky. The village consists of many closely packed buildings with low, sloping roofs, clustered together on the slope. A larger, more imposing structure stands atop the highest point of the hill, appearing as a fortress or church with a flat roof. The foreground is dominated by barren, leafless trees and uneven, rocky terrain. A stone bridge or archway is visible in the lower center, partially obscured by the ground and trees. The sky is filled with thick, swirling clouds, mostly dark gray and slate, with a faint, pale area near the left edge suggesting a distant mountain or peak. The overall color palette is muted, consisting of dark slate gray, gray, and dark olive green, with no bright or warm tones. The textures suggest rough stone, weathered wood, and shadowed earth, with the surfaces appearing flat and unpolished. The depth of the scene is layered, with the foreground elements closest to the viewer, the village and hillside in the middle ground, and the sky and distant mountain in the background. The composition is wide and horizontal, with the village occupying the center and left portions of the frame, while the sky and rocky outcrops dominate the upper and right areas. There are no visible figures or moving elements; the scene is static and still."
Romanticism/gustave-dore_the-children-destroyed-by-bears-1866.jpg,"The artwork depicts a chaotic, tense scene with multiple figures in a rugged, wooded area. At the center, two large, menacing bears stand on their hind legs, facing inward toward a group of people. The figures are scattered across the ground and rocks, some climbing trees, others falling or crouching, all appearing to flee or react to the bears. A tall, cloaked figure stands in the upper left, observing the scene from a distance. To the right, a bare tree rises, and near its base, a man is seen crouching or crawling. In the lower right, another figure is bent over, seemingly in distress or exhaustion. The ground is uneven and rocky, with the figures positioned at various depths, suggesting a three-dimensional space. The image is rendered in grayscale, with strong contrasts between dark and light areas, creating a sense of depth and drama. The texture of the bears’ fur and the roughness of the trees are detailed, while the clothing of the figures is depicted with folds and movement, indicating urgency and struggle. The overall composition conveys a sense of danger and disorder, with the bears as the central focus and the humans as victims or survivors caught in the moment."
Early_Renaissance/domenico-ghirlandaio_coronation-of-the-virgin-1490.jpg,"The artwork depicts a large, arched ceiling fresco within a church, showing a celestial scene with numerous figures arranged in tiers. At the top center, two central figures sit on elevated thrones, surrounded by angels and other figures in flowing robes. Below them, multiple rows of figures are arranged in horizontal bands, some seated, some standing, all facing inward toward the center. The lower portion of the image includes a stained glass window set within an arched frame, and below that, a row of figures seated on a platform. The entire composition is framed by an ornate, arched architectural structure with decorative molding. The fresco is painted in muted tones, with some areas showing signs of aging or damage. The figures are rendered in a style that suggests religious iconography, with visible gestures and postures indicating reverence or contemplation. The stained glass window below is colorful, with blue and red hues, and contains a central figure surrounded by smaller figures. The overall impression is one of solemnity and grandeur, with the figures arranged in a hierarchical, symmetrical fashion. The depth of the scene is conveyed through the layered arrangement of figures and architectural elements, with the central figures appearing closest and the outer figures receding into the background. The fresco is set within a stone or plastered architectural frame, with visible textures and patterns along the edges. The image suggests a sense of awe and reverence, with the figures appearing to be in a state of spiritual contemplation or judgment. The colors are subdued, with occasional bright accents in the stained glass window. The overall composition is complex, with multiple layers of figures and architectural elements, creating a sense of depth and scale. The fresco is likely part of a larger religious artwork, with the figures arranged in a way that suggests a narrative or symbolic meaning. The image is rich in detail, with the figures and architectural elements rendered in a way that suggests a high level of craftsmanship. The fresco is likely to be found in a church or cathedral, with the figures arranged in a way that suggests a religious or spiritual theme. The image is likely to be viewed from a position that allows the viewer to see the entire fresco, with the central figures appearing to be the focus of the composition. The fresco is likely to be viewed from a position that allows the viewer to see the entire fresco, with the central figures appearing to be the focus of the composition. The fresco is likely to be viewed from a position that allows the viewer to see the entire fresco, with the central figures appearing to be the focus of the composition. The fresco is likely to be viewed from a position that allows the viewer to see the entire fresco, with the central figures appearing to be the focus of the composition. The fresco is likely to be viewed from a position that allows the viewer to see the entire fresco, with the central figures appearing to be the focus of the composition. The fresco is likely to be viewed from a position that allows the viewer to see the entire fresco, with the central figures appearing to be the focus of the composition. The fresco is likely to be viewed from a position that allows the viewer to see the entire fresco, with the central figures appearing to be the focus of the composition. The fresco is likely to be viewed from a position that allows the viewer to see the entire fresco, with the central figures appearing to be the focus of the composition. The fresco is likely to be viewed from a position that allows the viewer to see the entire fresco, with the central figures appearing to be the focus of the composition. The fresco is likely to be viewed from a position that allows the viewer to see the entire fresco, with the central figures appearing to be the focus of the composition. The fresco is likely to be viewed from a position that allows the viewer to see the entire fresco, with the central figures appearing to be the focus of the composition. The fresco is likely to be viewed from a position that allows the viewer to see the entire fresco, with the central figures appearing to be the focus of the composition. The fresco is likely to be viewed from a position that allows the viewer to see the entire fresco, with the central figures appearing to be the focus of the composition. The fresco is likely to be viewed from a position that allows the viewer to see the entire fresco, with the central figures appearing to be the focus of the composition. The fresco is likely to be viewed from a position that allows the viewer to see the entire fresco, with the central figures appearing to be the focus of the composition. The fresco is likely to be viewed from a position that allows the viewer to see the entire fresco, with the central figures appearing to be the focus of the composition. The fresco is likely to be viewed from a position that allows the viewer to see the entire fresco, with the central figures appearing to be the focus of the composition. The fresco is likely to be viewed from a position that"
High_Renaissance/pietro-perugino_pala-di-sant-agostino-adoration-of-pastors.jpg,"A figure, appearing to be an angel, stands in full armor, facing forward. The figure has large, dark wings extending from its back, with a red ribbon tied around the head. The armor is dark, metallic, and detailed with small red accents. The figure holds a shield in the left hand and a sword in the right hand, both resting on the ground. The background shows a landscape with distant hills and a blue sky. The figure’s feet are firmly planted, and the armor covers the entire body, including the legs and arms. The shield is ornate, with a central emblem and decorative patterns. The sword is positioned diagonally across the figure’s body. The overall composition is centered, with the figure occupying the majority of the frame. The lighting is even, with no strong shadows, and the colors are muted, dominated by dark tones. The depth of the image is shallow, with the figure appearing close to the viewer, while the background is slightly blurred. The texture of the armor is smooth and reflective, while the wings and shield have a more textured appearance. The figure’s face is visible, with a neutral expression, and the eyes are directed toward the viewer. The overall impression is one of stillness and formality."
Early_Renaissance/andrea-mantegna_the-dead-christ-1478.jpg,"A man lies on a bed in the center of the scene, his body covered by a heavy, draped cloth that clings to his form. His head is tilted back, eyes closed, mouth slightly open, suggesting he is dead or in deep repose. His hands are relaxed, one resting near his side, the other slightly curled. To the left, a woman stands, her face turned toward the man, her hand raised to her face as if wiping her eyes or covering her mouth. She appears to be in distress, her posture and gesture conveying sorrow. The bed is positioned against a dark background, with a cushioned headboard visible behind the man’s head. The overall color palette is muted, dominated by dark olive green, gray, and dark slate gray. The textures suggest heavy fabric and rough, shadowed surfaces, with no bright or vibrant colors. The depth of the scene is varied, with the bed and the woman in the foreground, and the background receding into shadow, creating a sense of intimacy and solemnity."
Symbolism/ferdinand-hodler_saleve-in-autumn-1891.jpg,"The artwork depicts a wide river flowing across the foreground, its surface textured with swirling blues, greens, and whites that suggest movement and ripples. Behind the river, a large, steep mountain rises, its upper edge a jagged, light-colored cliff face, while the lower slopes are covered in dense, warm-toned vegetation in shades of rosy brown and orange. Nestled near the base of the mountain, on a small green patch of land, are a few small buildings, one with a dark roof and another with a lighter, possibly white, wall. The sky above is a flat, pale, light greenish-gray. The painting is signed in the lower right corner with the name “F. Huddler.” The river occupies the center and foreground, with the mountain dominating the background. The buildings are positioned toward the center-right, slightly below the mountain’s base. The colors are applied in visible, textured strokes, with the river’s surface showing a mix of cool and warm tones, and the mountain’s slopes rendered in warm, earthy hues. The sky is uniformly pale, lacking detail or variation. The overall impression is one of a natural, rugged landscape with a sense of quiet, unbroken flow."
Symbolism/nicholas-roerich_kangchenjunga-1937-1.jpg,"The artwork depicts a mountainous landscape viewed from a low angle, with a large, dark, jagged mountain dominating the right side of the frame. In the distance, across a wide expanse of water, another range of mountains rises, their peaks covered in white, suggesting snow. To the left, a smaller, pointed mountain shape appears in the foreground, rendered in a muted purple tone. The sky above is a flat, pale teal, with no clouds or other features. The water between the mountains is a uniform, cool blue-green. The overall composition suggests depth, with the foreground mountain on the right appearing closest, the mid-ground water and distant mountains receding into the background. The colors are subdued and desaturated, with the dominant tones being various shades of gray, purple, and teal. The textures are smooth and flat, with no visible brushwork or surface detail, giving the image a stylized, almost abstract quality. The scene is static, with no figures or movement depicted."
Romanticism/eugene-delacroix_the-rape-of-sabine-women(1).jpg,"The painting depicts a chaotic, violent scene set in an outdoor, possibly urban or ruinous environment. In the center, a figure in dark, tattered clothing is engaged in a struggle with another figure, their bodies twisted and limbs entangled. Around them, other figures are scattered across the ground, some on horseback, others fallen or in motion, suggesting a battle or uprising. In the upper portion, a tall, dark pillar stands, and behind it, a few figures are visible on a raised platform or wall, one of whom appears to be holding a red cloth or garment. The foreground is dominated by the fallen and the writhing, with the ground appearing uneven and littered with debris. The overall impression is one of intense physical conflict and disorder. The scene is rendered in dark, muted tones—mostly dark olive green, gray, and black—with minimal bright color, and the brushwork is rough and textured, suggesting movement and chaos. The depth of the image is shallow, with most of the action concentrated in the near foreground, while the background figures and structures are distant and less defined. A small, indistinct figure appears in the bottom left corner, possibly a painter or observer, but their role is unclear. The composition is crowded and dynamic, with no clear focal point, emphasizing the disorder of the moment."
Realism/vasily-polenov_terem-palace-exterior-1877.jpg,"The artwork depicts a monastery complex with multiple towers and domes under a partly cloudy sky. The buildings are constructed from light-colored stone, with decorative elements including arched windows, ornate carvings, and small religious icons. A tall, pointed spire rises prominently in the center, flanked by other structures with golden domes and red-tiled roofs. On the right side, a large, weathered stone pillar stands near the edge of the composition. The ground in the foreground is flat and appears to be paved or earthy, with no visible figures or objects on it. The sky above is blue with scattered white clouds. The overall impression is one of architectural grandeur and solemnity. The painting uses a palette of muted tones, including tan, gray, and dark olive green, with highlights suggesting sunlight on the stone surfaces. The brushwork is visible, indicating an impressionistic style, with textures that convey the roughness of stone and the softness of sky. The depth of the scene is varied, with the central spire and surrounding buildings appearing to recede into the background, while the foreground elements are rendered with less detail."
Baroque/esaias-van-de-velde_the-robbery-1616.jpg,"The artwork depicts a scene of a skirmish or confrontation in a rural landscape. In the foreground, several figures are engaged in what appears to be a fight or chase. One man is mounted on a light-colored horse, which is rearing or moving forward, while others are on foot, some wielding weapons or running. One figure lies on the ground, seemingly injured or dead, with another person bending over them. To the right, a man in a wide-brimmed hat stands with a weapon raised, and another figure runs away toward the right edge of the scene. A horse is also visible in the distance on the right, moving away from the central action. On the left side of the composition, a large, partially collapsed brick structure with a thatched roof dominates the left portion of the image, surrounded by trees and foliage. The background consists of a wide, open field with trees on the horizon under a cloudy sky. The lighting is dim, with a warm, yellowish glow in the upper right corner, suggesting either late afternoon or a low sun. The colors are mostly earthy and muted, with dark olive greens, dark khaki, and dark slate gray dominating the palette. The textures suggest rough brushwork, with visible strokes and a sense of depth created by the spatial arrangement of the figures and structures. The depth of the scene is varied, with the foreground figures and the collapsed building appearing closest, while the distant field and horizon are rendered with less detail and more atmospheric haze."
Realism/mykola-pymonenko_victime-of-fanatisme-1899.jpg,"A group of people gathers in an open, muddy area beside a wooden fence, under a heavy, overcast sky. In the center, a man in a light-colored vest and dark trousers holds a long stick, facing away from the viewer, while another man in a dark coat stands nearby, gesturing with his hands raised. To the right, a woman in a light-colored dress stands on the fence, her arms raised, while a man in a dark coat and hat stands beside her, also with his arms raised. On the left, a group of people, including a child running toward the center, are clustered together, some looking toward the central figures. In the bottom right corner, a woman in a dark dress kneels on the ground, her hands covering her face. Behind the group, a wooden structure with a sloped roof and a small chimney is visible, with smoke rising from it. The ground is uneven and covered in dirt and sparse vegetation. The overall color palette is muted, dominated by dark grays, browns, and dull tones, with the woman’s dress and the child’s clothing providing slight contrast. The scene is framed by a fence on the right and the wooden structure on the left, with the sky occupying the upper portion of the image. The depth of the scene is varied, with the foreground figures appearing closest, the central group slightly further back, and the background structure and sky receding into the distance. The lighting is diffuse, with no strong shadows, suggesting an overcast day. The textures are rough and earthy, with the wooden fence and muddy ground appearing worn and weathered."
Early_Renaissance/domenico-veneziano_st-john-the-baptist-and-st-francis-of-assisi.jpg,"Two figures stand within an arched, framed space. On the left, a man with dark, disheveled hair and a halo around his head is shown bare-chested, wearing a tattered, light-colored garment tied at the waist with a dark cord. His hands are clasped to his chest, and his head is tilted upward with a sorrowful expression. To his right, another figure, also with a halo, is dressed in a long, dark brown robe with a hood, hands clasped in prayer before his chest. Both figures are positioned on a raised platform, with the figure on the right slightly closer to the viewer. The background is dark and indistinct, with faint architectural elements like a pillar on the right and a cross-like shape in the upper left. The overall color palette is muted, dominated by earth tones: peru, burlywood, and dark olive green. The surface shows signs of aging, with visible cracks and flaking paint, particularly along the edges and in the upper corners. The depth of the scene is uneven, with the figures occupying the mid-ground, and the background receding into shadow. The lighting is subdued, with no strong directional light source, and the figures are rendered with soft, blended tones."
Early_Renaissance/filippo-lippi_madonna-and-child-with-st-fredianus-and-st-augustine-1438.jpg,"The artwork depicts a central figure of a woman in a deep blue robe holding a small child, flanked on either side by arched architectural frames. To the left and right of the central figures, there are groups of people in various poses, some kneeling, some standing, and some appearing to be in the background. The figures are arranged within a structured, three-part composition, with the central arch framing the woman and child, and the side arches containing other figures. The woman holds the child close, and the figures around her are positioned in a way that suggests reverence or attention toward the central figures. The scene is set within an interior space, with architectural elements like columns and arches visible, and the overall composition is framed by decorative borders. The colors are dominated by deep blues, reds, and earth tones, with some areas of gold and white. The textures appear to be smooth and painted, with some areas showing more detail and others appearing more abstract or blurred. The lighting is subdued, with no strong highlights or shadows, and the overall impression is one of solemnity and reverence. The depth of the image is varied, with some figures appearing closer to the viewer and others further away, creating a sense of spatial depth. The composition is balanced, with the central figures being the focal point, and the surrounding figures arranged in a way that draws the viewer’s attention to the center. The overall impression is one of a formal, religious scene, with the central figures being the focus of the composition. The figures are arranged in a way that suggests a hierarchy, with the central figures being the most important, and the surrounding figures being secondary. The overall composition is symmetrical, with the central figures being the focal point, and the surrounding figures arranged in a way that draws the viewer’s attention to the center. The overall impression is one of a formal, religious scene, with the central figures being the focus of the composition. The figures are arranged in a way that suggests a hierarchy, with the central figures being the most important, and the surrounding figures being secondary. The overall composition is symmetrical, with the central figures being the focal point, and the surrounding figures arranged in a way that draws the viewer’s attention to the center. The overall impression is one of a formal, religious scene, with the central figures being the focus of the composition. The figures are arranged in a way that suggests a hierarchy, with the central figures being the most important, and the surrounding figures being secondary. The overall composition is symmetrical, with the central figures being the focal point, and the surrounding figures arranged in a way that draws the viewer’s attention to the center. The overall impression is one of a formal, religious scene, with the central figures being the focus of the composition. The figures are arranged in a way that suggests a hierarchy, with the central figures being the most important, and the surrounding figures being secondary. The overall composition is symmetrical, with the central figures being the focal point, and the surrounding figures arranged in a way that draws the viewer’s attention to the center. The overall impression is one of a formal, religious scene, with the central figures being the focus of the composition. The figures are arranged in a way that suggests a hierarchy, with the central figures being the most important, and the surrounding figures being secondary. The overall composition is symmetrical, with the central figures being the focal point, and the surrounding figures arranged in a way that draws the viewer’s attention to the center. The overall impression is one of a formal, religious scene, with the central figures being the focus of the composition. The figures are arranged in a way that suggests a hierarchy, with the central figures being the most important, and the surrounding figures being secondary. The overall composition is symmetrical, with the central figures being the focal point, and the surrounding figures arranged in a way that draws the viewer’s attention to the center. The overall impression is one of a formal, religious scene, with the central figures being the focus of the composition. The figures are arranged in a way that suggests a hierarchy, with the central figures being the most important, and the surrounding figures being secondary. The overall composition is symmetrical, with the central figures being the focal point, and the surrounding figures arranged in a way that draws the viewer’s attention to the center. The overall impression is one of a formal, religious scene, with the central figures being the focus of the composition. The figures are arranged in a way that suggests a hierarchy, with the central figures being the most important, and the surrounding figures being secondary. The overall composition is symmetrical, with the central figures being the focal point, and the surrounding figures arranged in a way that draws the viewer’s attention to the center. The overall impression is one of a formal, religious scene, with the central figures being the focus of the composition. The figures are arranged in a way that suggests a hierarchy, with the central figures being the most important, and the surrounding figures being secondary. The overall composition is symmetrical, with the central figures being"
Pop_Art/roy-lichtenstein_brattata-1962(1).jpg,"The artwork depicts a man in profile, facing left, wearing a helmet with a visor and a dark, textured uniform. His expression is serious, with a slight frown and eyes half-closed. To his left, a gun is visible, angled upward, with a cigarette resting beside it. Below the man’s chin, another gun is positioned horizontally, pointing to the right. A speech bubble in the upper left corner contains the text: “NO. 4! ONE MORE TO MAKE ACE!” Above the man’s head, a line of text reads: “THAT WAS THEIR MISTAKE -- BECAUSE IT GAVE ME MORE TARGETS THAN I COULD SHOOT AT...” The word “BRATTATA” is written in large, red, jagged letters across the bottom left corner. The image is rendered in a high-contrast, black-and-white style with bold outlines and halftone dot patterns, suggesting a comic book or graphic novel aesthetic. The depth of the image is varied, with the man’s face and the guns appearing closer to the viewer, while the background and surrounding elements are more distant. The overall composition is centered on the man’s head and upper torso, with the guns and text elements arranged around him. The colors are primarily black, white, and gray, with the red text providing a stark contrast."
Baroque/rembrandt_the-shepards-in-the-woods-1644.jpg,"A man stands in the center of the image, wearing a wide-brimmed hat and holding a small object in his hands. To his right, a person sits on the ground, facing away from the viewer, with their head bowed. In the foreground, to the left, a sheep is visible, its body partially obscured by the man’s legs. The background consists of a dense, rolling landscape with trees and hills, and a distant, hazy structure that appears to be a building or settlement. The entire scene is rendered in monochrome, with varying shades of gray, and the texture suggests a sketch or etching, with visible lines and cross-hatching. The man’s posture is upright, while the seated person is hunched, and the sheep is positioned low in the frame, near the bottom left. The landscape occupies the majority of the background, stretching from the center to the right edge, with the man and the seated person positioned in the mid-ground. The sheep is in the foreground, to the left. The image has no strong directional lighting, and the depth is distributed across the entire frame, with the foreground elements appearing closer and the background receding into shadow."
Romanticism/francisco-goya_still-life-of-sheep-s-ribs-and-head-the-butcher-s-conter-1812.jpg,"The artwork shows three large, raw animal carcasses lying on a flat, light-colored surface against a dark background. One carcass, positioned in the center, is a ribbed section with visible bone and red meat, lying on its side. To its left, another carcass, partially obscured, appears to be a head or neck region with a dark, eye-like feature. A third, smaller rib section lies behind the central one, mostly hidden. The surface they rest on is a uniform, muted yellowish-brown, and the background is a solid, deep black. The objects are arranged in a loose, clustered grouping, with the central rib section most prominent. The lighting is dim, with highlights on the white bone and red meat, suggesting a single light source from the upper left. The texture of the meat and bone is rough and uneven, with visible striations and irregular surfaces. The overall impression is one of raw, unprocessed meat, with no human figures or activity depicted."
Art_Nouveau_Modern/jury-annenkov_russian-ballet-irina-grzhebina-1950.jpg,"This is a poster advertising a ballet performance. The central focus is on three stylized figures in dynamic, theatrical poses. A figure in a red jacket and purple pants stands on the left, arms outstretched, facing right. To their right, a figure in a green dress with white floral patterns is depicted mid-motion, arms raised, as if dancing or falling. Behind them, a third figure in black and red attire is shown in a leaping or falling pose, arms extended upward. Above the figures, a stylized blue and yellow sky forms the background. Text is printed in bold, black capital letters across the top and bottom of the poster, including the words “BALLET RUSSE,” “IRINA GRJEBINA,” and “40 ARTISTES 300 COSTUMES.” Additional text in red and black appears along the left and right edges, including “CHANTS DANSES MUSIQUE” and “A TRAVERS L’U.R.S.S.” The poster’s overall composition suggests motion and energy, with the figures arranged to create a sense of depth, though the depth is not sharply defined. The colors are flat and graphic, with no visible texture or material detail. The poster appears to be printed on a plain, light-colored surface."
Color_Field_Painting/gene-davis_ice-box-p506-1969.jpg,"The artwork shows a square, flat surface enclosed by a thin, uniform frame. The surface is covered with a pattern of very fine, evenly spaced vertical lines that run from top to bottom. The lines are light in tone, appearing as pale, muted gray or silver, and are set against a similarly light, uniform background. The frame is straight, centered, and surrounds the entire composition. There are no figures, objects, or actions depicted. The surface appears smooth and consistent in texture, with no visible variation in material or depth. The depth of the image is minimal, with nearly all visual information concentrated in a single plane, suggesting a flat, two-dimensional presentation. The overall impression is one of uniformity and minimalism."
Pop_Art/hiro-yamagata_soccer.jpg,"Two men are depicted in a stylized, high-contrast illustration, engaged in a soccer match. One man, on the left, wears a white jersey and dark shorts, and is positioned slightly forward, with his body angled toward the right. The other man, on the right, wears a green jersey with a visible number “0” on the chest and dark shorts, and is positioned slightly behind and to the right of the first man. A white soccer ball is located in the center foreground, between the two figures, and appears to be in motion. The background is divided into two large blocks: a red upper section containing the Olympic rings, and a green lower section that occupies the majority of the space behind the figures. The figures and the ball are outlined with a bright yellow border, creating a strong visual separation from the background. The image has a flat, graphic quality with saturated colors and sharp, defined edges, suggesting a poster or promotional design. The figures are shown in dynamic poses, with their limbs extended and bodies leaning into the action, conveying movement. The depth of the image is not realistic; the figures and ball are rendered with a flat, two-dimensional quality, and the background is uniformly colored without perspective cues. The overall composition is centered, with the two figures and the ball occupying the central area of the image. The text on the right side of the image, which reads “CENTENNIAL OLYMPIC GAMES” and other related text, is vertically aligned and appears to be part of the poster’s design, not an element of the scene itself."
Minimalism/yves-klein_untitled-pink-monochrome-1957-1.jpg,"The artwork shows a single, solid crimson-colored blanket occupying the entire frame. It is presented as a flat, rectangular surface with no visible figures, objects, or spatial depth cues beyond its own texture and color. The blanket fills the entire visual field, with no foreground, background, or side elements to distinguish it from the surrounding space. Its edges are straight and uniform, suggesting a defined, unbroken surface. The texture appears consistent across the entire area, with a subtle, even weave that suggests a fabric material. The color is a saturated, uniform crimson, with no variations in tone or shading. There are no indications of light sources, shadows, or depth, and no objects or figures are present. The composition is minimal, consisting solely of this one object."
Early_Renaissance/pietro-perugino_the-pazzi-crucifixion-detail-2.jpg,"A woman with long, dark hair tied back stands in the center of the image, her head tilted slightly upward and to her right. She wears a red robe with a wide, light-colored inner lining that drapes over her shoulders and arms. Her hands are clasped together in front of her chest. Behind her, a faint, dark halo encircles her head. The background shows a landscape with rolling hills, a body of water, and distant structures, including what appears to be a tower or church spire on the left. The foreground is dominated by the figure and her robe, with the landscape receding into the distance. The colors are muted, with dominant tones of sienna, tan, and saddlebrown. The surface of the painting shows visible cracks, particularly in the sky and background areas. The figure’s face is softly lit, with light falling on her cheek and forehead, while the rest of her form and the background are in shadow or subdued tones. The robe’s fabric appears heavy and textured, with folds and creases visible, especially around the shoulders and arms. The overall depth of the image is shallow, with the figure appearing closest to the viewer, while the background elements are progressively more distant."
Baroque/anthony-van-dyck_rubens-mourning-his-wife.jpg,"A group of people gathers around a coffin in a dimly lit room. A man in dark clothing kneels beside the open coffin, his hand on his face, while a young girl in a white dress leans toward him, kissing his cheek. Another child in a reddish garment kneels before him, reaching out with a hand. To the left, a man in a red tunic and ruff stands with a book, while a woman in a white gown stands beside him, her head bowed. A dog is visible in the bottom left corner. In the background, a crucifix hangs on the wall, and a woman in a white headdress sits on a chair to the right, holding the lid of the coffin. The room has a patterned rug, and a portrait of a man is visible on the far right wall. The scene is lit by a single candle, casting shadows and highlighting the figures in the center. The overall color palette is dark, with muted tones of black, dark olive green, and dark khaki. The textures suggest fabric, wood, and metal, with the coffin appearing to be made of dark wood with a red lining. The depth of the image is shallow, with most of the visual focus on the central figures, while the background and periphery are darker and less detailed."
Post_Impressionism/maxime-maufra_evening-at-the-sea-1909.jpg,"The artwork depicts a wide expanse of sea under a sky filled with soft, blended clouds. In the foreground, a beach with dark, wet rocks juts into the water, which stretches across the middle ground. Several small sailboats are scattered across the water, appearing distant and faint. The horizon is a dark, indistinct line separating the sea from the sky. The sky above is painted in muted tones of pale blue, pink, and gray, with streaks of warmer color near the top. The overall impression is one of calm, open water and sky, with no clear focal point on any single object. The rocks in the foreground are dark and irregular, while the water and sky are rendered in broad, soft strokes. The painting has a textured surface, with visible brushwork that suggests movement and atmosphere rather than sharp detail. The depth of the scene is conveyed through the gradual fading of detail and color toward the horizon, with the foreground elements appearing closest and the distant boats and sky receding into a hazy, indistinct background."
Romanticism/john-collier_eve-1911.jpg,"A nude woman stands in a dense forest, her body angled slightly away from the viewer, with one arm extended forward and the other trailing behind. Her long, dark hair flows over her shoulders and down her back. She is barefoot, standing on green grass that covers the ground in the foreground. The forest surrounds her, with thick, tangled branches and leaves forming a dark, shadowy background. The lighting is dim, with some areas of the woman’s body and the grass illuminated by a soft, diffused light, while much of the scene remains in deep shadow. The overall color palette is dominated by dark greens, blacks, and muted grays, with the woman’s skin appearing as a pale, light gray in contrast. The composition places her centrally, with the forest enveloping her on all sides, and the grass in the foreground suggesting a shallow depth of field. The brushwork appears textured, with visible strokes that define the forms and foliage."
Realism/ilya-repin_taking-christ-into-custody-1886.jpg,"The painting shows a group of figures gathered in a dark, outdoor setting, illuminated by several bright, flickering light sources that appear to be torches or campfires. The scene is dominated by deep shadows and a limited palette of dark slate gray, black, and rosy brown. In the foreground, a man is visible at the bottom, his form mostly obscured by shadow. To the left, a figure stands with an arm raised, while another figure is partially visible nearby. The central area contains the brightest light sources, which cast glows and highlights on the surrounding figures, making them appear as dark silhouettes or vague shapes. The figures are clustered together, suggesting movement or interaction, though their specific actions are unclear. The brushwork is thick and textured, with visible strokes that convey a sense of roughness and urgency. The overall impression is one of a tense, dimly lit gathering, with the light sources creating sharp contrasts against the surrounding darkness. The depth of the scene is shallow, with most of the image appearing close to the viewer, and only a very small portion suggesting distance."
Baroque/peter-paul-rubens_death-of-adonis.jpg,"The artwork depicts a dynamic, emotionally charged scene centered on a man in a contorted, powerful pose. He is shown from the side, leaning forward with his body arched and his head lowered, suggesting intense physical or emotional strain. His arms are wrapped around another figure who lies beneath him, partially obscured, with limbs splayed and body twisted. The man’s hair and clothing appear to flow outward in loose, swirling lines, suggesting motion or wind. The figures are rendered in a sketchy, unfinished style with visible strokes and smudges, using only shades of light gray, tan, and dark gray. The background is indistinct and blurred, with no clear objects or structures, and the entire composition is dominated by the central figures. The depth of the image is shallow, with most of the visual mass appearing far away, while the figures themselves are compressed into a narrow, central plane. The surface texture suggests a dry medium like charcoal or pencil on paper, with areas of smudging and cross-hatching that create a sense of weight and tension. The overall impression is one of raw physicality and struggle, with no clear background context or surrounding objects."
Realism/mykola-yaroshenko_portrait-of-sergey-nikolaevich-amosov.jpg,"A man with dark, thick hair and a full, dark beard is shown in profile, facing toward the right side of the image. He is positioned in the center of the frame, with his head and shoulders visible. His gaze is directed slightly away from the viewer, toward the right, and his expression appears neutral or contemplative. He is wearing a dark, heavy garment that covers his shoulders and upper body. The background is a flat, textured surface in muted shades of gray, with no distinct objects or features. The lighting is subdued, with no strong highlights or shadows, and the overall tone is somber and uniform. The surface of the painting has visible brushwork, suggesting a textured, painterly quality. The depth of the image is shallow, with the figure appearing closest to the viewer, and the background receding into a flat, indistinct space."
Art_Nouveau_Modern/boris-kustodiev_coachman-at-traktir-1920.jpg,"A man and a woman are seated at a table covered with a patterned cloth, facing each other. The man, on the left, is dressed in dark clothing with a light-colored belt and is reaching toward a small blue cup on the table. The woman, on the right, wears a bright blue robe with a patterned sash and is holding a blue cup to her mouth, appearing to drink. Between them, on the table, is a large ceramic teapot with floral designs, a tray holding several round, golden-brown pastries, and a small blue container. Behind them, a large window shows a snowy outdoor scene with buildings and bare trees. The walls are covered in faded floral wallpaper, and a hanging oil lamp is visible in the upper right corner. The tablecloth has a checkered pattern with fringed edges and is positioned in the foreground, with the figures seated on either side. The lighting is soft and even, with no strong shadows, and the colors are muted except for the woman’s blue robe and the blue cups. The overall impression is one of quiet domesticity, with the figures engaged in a simple, shared activity."
Abstract_Expressionism/paul-jenkins_not_detected_235686.jpg,"The artwork shows a central, abstract form that appears to be a distorted, organic shape, possibly suggesting a face or a creature, rendered in thick, layered paint. To the right, a smaller, darker, irregular shape suggests an animal or a shadowy figure. The entire composition is dominated by a palette of khaki, black, and sienna, with streaks of pale yellow and orange that appear to glow from within the darker areas. The surface is rough and textured, with visible brushstrokes, drips, and smudges, indicating a physical, tactile application of paint. The form in the center is positioned in the middle of the frame, while the animal-like shape is on the right side. The depth of the image is uneven, with the majority of the visual area appearing close to the viewer, as indicated by the distribution of depth values, with 66.8% of the pixels in the near band. The overall impression is one of intense, chaotic energy, with no clear spatial separation between foreground and background, as the forms blend into each other."
Post_Impressionism/anita-malfatti_as-duas-igrejas-itanha-m-1940.jpg,"A man walks through a grassy field in the bottom left corner, carrying a bundle of sticks or branches balanced on his shoulder. He is moving away from the viewer, toward the center of the scene. Behind him, the field stretches upward to a hill covered in green trees and bushes. At the top of the hill, a large white building with a dark roof sits partially hidden by foliage. To the left of the hill, a smaller structure with a bell tower and a cross on top is visible, nestled among trees. The sky above is a mix of yellow and blue, with clouds that appear soft and diffuse. The ground is covered in grass and weeds, with no clear path or road visible. The colors are dominated by shades of green, yellow, and brown, with the white building standing out against the natural tones. The brushwork is visible and textured, suggesting an impressionistic style. The man’s figure is small in relation to the landscape, emphasizing the scale of the environment. The overall impression is one of quiet rural life, with the man’s movement suggesting a routine task. The depth of the scene is varied, with the man closest to the viewer, the hill and buildings in the middle ground, and the sky forming the farthest background. The painting does not contain any other people or animals."
Symbolism/lovis-corinth_witches-1897.jpg,"A nude woman stands in the center of the scene, her body angled slightly to the left, her right arm extended forward as if pulling or holding something. Her left hand rests on a pile of purple and white fabric near her feet. To her right, a group of people in dark clothing surrounds her, some reaching toward a large white cloth she holds aloft with her right hand. Their faces are turned toward her, and their hands are near the cloth or their mouths, suggesting they are reacting to her. In the bottom right corner, a wooden barrel sits on the floor, and next to it, a small white plate with a faint red mark. The background is dark and indistinct, with figures barely visible, and the overall lighting is dim, with shadows dominating the scene. The colors are mostly dark gray, black, and deep purple, with the white cloth and the purple fabric providing the only bright areas. The textures appear rough and heavy, with the fabric and clothing showing folds and creases, and the wooden barrel showing grain and wear. The depth of the scene is shallow, with the central figures appearing closest, and the background figures receding into darkness."
Cubism/pablo-picasso_mediterranean-landscape-1952.jpg,"The artwork depicts a vibrant, stylized coastal scene with buildings, a palm tree, and a sailboat. On the left, a cluster of buildings with red-tiled roofs and green shutters rises steeply, surrounded by dense greenery. A central palm tree stands tall, its fronds reaching upward against a deep blue sky. To the right, a small sailboat with a white sail floats on the blue water, with two figures visible on board. The composition is layered with angular, geometric shapes and bold, flat areas of color, creating a sense of depth through overlapping forms. The foreground is dominated by sharp, angular structures and patches of yellow and green, suggesting terraced gardens or pathways. The overall color palette is intense, with deep blues, bright yellows, and stark whites, contrasted by dark greens and reds. The surfaces appear flat and painted, with no visible texture or material detail, and the forms are defined by strong, angular lines rather than naturalistic contours. The depth is suggested through layered placement, with the buildings and foreground elements appearing closer, while the boat and distant sky recede."
Realism/nikolai-ge_portrait-of-natalia-petrunkevich.jpg,"A woman stands near an open window, her body angled slightly away from the viewer, facing toward the right side of the frame. She holds a book in both hands, her gaze directed downward at its pages. She wears a dark, long-sleeved dress that reaches her feet, with her hair pulled back. The window is wide and framed in dark wood, its panes showing a view of a sunlit path winding through trees and bushes. The interior space around her is dim, with the window’s frame and the woman’s figure occupying the foreground. The light from outside illuminates the scene through the window, casting a warm, yellowish glow on the path and foliage beyond, while the woman’s form is mostly in shadow, with only parts of her face and hands catching the light. The brushwork suggests texture, particularly in the foliage and the woman’s clothing, though the overall image is rendered in a subdued palette of dark grays, blacks, and muted earth tones, with the window’s view offering a contrast of brighter, sunlit greens and yellows. The depth of the image is layered, with the woman and the window frame closest, the path and trees receding into the background, and the interior walls and furniture appearing dark and indistinct behind her."
Realism/claude-monet_the-chapel-notre-dame-de-grace-at-honfleur.jpg,"A small stone building with a dark, conical spire stands on the right side of the image, partially obscured by a dense line of tall, leafy trees on the left. The building’s walls are weathered and pale, with a small arched doorway and a rounded, domed structure attached to its base. The roof is dark and sloped, and the spire rises above the main structure, tapering to a point. The ground in front of the building is a flat, unpaved surface, with patches of grass and dirt. Behind the trees, a faint, light-colored area suggests a distant body of water or open space. The sky above is overcast, painted in muted grays and whites, with no visible sun or strong shadows. The trees are thick with green leaves, their branches forming a continuous, dark mass that frames the left side of the scene. The building is positioned slightly to the right of center, with the trees occupying the left third of the composition. The overall impression is quiet and still, with no figures or movement visible. The colors are subdued, dominated by greens, grays, and muted earth tones, with no bright or contrasting hues. The textures suggest rough stone and dense foliage, with the ground appearing dry and uneven. The depth of the scene is suggested by the layering of the trees, the building, and the distant background, with the foreground elements appearing closest to the viewer."
Pop_Art/audrey-flack_macarena-of-miracles-1971.jpg,"A figure, likely a religious icon, is shown in full-length view, centered in the composition. The figure wears an ornate, elaborate costume with intricate gold and silver embroidery, and a crown sits atop their head. The crown is detailed with radiating golden rays and small star-like motifs. The figure’s hands are positioned in front of the chest, with one hand slightly open and the other appearing to hold or rest near a small object. The costume includes a wide, heavily decorated collar and a blue garment visible on the left side, which appears to be draped or folded. The background is dark, with no discernible objects or figures, and the depth of the image is shallow, with the figure appearing closest to the viewer. The lighting is focused on the figure, highlighting the textures and metallic sheen of the costume and crown, while the surrounding areas remain in shadow. The overall impression is one of solemnity and reverence, with the figure’s posture and attire suggesting a formal, ceremonial context."
Symbolism/arnold-bã¶cklin_melancholia.jpg,"A woman sits in the center of the image, positioned on a stone ledge or bench. She is draped in a dark, patterned blanket that covers her body and extends to the ground, with a lighter-colored garment visible beneath it at the lower edge. Her head is turned slightly to her right, and she holds a small, dark, rectangular object in her right hand, which appears to be a book or a folded piece of paper. Her left hand rests on the ledge beside her. Behind her, the background shows a landscape with trees, some bare and others with autumnal orange foliage, and a distant village or town with buildings and figures that appear to be people on horseback or walking. The sky is pale and overcast. The overall color palette is dominated by dark slate gray, muted wheat, and earthy peru tones. The image has a shallow depth of field, with the woman and the immediate foreground sharply defined, while the background elements are progressively softer and less distinct. The texture of the blanket appears coarse and patterned, while the stone ledge beneath her is rough and weathered. The lighting is diffuse, with no strong shadows, suggesting an overcast day."
Post_Impressionism/gustave-loiseau_by-the-eure-river-1911.jpg,"The artwork depicts a landscape with a body of water in the foreground, surrounded by dense trees and foliage. The water occupies the lower left portion of the image, reflecting the surrounding vegetation and sky. Trees and bushes line the banks, extending from the left side toward the center and right, with their forms thick and dark, suggesting dense woodland. The sky above is a pale, muted yellowish-tan, with no distinct clouds or features. The brushwork is visible and textured, with thick, impasto strokes that create a sense of roughness and movement in the foliage and water. The overall color palette is dominated by dark grays, browns, and muted earth tones, with some hints of ochre and purple in the foliage. The depth of the scene is suggested by the layering of the trees and the water’s surface, with the foreground elements appearing closest and the distant treeline receding into the background. The composition is not symmetrical, with the trees and water forming a natural, uneven boundary. There are no figures or human elements present in the scene."
Romanticism/edward-burne-jones_arthur-in-avalon.jpg,"A man lies on a raised platform, covered with a dark red cloth, surrounded by several women in richly colored robes. Above him, a large, ornate wooden canopy with carved panels stretches across the top of the scene. To his left, a woman in a white garment kneels beside him, her head bowed. To his right, a woman in a red dress stands, holding a bouquet of flowers, while another woman in a dark robe sits nearby. In the foreground, two figures in red and green robes kneel, facing the central figure. On the far left, a woman in a red robe holds a harp. On the far right, a woman in a light-colored robe stands, holding a staff. The scene is set outdoors, with wildflowers visible at the bottom edge. The lighting is dim, with a warm, golden glow emanating from the canopy, casting shadows across the figures. The colors are dominated by dark slate gray, peru, and sienna tones, with the reds and greens of the robes providing contrast. The textures suggest wood, fabric, and stone, with the canopy appearing carved and heavy, and the robes showing folds and drapery. The depth is shallow, with most of the image focused on the central figures and the canopy, while the background and foreground elements are less distinct."
Post_Impressionism/gustave-loiseau_by-the-eure-river-in-spring-1902.jpg,"The artwork depicts a natural landscape with a dense cluster of trees on the left side, their foliage thick and textured in shades of green and gray. A narrow waterway runs along the bottom of the image, its surface reflecting the surrounding greenery and sky. The right side of the composition is dominated by a field of tall grasses and reeds, rendered in similar green and gray tones. The sky above is a pale, hazy blue with soft, scattered white clouds. The overall impression is one of quiet, open space, with the trees and waterway forming the primary visual anchors. The brushwork is visible and textured, with short, broken strokes that suggest the foliage and water’s surface. The depth of the scene is conveyed through layers: the trees and foreground vegetation are closest, while the distant horizon and sky recede into a softer, less defined area. The colors are muted and natural, with no strong contrasts, contributing to a subdued, atmospheric quality. The waterway appears calm, with no visible movement or disturbance. The trees stand in a cluster, their forms dense and unbroken, suggesting a natural, undisturbed environment. The grasses on the right are rendered with a similar textured brushwork, creating a sense of depth and natural growth. The sky occupies the upper portion of the image, its pale blue and white tones contrasting with the darker greens and grays below. The overall composition is balanced, with the trees on the left and the open field on the right, creating a sense of natural equilibrium. The waterway, though narrow, is a central element, dividing the composition and drawing the eye across the scene. The brushwork is consistent throughout, with no areas of smooth blending, reinforcing the impression of a natural, unpolished landscape. The image does not contain any human figures or man-made objects, focusing solely on the natural elements. The lighting is diffuse, with no strong shadows or highlights, suggesting an overcast or hazy day. The colors are muted and subdued, with no bright or saturated tones, contributing to the overall calm and quiet atmosphere. The texture of the brushwork is visible throughout, with short, broken strokes that suggest the foliage and water’s surface. The depth of the scene is conveyed through layers, with the trees and foreground vegetation closest, while the distant horizon and sky recede into a softer, less defined area. The overall impression is one of quiet, open space, with the trees and waterway forming the primary visual anchors. The brushwork is visible and textured, with short, broken strokes that suggest the foliage and water’s surface. The colors are muted and natural, with no strong contrasts, contributing to a subdued, atmospheric quality. The waterway appears calm, with no visible movement or disturbance. The trees stand in a cluster, their forms dense and unbroken, suggesting a natural, undisturbed environment. The grasses on the right are rendered with a similar textured brushwork, creating a sense of depth and natural growth. The sky occupies the upper portion of the image, its pale blue and white tones contrasting with the darker greens and grays below. The overall composition is balanced, with the trees on the left and the open field on the right, creating a sense of natural equilibrium. The waterway, though narrow, is a central element, dividing the composition and drawing the eye across the scene. The brushwork is consistent throughout, with no areas of smooth blending, reinforcing the impression of a natural, unpolished landscape. The image does not contain any human figures or man-made objects, focusing solely on the natural elements. The lighting is diffuse, with no strong shadows or highlights, suggesting an overcast or hazy day. The colors are muted and subdued, with no bright or saturated tones, contributing to the overall calm and quiet atmosphere. The texture of the brushwork is visible throughout, with short, broken strokes that suggest the foliage and water’s surface. The depth of the scene is conveyed through layers, with the trees and foreground vegetation closest, while the distant horizon and sky recede into a softer, less defined area. The overall impression is one of quiet, open space, with the trees and waterway forming the primary visual anchors. The brushwork is visible and textured, with short, broken strokes that suggest the foliage and water’s surface. The colors are muted and natural, with no strong contrasts, contributing to a subdued, atmospheric quality. The waterway appears calm, with no visible movement or disturbance. The trees stand in a cluster, their forms dense and unbroken, suggesting a natural, undisturbed environment. The grasses on the right are rendered with a similar textured brushwork, creating a sense of depth and natural growth. The sky occupies the upper portion of the image, its pale blue and white tones contrasting with the darker greens and grays below. The overall composition is balanced, with the trees on the left and the open field on the right, creating a sense of natural equilibrium. The waterway, though narrow, is a central element, dividing the composition and drawing the eye"
Symbolism/nicholas-roerich_lake-dal-1925.jpg,"The artwork depicts a vast mountain range stretching across the center of the image, with a wide expanse of water in the foreground. The mountains are rendered in shades of gray, silver, and dark slate blue, with visible ridges and slopes that suggest depth and texture. The water occupies the lower portion of the canvas, appearing calm and reflecting muted tones of the sky and mountains. The sky above is overcast, with soft, diffuse light that casts no strong shadows, giving the scene a subdued, quiet atmosphere. The composition is layered, with the water closest to the viewer, the mountains dominating the middle ground, and the sky forming the upper boundary. The mountains appear to recede into the distance, with their forms becoming less distinct toward the far edge, indicating depth. The overall impression is one of stillness and scale, with no figures or objects present to break the natural landscape."
Color_Field_Painting/paul-reed_upstart-18f-1965.jpg,"The artwork shows a series of nested rectangular shapes, arranged in layers that recede into the center. The outermost frame is a wide band of dark cyan, followed by a thick layer of dark slate gray. Inside this, a narrower band of deep red-orange appears, then a central, darker red-orange rectangle that forms a doorway-like opening. The innermost shape is a solid black rectangle, positioned at the center of the composition. The edges of all shapes are uneven and textured, suggesting they were applied with a brush or similar tool. The overall structure creates a sense of depth, with the innermost black shape appearing closest to the viewer, while the outermost cyan band is furthest away. The colors are flat and saturated, with no visible light sources or shadows. The texture is rough and tactile, with visible brushstrokes and uneven edges throughout. The composition is symmetrical along a vertical axis, with the central doorway shape aligned in the middle. The depth distribution indicates that most of the image is in the near band, with a small portion in the far band, suggesting the viewer’s eye is drawn inward toward the center."
Romanticism/francisco-goya_not-for-those-1814.jpg,"A man stands in the center of the scene, his body angled slightly to the right, holding a sword in his right hand. His left hand grips the arm of another figure who lies on the ground, face down, with their body stretched out and limbs splayed. To the left of the central figure, a group of people are clustered together, some appearing to lean forward or reach toward the fallen figure, their forms dark and indistinct. Behind them, a large, curved, light-toned shape dominates the upper left, suggesting a building or architectural feature. The ground is uneven and textured, with a small, dark object near the bottom left corner. The entire scene is rendered in shades of gray, with high contrast between the dark areas and the lighter, almost white, curved shape. The sword lies on the ground near the central figure’s feet, its blade pointing toward the lower right. The depth of the image varies, with the central figure and the fallen person closest to the viewer, while the background elements recede into shadow. The overall impression is one of tension and confrontation, with the central figure appearing dominant and the others reacting to the situation."
Northern_Renaissance/hieronymus-bosch_death-and-the-miser-1490.jpg,"A figure with wings, appearing to be an angel, is positioned behind a table covered with a reddish-brown cloth. The angel’s head and upper body are visible, with its face turned slightly to the side, and its wings are spread out, partially obscuring its body. To the left, a stone pillar stands, its base and part of its shaft visible. Above the angel, another figure with wings is partially visible, with its arms and wings extending toward the top of the frame. The table occupies the center foreground, with the cloth draped over it. The overall color palette consists of dark brown, black, and reddish-brown tones. The depth of the image is varied, with the table and the angel’s figure appearing closest to the viewer, while the background elements, including the pillar and the upper figure, recede into the distance. The texture of the cloth is rough and heavy, while the stone pillar has a coarse, solid appearance. The angel’s wings are detailed with visible feather-like structures, suggesting a sense of weight and form. The lighting is subdued, with no strong highlights or shadows, contributing to a somber and static atmosphere."
Pop_Art/hiro-yamagata_not-detected-272396.jpg,"The artwork depicts a bustling, colorful festival scene set in a sprawling, stylized town. In the center, a large, ornate castle with multiple spires and red roofs dominates the foreground, surrounded by crowds of small figures engaged in various activities. To the left of the castle, a red-and-yellow striped tent stands near a group of people seated at tables. To the right, a large, arched entrance marked with the words “GRAND MARATHON” is surrounded by people, some in motion, others watching. A white ambulance with a green cross is parked near the right edge, with figures around it. In the background, rolling green hills lead to distant mountains under a blue sky. Two large hot air balloons—one red and white, the other blue and white—float in the upper right, with a small figure riding each. A third, smaller balloon is visible farther in the distance. The scene is filled with people, vehicles, and structures, suggesting a lively public event. The colors are bright and saturated, with strong contrasts between the reds, blues, and greens. The depth is varied, with the foreground elements appearing closer and the background hills and mountains receding into the distance. The overall impression is one of energetic, chaotic celebration."
Post_Impressionism/edouard-vuillard_romain-coolus-writer-in-la-revuew-blanche.jpg,"A man sits in an armchair, positioned toward the left side of the scene. He is dressed in dark, heavy clothing and appears to be resting or seated in a relaxed posture, with his hands near his lap or chest. To the right, a lamp with a patterned, possibly floral or textured shade stands on a small table, located in the upper right corner of the composition. The room is suggested by the surrounding walls and furniture, with the armchair also visible in the bottom right corner, indicating a domestic interior. The overall color palette is dominated by muted, earthy tones, including shades of khaki and dark olive green, with warm, yellowish light illuminating the scene, particularly around the lamp. The textures appear soft and blended, with visible brushwork suggesting an impressionistic style, and the depth of the image is varied, with the man and the lamp appearing closer to the viewer than the background elements."
Realism/thomas-eakins_study-for-taking-the-count-1898.jpg,"Three figures are depicted in a dim, earth-toned interior. On the left, a nude man stands with his hands clasped in front of his waist, facing slightly toward the center. In the center, a man in a dark suit and white shirt stands with his head bowed, his hands clasped in front of him, appearing to look down. On the right, another nude man is bent over, kneeling on the floor with his head lowered and hands resting on his knees. The background is a flat, textured wall in shades of brown and ochre, with faint grid lines suggesting a painted surface. The floor is a muted, uniform tone, and the overall color palette is dominated by saddlebrown, sienna, and darkslategray. The figures are rendered with visible brushstrokes, and the depth of the scene is shallow, with most of the image appearing close to the viewer, particularly the floor and the figures’ lower bodies. The central figure’s suit contrasts with the nudity of the others, and the posture of the figure on the right suggests a position of submission or exhaustion."
Post_Impressionism/arshile-gorky_self-portrait-at-the-age-of-nine.jpg,"The artwork shows a close-up portrait of a person, centered in the frame, looking directly forward. The figure has dark hair and is wearing a dark garment with a light-colored, stiff collar. The face is rendered with visible brushstrokes, and the skin tones are dominated by dark olive green, black, and patches of reddish-orange. The background is a textured blend of dark and muted earth tones, with no distinct objects or figures. The figure’s head and shoulders occupy the central area, with the collar and upper chest visible. The depth of the image is shallow, with the face and collar appearing closest to the viewer, while the background recedes into a blurry, indistinct area. The surface of the painting has a rough, impasto texture, with thick, visible brushwork, especially around the face and collar. The lighting is flat and even, with no strong shadows or highlights, and the colors are muted and heavy, contributing to a somber, grounded feel."
Mannerism_Late_Renaissance/jacopo-pontormo_scene-with-cherubs-on-papal-coat-of-arms-1515.jpg,"The artwork shows a central painted panel framed by ornate, geometric borders. Within the panel, two nude, winged figures, appearing as angels, flank a shield. Each angel holds a staff with an ornate top. Above the shield, a crowned, ornate object, possibly a papal tiara or similar symbol, is positioned between them. The entire composition is set against a blue background. The panel is surrounded by a complex, repeating decorative frame made of interlocking patterns and circular motifs. Below the central panel, two smaller rectangular sections contain stylized, swirling floral or foliate designs on a dark background, separated by the main frame. The entire surface shows signs of aging, including cracks and faded pigments. The dominant colors are rosy brown, tan, and dark olive green. The depth of the image is varied, with the central panel appearing to be the focal point, while the surrounding decorative elements and the lower floral sections recede into the background. The angels are positioned symmetrically, facing inward toward the shield, with their bodies angled slightly toward the viewer. The shield is centered, and the crowned object is placed directly above it, centered between the two figures. The frame surrounding the central panel is thick and detailed, with repeating patterns that suggest a formal, architectural style. The lower decorative elements are flat and appear to be set back from the main panel, creating a sense of layered depth. The surface texture is uneven, with visible cracks and areas of discoloration, indicating age and wear."
Early_Renaissance/giovanni-bellini_st-francis-in-ecstasy-1485.jpg,"A man in a long, simple brown robe stands near the base of a large, jagged rock formation on the right side of the image. He is barefoot, facing slightly upward and to his left, with his hands open and palms facing forward as if in supplication or contemplation. To his right, a small wooden structure with a slanted roof and a skull resting on top is visible, along with a simple wooden fence made of vertical and diagonal poles. The ground around him is uneven, with scattered rocks and sparse vegetation. To the left, a dark, leafy tree stands near the edge of the frame, and further left, a large, dark animal, possibly a cow or ox, stands in an open field. Behind the animal and the tree, a distant landscape unfolds, showing a cluster of buildings with towers and walls, suggesting a fortified town or castle, set against a dark, cloudy sky. The overall color palette is dominated by dark grays, browns, and black, with some muted olive green in the foliage. The lighting is dim, with a faint, diffuse light source from above, casting soft shadows and highlighting the rough texture of the rocks and the man’s robe. The image has a strong sense of depth, with the man and the immediate foreground elements appearing closest, while the distant buildings and sky recede into the background. The composition is tightly focused on the man and his immediate surroundings, with the distant landscape serving as a backdrop."
Post_Impressionism/paul-gauguin_dogs-running-through-a-field-1888.jpg,"The painting shows a wide, open field of tall, dry grass stretching across the foreground and midground, leading toward a cluster of tall, slender trees in the center-left. To the right, a farmhouse with a dark roof and visible chimneys sits on a slight rise, partially obscured by the trees. The sky above is pale and cloudy, with soft, muted tones. The grass is rendered with visible brushstrokes, suggesting texture and movement, and the trees are depicted as dark, vertical forms against the lighter background. The farmhouse is positioned on the right side of the composition, while the trees occupy the center-left, creating a visual path from the foreground toward the building. The grass in the foreground is closest to the viewer, with the trees and farmhouse receding into the distance. The brushwork is loose and textured, with visible strokes that convey the roughness of the grass and the solidity of the trees and building. The colors are dominated by earthy tones—browns, ochres, and muted greens—with the sky appearing pale and washed out. The overall impression is one of quiet, rural landscape, with no figures or movement depicted. The depth is suggested through the layering of the grass, trees, and building, with the foreground appearing closest and the background receding. The artist’s signature and the year “88” are visible in the bottom right corner."
Cubism/stuart-davis_g-w-1944.jpg,"The artwork is a vertical, abstract composition divided into multiple rectangular sections by bold black lines. It features a variety of flat, geometric shapes and patterns in bright, contrasting colors including yellow, orange, blue, green, purple, and black. There are no recognizable human figures or identifiable objects, but instead, abstract forms such as stylized letters, angular blocks, and irregular shapes with patterns like dots, grids, and stripes. A thick horizontal red band cuts across the center, separating the upper and lower halves. The bottom right corner contains a signature. The overall impression is one of energetic, fragmented visual elements arranged in a structured grid. The depth is not clearly defined, as the image appears flat, with no strong indicators of perspective or three-dimensional space. The colors are vivid and saturated, with no visible texture or material surface, suggesting a painted or printed surface. The composition is not centered on any single focal point, instead distributing visual weight across the entire frame."
Ukiyo_e/utagawa-kuniyoshi_the-actor-11.jpg,"The artwork shows two separate vertical panels, each depicting a figure in traditional Japanese attire, framed by dark, textured borders. On the left panel, a woman is shown in profile, facing right, wearing an ornate headdress with blue floral decorations and a patterned garment in shades of orange, black, and blue. Her hands are clasped near her chest, and her expression is neutral. On the right panel, a man is shown in profile, facing left, with a high, black coiffed hairstyle and a dark blue robe with light blue and white patterns, including a bird motif on his sleeve. His expression is serious, and his hands are clasped in front of him. Both figures are set against a plain, light-colored background with handwritten Japanese text above them, and the panels are separated by a narrow vertical gap.

The spatial arrangement places the woman on the left panel, centered within her frame, and the man on the right panel, also centered within his frame. The figures are shown in profile, with their faces turned toward the viewer’s left or right, respectively. The text is positioned above each figure, aligned to the top of the panel. The figures are not interacting with each other, and no objects are visible in the foreground or background beyond their attire and the surrounding text.

The visual qualities include a muted color palette dominated by wheat, gray, and dark slate gray, with accents of blue, orange, and white in the figures’ clothing. The texture appears flat and printed, with visible grain and slight fading, suggesting an aged print. The figures are rendered with bold outlines and stylized patterns, typical of Japanese woodblock prints. The depth is not strongly emphasized, with the figures appearing flat against their backgrounds, and the panels are presented as two distinct, separate images."
Post_Impressionism/maxime-maufra_evening-morgat-beach-1902.jpg,"The artwork depicts a wide expanse of sea and sky, with a beach in the foreground and distant landforms on the horizon. The sky dominates the upper portion, filled with swirling clouds in muted tones of gray, pale yellow, and faint pink. Below, the sea stretches across the middle, its surface textured with small waves and ripples, and several small sailboats with red sails are visible far out on the water. The foreground is a beach, rendered in soft, blended shades of rosy brown and pink, suggesting wet sand or shallow water. The horizon line is low, placing the landmasses and boats in the distance, with the beach and sea occupying the lower two-thirds of the composition. The painting is executed with visible brushstrokes, giving the surface a textured, impressionistic quality. The colors are subdued and atmospheric, with no sharp contrasts, and the overall impression is one of calm, open space. The signature and date, “Maurice 1903,” are visible in the lower right corner."
Realism/boris-kustodiev_akaky-akakiyevich-returned-from-the-party-1905.jpg,"A solitary figure, seen from behind, stands in a narrow, snow-covered alleyway. The figure is dressed in a heavy, dark coat and a hat, and appears to be facing away from the viewer toward a distant, bright light source that glows faintly in the far background. To the left, a tall, dark post or pole stands near the figure, and the alley walls are rough and shadowed. The ground is uneven with patches of snow, and the overall scene is rendered in dark, muted tones with a grainy texture. The figure’s posture suggests stillness or contemplation, and the composition places them slightly off-center, with the bright light drawing the eye toward the far end of the alley. The depth of the scene is suggested by the layered darkness, with the figure and nearby objects appearing closer than the distant glow."
Realism/wilhelm-leibl_dag-ungleiche-pahr-1880.jpg,"A man and a woman are seated together in a dimly lit interior. The man, positioned to the left, is leaning toward the woman, his arm resting on her shoulder. He wears a dark cap and a dark coat over a red garment. The woman, seated in the center, wears a dark head covering, a white blouse with puffed sleeves, and a dark dress with a red and black patterned sash tied around her waist. Her hands rest on her lap, one holding a small, dark object. Behind them, a wooden shelf holds a dark ceramic jug and a glass. To the right, a chair is partially visible. The floor is a muted, dark tone. The overall color palette is dominated by dark grays and muted browns, with the red garment and sash providing small areas of contrast. The lighting is subdued, with no strong highlights, and the surfaces appear rough or textured, suggesting wood and fabric. The depth of the scene is shallow, with most of the image focused on the figures in the foreground, and the background elements appearing distant and indistinct."
High_Renaissance/michelangelo_study-for-christ-on-the-cross-with-mourners-1548.jpg,"The artwork depicts a central figure crucified on a cross, with two other figures standing below. The central figure is shown suspended, arms outstretched, head bowed, and body elongated vertically. To the left, a figure stands with its head tilted downward and hands near its waist, appearing to look at the central figure. To the right, another figure stands with its head lowered and hands covering its face, suggesting sorrow or grief. The entire scene is rendered in monochrome, using shades of dark gray, silver, and gray. The drawing is done in a sketchy, textured style, with visible lines and smudges indicating the medium. The cross is positioned above the central figure’s head, and faint grid lines are visible in the background, suggesting a preparatory sketch. The figures are arranged in a vertical composition, with the central figure dominating the center of the frame, and the two side figures positioned to its left and right, creating a balanced but somber arrangement. The depth of the image is varied, with the central figure appearing closest to the viewer, while the background is more distant, though the overall depth is moderate. The texture of the paper and the marks of the drawing tool are visible throughout, contributing to the raw, unfinished quality of the work."
Realism/thomas-eakins_portrait-of-sebastiano-cardinal-martinelli-1902.jpg,"A man in formal black robes and a red cap sits in a high-backed wooden chair, positioned slightly to the left of center. His body is angled away from the viewer, facing toward the right, with his head turned slightly to look forward. His left hand rests on his lap, while his right hand holds a red cloth or sash draped over his thigh. The chair is dark wood with ornate carvings on the backrest, and the man’s feet are on a patterned rug. The background is a dark, textured wall with a faintly visible emblem or crest in the upper left corner. The lighting is subdued, with a warm, dim glow illuminating the man’s face and the chair, while the rest of the scene remains in shadow. The overall color palette is dominated by deep blacks, browns, and the striking red of the cap and cloth. The surface textures suggest heavy fabric and polished wood, with the rug showing a faint, intricate pattern. The depth of the image is shallow, with the man and chair sharply in focus, while the background recedes into darkness."
Mannerism_Late_Renaissance/correggio_the-vision-of-st-john-on-patmos-1523.jpg,"The artwork depicts a large, circular fresco painted on a dome. At the center, a figure in flowing white robes is shown suspended in midair, arms raised, surrounded by a bright, glowing light. Around this central figure, numerous other figures are depicted in various poses—some reaching upward, others falling or struggling—set against a backdrop of swirling clouds and dark, turbulent forms. The entire scene is enclosed within a thick, ornate gold frame that curves around the circular composition. Along the left and right edges of the image, decorative vertical bands with repeating geometric patterns are visible, framing the central dome scene. The figures are rendered with detailed anatomy and expressive gestures, and the overall composition suggests a dynamic, upward movement. The colors are dominated by deep grays, dark olive greens, and rosy browns, with the central figure and surrounding light providing a stark contrast of bright gold and white. The depth of the scene is conveyed through the layered arrangement of figures and clouds, with the central figure appearing closest to the viewer, while the outer figures and background elements recede into the distance."
Baroque/guido-reni_rosary-madonna-1598.jpg,"A woman in a blue and red robe sits on a cloud, holding a small child. To her right, a man in a dark robe with a white inner garment kneels, reaching upward with both hands toward the child. Around them, several small, nude children float in the air, some holding objects like a book or a lily. Below them, a row of oval paintings is arranged on a ledge, each depicting different scenes, surrounded by foliage and a golden urn in the foreground. The scene is set against a dark background with heavy drapery on the right and architectural elements on the left. The woman’s robe is richly colored, the man’s robe is dark and heavy, and the child in her arms is bare. The small figures are positioned around the central figures, with some near the woman’s feet and others floating above. The lighting is dramatic, with strong contrasts between light and shadow, highlighting the central figures and the oval paintings. The textures suggest fabric, skin, and stone, with the drapery appearing heavy and the robes having a smooth, flowing quality. The overall composition is layered, with the central figures in the upper half and the oval paintings and urn in the lower half. The depth is shallow, with most of the image focused on the central figures and the foreground elements."
Realism/ilya-repin_judas-1885.jpg,"A figure, cloaked in dark fabric, occupies the center of the image. Their head is covered by a hood, and their face is partially illuminated by a small, focused light source, revealing eyes and a mouth. The figure holds a cigar in their right hand, near their lips. A hat rests on the figure’s head, slightly to the right. The entire scene is enveloped in deep, shadowy tones, primarily black and dark olive green, with minimal visible texture beyond the roughness of the fabric and the faint outline of the cigar. The figure’s posture is static, with the hand near the mouth, and the light creates a stark contrast, highlighting only the face and the cigar. The background is indistinct and uniformly dark, with no discernible objects or spatial depth beyond the immediate presence of the figure. The depth of the image is shallow, with nearly all visual elements clustered close to the viewer, suggesting a tight, intimate focus on the figure."
Romanticism/francisco-goya_saturn-devouring-one-of-his-children-1823.jpg,"A large, hairy, monstrous figure dominates the center of the image, crouched and holding a small, pale, humanoid figure in its hands. The figure’s mouth is wide open, revealing a red, bloody interior, and its eyes are wide and staring. The small figure appears to be limp, with its limbs dangling. The background is dark and indistinct, with no clear walls or floor. To the right, a rough, dark shape suggests a stone or rock. The entire scene is rendered in dark, muted tones—mostly black, dark gray, and slate gray—with the red of the blood being the only significant color contrast. The surface texture is rough and uneven, with visible brushstrokes suggesting a heavy, tactile quality. The lighting is dim and focused on the central figures, leaving the surroundings in deep shadow. The composition is tightly packed, with the monstrous figure occupying most of the frame, and the small figure held close to its chest. The depth is shallow, with most of the image appearing close to the viewer, and very little space behind the figures."
Realism/mihaly-munkacsy_still-life-with-flowers-and-fruits-1882.jpg,"A still life composition shows a table with various objects. On the right side, a dark vase holds a large bouquet of flowers, mostly red and white, with some green stems. To the left of the vase, a clear wine glass stands upright. In front of the vase and to the right, a white plate with a decorative rim lies on the table, partially broken or chipped. To the left of the wine glass, a dark, possibly wooden platter holds a cluster of grapes and a small, round, yellowish object that appears to be a piece of cheese or fruit. A second, smaller plate is visible near the center, partially obscured. The table surface is dark and textured, with a rough, uneven edge. The background is a dark, muted greenish-brown, with no clear walls or furniture visible. The lighting is dim, with shadows dominating the scene, and the colors are mostly earthy, including dark browns, blacks, and muted reds and whites. The objects are arranged in a cluttered, naturalistic manner, with no clear symmetry or order. The depth of the scene is shallow, with most objects appearing close to the viewer, and the background receding quickly. The surface textures suggest rough, unpolished materials, and the objects are not sharply defined, with soft edges and blurred details."
Abstract_Expressionism/atsuko-tanaka_93e-1993.jpg,"The artwork shows a dense, swirling mass of thick, overlapping lines in vibrant colors—deep blues, bright reds, electric greens, and bold yellows—spreading across the entire surface. These lines twist and loop in chaotic, energetic patterns, forming no clear figure or object. The composition is centered, with no distinct foreground or background; the entire field is filled with the same tangled, layered strokes. The lines appear to move in all directions, creating a sense of depth through variation in thickness and opacity, though no single object or figure is clearly defined. The surface texture suggests a physical medium, possibly paint or ink, applied with forceful, rapid strokes. The colors are saturated and contrast sharply against each other, with no soft transitions or gradients. The overall effect is one of intense motion and visual noise, with no discernible spatial structure beyond the chaotic interplay of lines and hues."
Realism/sergey-solomko_by-the-fence.jpg,"Two figures stand beside a wooden balustrade, leaning on it. A man in the center, wearing a dark robe with a reddish-brown sash, leans forward with his arms resting on the railing, looking up. To his right, a woman in a dark, possibly olive-green garment with a red head covering and a gold band around her head, leans toward him, her gaze directed downward at him. Her hands are also on the balustrade. The balustrade runs diagonally across the lower half of the image, with the figures positioned on its left side. Above them, tree branches and leaves extend into the upper portion of the frame, partially obscuring the sky. The background is a pale, indistinct sky with soft clouds. The lighting is diffuse, suggesting an overcast day. The colors are muted, dominated by dark olive green, dim gray, and touches of red and gold. The wood of the balustrade appears rough and weathered, with visible grain and texture. The figures’ clothing shows folds and texture, particularly the man’s robe and the woman’s head covering. The depth of the image is shallow, with the figures and balustrade in the foreground, and the background fading into soft focus. The overall impression is one of quiet, intimate interaction between the two figures."
Cubism/franz-marc_sleeping-animals-1913.jpg,"The artwork shows a central, abstract composition dominated by swirling, angular forms in bold, contrasting colors. There is no clear figure or object, but instead a dynamic interplay of shapes—some sharp and vertical, others curved and flowing—rendered in reds, blues, yellows, and dark grays. These forms appear to radiate outward from the center, creating a sense of movement and tension. The spatial arrangement is layered, with some elements appearing closer to the viewer and others receding into the background, though no distinct foreground or background is defined. The forms do not suggest any specific action or pose, but their arrangement implies motion and energy. The visual qualities are characterized by high contrast and vivid color, with textures that appear flat and painted, not photographic or textured in a physical sense. The depth is distributed across the entire image, with a significant portion of the composition in mid-depth, suggesting a complex, layered surface. The overall impression is one of energetic abstraction, with no clear focal point or narrative."
Minimalism/bruce-nauman_untitled-hand-circle-1996.jpg,"The artwork shows multiple hands suspended in mid-air, hanging from thin, dark strings that extend upward out of the frame. The hands are arranged in a tangled, overlapping cluster, with fingers interlaced and extended in various directions. Some hands appear to be grasping or pulling at each other, while others are open or splayed. The entire group is positioned centrally against a plain, light-colored background. The hands are rendered in a dark, earthy tone, with visible texture suggesting a rough, possibly clay-like or painted material. The strings are thin and appear to be the only elements connecting the hands to the unseen ceiling. The background is uniform and lacks any other objects or details. The depth of the image is shallow, with the hands appearing to occupy a single plane, though some slight variation in shading suggests minor spatial separation. The overall impression is one of suspended, chaotic motion."
Color_Field_Painting/helen-frankenthaler_earliness-1975.jpg,"The artwork shows a flat, expansive field of yellow, with two thin, vertical marks that appear to be painted or drawn. These marks are positioned separately, one toward the left side and one toward the right, both slightly above the center. The surface has a soft, blended texture, with variations in tone that suggest a painted or textured material. The overall impression is one of a non-figurative, abstract composition with no clear foreground, background, or central figure. The depth of the image is not sharply defined, with most areas appearing to be at a similar distance from the viewer, giving the impression of a flat, two-dimensional surface. The colors are mostly a uniform yellow, with subtle shifts in tone that suggest a painted texture rather than a photographic or digital rendering. There are no objects, figures, or spatial relationships that suggest movement or interaction. The marks are the only elements that break the uniformity of the field, and they are not connected or linked in any way. The surface appears to be a single, continuous plane with no clear boundaries or edges."
High_Renaissance/luca-signorelli_the-last-judgment-the-left-part-of-the-composition-the-blessed-consigned-to-paradise-1502.jpg,"The artwork depicts a complex, crowded scene set within an arched interior space, likely a chapel or sacristy. In the upper portion, several winged figures, identifiable as angels, are shown in mid-air, some playing stringed instruments, others gesturing or falling. Below them, a group of human figures is gathered in a state of apparent distress or awe, with some reaching upward, others kneeling or standing with arms raised. A central doorway, framed in dark wood, is visible on the right side of the composition, leading into a darker space. To the left, the wall is adorned with a series of small, framed portraits and ornate decorative panels. The overall color palette is dominated by earthy tones, including rosy brown, dark slate gray, and dim gray, with accents of red and blue in the angelic figures. The scene is rendered with a sense of depth, with the majority of the image’s visual weight concentrated in the mid-ground, where the human figures and the central arch are located. The angels appear to be positioned above and around the human group, suggesting a celestial intervention or judgment. The doorway on the right is clearly defined, with its frame and the space beyond it appearing as a distinct, separate element. The tapestry mentioned in the center is not clearly identifiable in the image, but the area around the central arch and the figures below it is rich with detail and texture, suggesting a complex, layered composition. The figures’ poses vary from dynamic and expressive to static and reverent, contributing to the overall sense of movement and emotional intensity. The lighting is diffuse, with no strong directional light source, and the textures appear to be painted with a fine, detailed brushwork, typical of religious frescoes or altarpieces. The depth cues are consistent with a three-dimensional space, with the foreground figures appearing closer to the viewer than the distant arch and the upper angels. The overall impression is one of a dramatic, emotionally charged moment, with the viewer’s attention drawn to the interaction between the celestial figures and the earthly crowd."
Realism/mihaly-munkacsy_self-portrait-ii-1881.jpg,"The painting shows a man, centered in the frame, with a full beard and curly hair, looking directly at the viewer. He is wearing a dark, high-collared garment. The background is dark and indistinct, with no clear objects or spatial details beyond the figure. The man’s face is the focal point, with visible texture in the beard and hair, and the lighting appears to come from the front, illuminating his features against a shadowy backdrop. The overall color palette is composed of dark, muted tones, including dark slate gray, dim gray, and dark khaki. The depth of the image is shallow, with the figure occupying the foreground and the background fading into obscurity, suggesting a close-up portrait. The brushwork is visible, with rough, textured strokes, especially around the face and hair, contributing to the sense of physical presence. The man’s expression is neutral, with no clear action or movement. There are no other figures or objects in the composition."
Symbolism/mikalojus-ciurlionis_consert-1904.jpg,"The artwork depicts a large, dark, arched structure that resembles a tomb or a monumental doorway, set against a sky with a yellow star and fiery orange streaks on either side. The arch is framed by a blue border on the left and right edges. Inside the arch, a dark, shadowy form with a wide, open mouth is visible, suggesting a face or a gaping void. Below this central figure, faint, lighter shapes appear to be other structures or figures, possibly part of a graveyard, though they are indistinct. At the bottom of the image, the word “KUNST” is written in a light green, handwritten style. The overall color palette is dominated by shades of gray, dark gray, and dim gray, with the blue border and yellow star providing contrast. The texture appears rough and grainy, with a heavy use of dark tones that create a sense of depth, though the depth distribution is mostly mid-range, with a significant portion of the image appearing to be at a moderate distance from the viewer. The composition is centered, with the arch and the central dark form occupying the center of the frame, and the fiery elements and blue border framing the sides. The word “KUNST” is positioned at the bottom center, just above the lower edge of the image."
Romanticism/thomas-moran_the-grand-canyon-of-the-yellowstone-1872.jpg,"The artwork depicts a vast, deep canyon with steep, rugged cliffs rising on either side. A waterfall cascades down the center of the canyon, its white spray visible against the darker rock face. The canyon floor is shadowed, with a narrow river or stream visible far below. On the left, a tall, solitary pine tree stands near the edge of the cliff, its branches reaching upward. In the foreground, on a rocky outcrop near the bottom left, two small figures are visible, appearing to be standing or sitting, possibly observing the scene. The right side of the image shows a steep, rocky slope with sparse vegetation, including a few small trees clinging to the cliff face. The overall scene is rendered in earthy tones, with muted browns, grays, and dark greens dominating the palette. The lighting suggests a diffuse, overcast sky, with no strong shadows or highlights, giving the scene a somber, quiet atmosphere. The depth of the canyon is emphasized by the perspective, with the foreground rocks and tree appearing closest, the waterfall and distant cliffs receding into the background. The figures are small in scale relative to the immense landscape, underscoring the scale of the natural environment. The texture of the rocks appears rough and uneven, while the vegetation is sparse and rugged. The waterfall’s motion is suggested by the white, misty spray, contrasting with the solid, immovable rock formations."
Northern_Renaissance/hans-baldung_aristotle-and-phyllis-1513.jpg,"A nude woman sits on a stone ledge in the center of the image, her body angled slightly to the right, her left hand resting on her thigh and her right hand near her hip. To her right, a man with a long beard and bare feet kneels on the ground, his head bowed and his hands placed on the ground near the woman’s legs. Behind them, a small brick structure with an arched niche is visible, and to the left, a large tree with thick, gnarled branches and fruit hangs over the scene. A small figure, possibly a child, is perched on the roofline of the structure. To the right, another tree with sparse branches extends into the upper right corner. The entire scene is rendered in fine, detailed line work, with no color, using only shades of gray. The depth of the image is varied, with the foreground elements—such as the woman and the kneeling man—appearing closer, while the background structures and trees recede into the distance. The texture of the stone, the rough bark of the trees, and the detailed rendering of the figures’ skin and clothing are all clearly defined through the line work. The image is framed by the tree on the left and the tree on the right, with the central figures occupying the middle ground. The overall composition suggests a garden or courtyard setting, with the figures positioned in a way that draws the viewer’s attention to the central interaction."
Baroque/annibale-carracci_butcher-s-shop.jpg,"The painting depicts a group of men in a dimly lit, cluttered interior, likely a butchery or meat market. In the center, a man in a white apron stands holding a tool, possibly a knife or cleaver, while another man to his right raises his arm toward a hanging carcass. To the left, a man in a red garment and dark hat holds a long pole or staff. A third man, partially obscured, stands behind the central figure. On the right, a man in a dark shirt looks upward at a large, hanging animal carcass. Another man is bent over in the foreground, near the bottom center, with his head down and hands on the ground. Several large, raw animal carcasses hang from the ceiling or walls, their flesh and bones exposed. The scene is crowded, with figures and objects filling the space. The lighting is low and focused, casting deep shadows and highlighting only parts of the figures and carcasses. The dominant colors are muted, consisting of dark grays, browns, and tans, with the white apron and red garment providing slight contrast. The textures suggest rough, coarse materials like raw meat, fabric, and wood, with the surfaces appearing wet or greasy. The depth is shallow, with most of the image appearing close to the viewer, and the background is indistinct, suggesting a confined, enclosed space."
Symbolism/felicien-rops_illustration-of-les-diaboliques-3.jpg,"The artwork depicts a scene with three figures: a man in the upper left, a woman in the center, and another woman in the upper right. The man stands in the upper left, facing away from the viewer, his back to the foreground. The woman in the center is positioned lower and appears to be lying or reclining, her body angled diagonally across the frame, with her head turned toward the right. Her arms are extended, and her hands are open, suggesting a gesture of reaching or supplication. The woman in the upper right is partially visible, her form blurred and indistinct, appearing to be in motion or partially obscured. The composition is dominated by deep shadows and stark contrasts, with the figures rendered in grayscale tones ranging from light gray to dark gray. The texture of the image is rough and grainy, with visible lines and shading that suggest a sketch or etching. The depth of the scene is uneven, with the central figure appearing closer to the viewer, while the figures in the upper regions are set further back, creating a sense of spatial separation. The overall impression is one of tension and unease, with the figures’ positions and the stark lighting contributing to a feeling of isolation and vulnerability."
Minimalism/yves-gaucher_untitled-8-3-d-19-1985.jpg,"The artwork shows two vertical rectangular areas on a plain, light gray background. The left rectangle is filled with dense, dark gray crosshatching, suggesting a textured, solid mass. The right rectangle is lighter, composed of faint, diagonal strokes that fade toward the edges, creating a sense of depth and softness. Neither shape has clear edges or defined boundaries, and they appear to be placed side by side, with no figures or objects in the scene. The surface is flat, and the overall impression is one of minimalism and contrast between texture and tone. The depth values indicate that most of the image is far from the viewer, with only a small portion near the foreground, suggesting the forms are flat and not physically protruding. The material appears to be paper or canvas, with the marks consistent with charcoal or graphite."
Art_Nouveau_Modern/boris-kustodiev_shrove-tide-1919.jpg,"The artwork depicts a bustling winter town square, covered in snow, with many people, horse-drawn vehicles, and buildings. In the foreground, a white horse pulls a sleigh with a person seated inside, near the bottom left. To the right of that, a group of people stands in the snow, some in heavy coats and hats, facing toward the center. A large, decorated structure with the word “ТЕАТРЪ” (Theater) in red letters is visible on the right side, surrounded by crowds. In the center, a group of dark-colored horses pulls a decorated carriage, with a person in a dark coat standing beside them, holding a whip. Behind them, the town extends upward, with snow-covered buildings, including a red-roofed structure with domes and a church tower visible in the distance. Trees are heavily laden with snow, and the sky is pale blue. The scene is filled with people walking, gathering, and interacting, with some figures near stalls or shops on the left side. The overall impression is one of activity and movement, with the snow-covered ground and buildings creating a sense of depth. The colors are mostly white and gray, with accents of red, yellow, and dark tones from clothing and structures. The brushwork suggests a textured surface, with visible strokes and a sense of motion in the figures and vehicles. The depth of the scene is varied, with the foreground elements appearing closer and the background buildings and trees receding into the distance."
Pop_Art/hiro-yamagata_moulin-rouge-1977.jpg,"The artwork depicts a bustling town square filled with many people, colorful buildings, and a central red windmill. The windmill stands in the center, flanked by buildings on both sides. To the left is a building with a sign reading “JARDIN’S” and “MOULIN ROUGE” below it, and to the right is a building with a sign reading “CUTE-PROVENCE” and another with “CYRAN” visible. People are scattered throughout the square, some walking, others gathered in groups, and a few appear to be sitting or standing near the buildings. A hot air balloon floats in the sky above the windmill, and a small figure is visible near the top of the windmill. The background is a solid green, and the buildings are painted in various colors, including blue, white, and red. The scene is lively, with many figures and objects, and the overall impression is one of activity and vibrancy. The depth of the image is varied, with some elements appearing closer to the viewer and others further away, but the majority of the image is in the mid-depth range. The colors are bright and saturated, with a mix of dark green, dark gray, and cadet blue, and the textures are varied, with some areas appearing smooth and others more detailed. The image is rich in detail, with many small objects and figures visible, and the overall impression is one of a busy, lively scene."
Early_Renaissance/bartolome-bermejo_the-flagellation-of-st-engracia-1477.jpg,"A group of figures is gathered in a dimly lit, stone-walled interior, likely a hall or chapel. In the center foreground, a woman stands with her back to the viewer, wearing a dark, richly textured robe with a white sash tied around her waist; her head is adorned with a golden crown-like headdress. To her left, a man in a red cap and dark clothing stands with his hands clasped, looking toward the center. Behind him, another man in a red tunic and green trousers raises a sword above his head, his face showing tension. To the right, a man in ornate, dark armor with gold trim stands near a pillar, holding a long, ornate object that appears to be a staff or scepter. Another figure in dark clothing stands behind the man with the sword, partially obscured. The floor is covered with a mosaic of red, black, and white tiles, each bearing the repeated Latin word “SEVA.” The walls are dark and stone, with arched openings and pillars visible in the background. The lighting is subdued, with a single window in the upper right casting a faint, vertical light. The overall impression is one of tension and formality, with the figures arranged in a tight, hierarchical grouping. The textures suggest heavy fabrics, polished stone, and metallic surfaces. The depth of the scene is shallow, with most of the image focused on the central figures, and the background receding into shadow."
Baroque/giovanni-paolo-panini_gallery-of-views-of-modern-rome-1759.jpg,"The artwork depicts a grand, ornate interior space, rich with classical architecture and numerous paintings. A large, arched ceiling with frescoes and sculpted figures dominates the top. Red drapery hangs from the upper left and right edges, framing the scene. The walls are lined with many framed paintings, mostly showing cityscapes and architectural views, arranged in rows. Several marble pillars with Corinthian capitals stand in the center and along the sides. In the foreground, a group of figures in 18th-century clothing are gathered around a central area. One man sits in a chair, another kneels beside him, and others stand nearby, appearing to be engaged in discussion or study. A large, white marble lion statue is positioned near the right side of the foreground. The floor is tiled, and various objects, including books, papers, and small sculptures, are scattered around the room. The lighting is bright and even, illuminating the entire space. The dominant colors are muted earth tones, with red drapery and gold frames providing contrast. The textures suggest polished stone, painted surfaces, and fabric. The depth of the scene is varied, with the foreground figures and objects appearing closest, while the distant walls and ceiling recede into the background."
Pop_Art/hiro-yamagata_vacance-1980.jpg,"The artwork depicts a bustling, crowded street scene centered around a large, multi-story building that appears to be a commercial establishment, possibly a hotel or entertainment venue, with signs reading “VACA” and “CIGARETTE” and other partially visible text. Above the building, several hot air balloons and flying objects drift in the sky, including one with the words “DON VOYAGE.” The building’s facade is densely packed with signage, windows, and architectural details, and it is surrounded by other buildings and structures that form a dense urban environment. In the foreground, a street is filled with people, some walking, others gathered near a striped awning that covers a storefront. A blue vehicle is parked near the center, and a large, colorful poster or banner is visible on the left side of the scene. The overall impression is one of chaotic energy and activity, with figures moving in various directions, some appearing to be in motion or interacting with the environment. The scene is rendered with a mix of dark gray, sienna, and dark olive green tones, with areas of brighter color used for signage and highlights. The depth of the image is varied, with the foreground elements appearing closer to the viewer, the central building dominating the mid-ground, and the background buildings and sky receding into the distance. The texture of the painting suggests a stylized, illustrative quality, with bold outlines and flat areas of color, giving the scene a sense of vibrancy and movement. The figures are depicted in a simplified, almost cartoonish manner, with exaggerated forms and dynamic poses, contributing to the overall sense of excitement and activity. The composition is dense and layered, with no clear focal point, but the central building and the surrounding crowd draw the viewer’s attention. The lighting is even, with no strong shadows or highlights, suggesting a bright, daytime setting. The overall effect is one of a lively, chaotic urban environment, filled with activity and movement."
Post_Impressionism/paul-cezanne_three-skulls-on-a-patterned-carpet.jpg,"Three skulls are clustered together in the center of the image, with one positioned slightly higher and behind the other two. Below them, in the foreground, are several large, stylized flowers with pinkish-red petals and dark centers. The flowers appear to be resting on a surface that suggests a table or flat object, which occupies the lower portion of the image. The background is dark and indistinct, composed of heavy, shadowy tones of dark olive green and black, with no clear figures or objects discernible. The entire scene is rendered with thick, visible brushstrokes, giving the surface a rough, textured appearance. The lighting is dim and uneven, with the skulls and flowers being the only areas that receive any illumination, casting them in a warm, yellowish tone that contrasts sharply with the surrounding darkness. The composition is tightly focused on the central group of skulls and flowers, with no other significant objects or figures visible."
Post_Impressionism/vincent-van-gogh_still-life-vase-with-fifteen-sunflowers-1888.jpg,"A cluster of sunflowers fills the center and right side of the painting, their large, round heads and radiating petals dominating the composition. The flowers vary in state—some are fully open, others are wilting or drooping—with dark centers and green stems. A simple, rounded vase, painted in muted earth tones with a faint blue line near its rim, holds the stems at the bottom center. The background is a flat, textured field of goldenrod and peru, with no distinct objects or figures. The flowers are arranged in a dense, overlapping mass, with some heads tilted upward and others angled downward or sideways. The vase sits on a surface that blends into the background, with no clear separation. The entire scene is rendered with thick, visible brushstrokes, giving the surface a rough, tactile quality. The colors are overwhelmingly warm, dominated by shades of yellow, orange, and brown, with small patches of green and dark tones in the centers and stems. The texture of the paint is raised and uneven, suggesting a physical, three-dimensional surface. The depth of the image is shallow, with the flowers and vase appearing to occupy the same plane, and the background receding slightly behind them."
Abstract_Expressionism/sam-francis_untitled-from-pasadena-box-lembark-l61-1963.jpg,"The artwork shows a dynamic composition of abstract shapes and splatters on a pale, off-white background. Large, irregular forms in deep blue and black dominate the center and left side, with smaller, scattered splatters of the same colors throughout. Bright yellow splotches and drips are interspersed, some large and bold, others small and scattered, creating a sense of energetic movement. The forms appear to be printed or applied with a screen or stencil technique, giving them a flat, graphic quality. The overall impression is one of chaotic energy, with no clear figures or narrative.

The central area is occupied by a large, complex shape composed of dark blue and black with yellow speckles and drips. To its left and right, other similar but smaller forms appear, some partially obscured or overlapping. The yellow elements are distributed unevenly, with clusters near the center and scattered randomly across the canvas. The background remains largely uniform, with only the splatters and shapes breaking its surface. There are no figures or objects in the traditional sense; the entire piece is composed of these abstract, non-representational marks.

The visual qualities are defined by high contrast between the deep blue, black, and bright yellow against the pale background. The texture is flat and printed, with no visible brushwork or surface variation. The edges of the shapes are sharp and defined, suggesting a screen-printing or lithographic process. The colors are saturated and bold, with no gradients or soft transitions. The composition lacks depth cues beyond the arrangement of shapes, and the depth distribution suggests a flat, two-dimensional surface with no sense of perspective or three-dimensional space."
Symbolism/franz-stuck_the-murderer.jpg,"The painting shows three figures in a narrow, dimly lit space that appears to be a waterway or canal. On the left, a man stands in the foreground, partially submerged, his body mostly in shadow with only his upper torso and head visible. To his right, a woman stands in the water, her back turned toward the viewer, her head tilted upward and to the right, with one arm extended toward the man. Behind her, another figure is partially visible, mostly obscured by shadow and the woman’s form. In the far right background, a small, dark figure is shown mid-motion, appearing to dive or leap into the water, with a splash visible beneath them. The water occupies the center and right portions of the image, reflecting the dim light and the figures above it. The walls on either side are dark and textured, suggesting stone or rough plaster, with a faint, pale area of light near the top right corner. The overall color palette is dominated by black, dark gray, and muted rosy brown tones. The brushwork is visible and rough, especially in the water and the figures’ forms, suggesting a textured surface. The depth of the scene is uneven, with the foreground figures appearing closest, the water extending into the middle ground, and the distant diver appearing farthest away. The lighting is minimal, with a weak, diffuse glow in the upper right, casting faint reflections on the water’s surface."
Baroque/pietro-da-cortona_landing-of-the-trojans-at-the-mouth-of-tiberis-1654.jpg,"The artwork depicts a ceiling fresco with a central angelic figure floating in the upper center, surrounded by other small, winged figures in the sky above. Below, in the lower portion, a group of figures is gathered around a central, elevated structure, with one figure raising an arm upward. To the left and right, large, ornate circular frames with decorative foliage and sculpted elements flank the central scene. The overall composition suggests a grand, architectural ceiling with painted figures and elaborate framing, set against a pale, cloudy sky. The figures in the lower section appear to be engaged in a dynamic, possibly dramatic, interaction, with some figures seated or standing on a raised platform, while others are positioned on the ground or in the foreground. The depth of the scene is varied, with the central angel appearing farthest away, while the figures in the lower portion are closer, and the ornate frames on the sides are positioned at mid-depth. The color palette is muted, dominated by pale grays, light grays, and dark olive green tones, with some areas of reddish and blue drapery visible on the figures. The surfaces appear to be painted with a smooth, flat texture, typical of fresco work, with no visible brushwork or material texture beyond the painted surfaces. The overall impression is one of a large, ornate, and complex ceiling painting, with figures arranged in a hierarchical and spatially layered composition."
Art_Nouveau_Modern/anna-ostroumova-lebedeva_pavlovsk-novosilviysky-bridge-1921.jpg,"A landscape painting shows a creek flowing through a wooded area. On the left side, a large tree with dark, dense foliage stands prominently. To the right, a cluster of tall, slender trees rises against a pale sky. The creek, visible in the center, winds through the scene, its surface reflecting the surrounding trees and sky. The ground is covered in patches of yellowish-green grass and earth tones. The overall color palette consists of muted grays, ochre, and dull greens, with the sky appearing as a light, hazy gray. The brushwork is visible and textured, with strokes suggesting the forms of trees and terrain. The depth of the scene is varied, with the foreground elements appearing closer and the background trees receding into the distance. No figures are present in the painting."
Early_Renaissance/paolo-uccello_roundel-with-head.jpg,"A boy is shown in profile, facing to the right, within a circular frame. He has short, curly hair, and his head is turned slightly away from the viewer. He is wearing a garment with a visible collar, colored in a reddish-brown hue, which appears worn and partially flaking. The background within the circle is solid black, and the circular frame itself is outlined in a light, off-white color, with visible signs of aging and cracking. The outer edges of the image show fragments of a larger composition, with areas of red and green paint that are also damaged and peeling. The boy’s face is softly lit, with a gentle gradient of color across his cheek and neck, suggesting a light source from the left. The texture of the painting is rough and uneven, with visible cracks and flaking paint, especially around the edges of the circle and the garment. The depth of the image is shallow, with the boy’s face and collar appearing closest to the viewer, while the background and outer frame recede into darkness. The overall impression is one of a static, contemplative portrait, with no movement or action depicted."
Abstract_Expressionism/esteban-vicente_faraway-1970.jpg,"The artwork shows a dark, abstract composition dominated by shades of dark slate gray and gray. There is no clear figure or identifiable object, but a central area appears to contain a faint, indistinct shape that might suggest a boat or a form in the lower portion of the image. The surface is textured with visible brushstrokes and smudges, creating a sense of depth and movement. The overall impression is one of a flat, layered surface with no distinct foreground or background, as most of the image is in the near depth band, suggesting the viewer is looking at a surface that is close and slightly uneven. The colors are muted and consistent, with no strong contrasts or highlights, reinforcing the somber and abstract nature of the piece."
Post_Impressionism/david-burliuk_summer-forest-1906.jpg,"The artwork depicts a forest scene, with numerous tall, slender tree trunks rising vertically from a ground covered in dense, textured vegetation. The trees are closely packed, forming a continuous vertical pattern that fills the center and extends toward the edges of the image. The ground is rendered in a thick, uneven layer of green and brown tones, suggesting moss, grass, or undergrowth, with visible brushstrokes indicating texture and variation in surface. The composition is dominated by the vertical lines of the trees, which recede into the background, creating a sense of depth. The foreground is occupied by the textured ground, while the background is filled with more trees, though they appear less distinct and more blurred, suggesting distance. The color palette is composed of various shades of green and brown, with no distinct focal point or figure present. The brushwork is visible throughout, with thick, impasto strokes that give the surface a tactile, rough quality. The lighting appears diffuse, with no strong shadows or highlights, contributing to a muted, naturalistic atmosphere. The overall impression is one of a quiet, undisturbed woodland, with no human presence or movement depicted."
Pop_Art/andy-warhol_dollar-sign.jpg,"The artwork shows a large, stylized dollar sign centered on the canvas. The sign is composed of layered, overlapping shapes in red and a lighter, pinkish hue, with visible texture that suggests a printed or screen-based technique. The background is a solid medium turquoise color. The dollar sign appears to be rendered with a rough, scratched or smudged texture, especially in the red areas, and the lighter shapes are outlined or partially transparent, creating a sense of depth and layering. The sign is not a clean, solid form but rather a complex, fragmented composition with intersecting lines and broken edges. The artist’s signature is visible in the lower right corner, written in a cursive script. The overall impression is flat and graphic, with no clear sense of three-dimensional space or perspective. The depth distribution across the image is uneven, with a significant portion of the pixels appearing far from the viewer, suggesting a flat, two-dimensional surface. The colors are bold and saturated, with the red and turquoise creating a strong contrast. The texture is consistent with a printmaking process, with visible marks and variations in tone."
Baroque/bernardo-strozzi_salome-1630.jpg,"A woman in the center of the painting, dressed in a red bodice with white ruffled sleeves and a green sash, leans forward with her right arm extended toward a man lying on a dark surface in the foreground. Her left hand rests near the man’s head, which is turned slightly upward. To her left, another woman stands partially visible, her face turned toward the central figure, with her hands near the man’s head. The man’s head is positioned in the lower left, resting on a dark, shallow dish or tray. The background is dark and indistinct, with no clear objects or figures beyond the two women and the man. The lighting is focused on the central woman’s face and hands, with shadows deepening around the edges of the composition. The colors are muted, dominated by dark tones, with the red of the central figure’s bodice and the green sash providing contrast. The textures suggest fabric, with the white sleeves appearing soft and the red bodice and green sash showing more defined, possibly stiff material. The overall depth is shallow, with the central figures and the man’s head appearing closest to the viewer, while the background recedes into darkness."
Post_Impressionism/theo-van-rysselberghe_the-gardens-of-generalife-in-grenada-1913.jpg,"The artwork shows a sunlit courtyard with a central fountain in the foreground, surrounded by stone walkways and potted plants. Two thick pillars frame the scene on the left and right, leading the eye toward a long, narrow path that recedes into the distance. Along the path, on both sides, are potted plants with green foliage and some flowers. In the background, arched openings and a building with a tiled roof are visible, suggesting a traditional architectural style. The fountain in the foreground has water splashing from its center, and it sits on a circular stone base. The overall impression is one of a tranquil, open space with strong geometric lines and bright, warm colors.

The fountain is positioned in the center of the foreground, directly in front of the viewer. The two pillars are located on the left and right edges of the frame, framing the view. The potted plants are placed on either side of the central path, one on the right and one near the center, closer to the fountain. The path extends straight into the background, leading toward the arched openings and the building behind them. The building and arches are located in the far background, centered in the composition.

The painting uses bright, warm colors, including sienna, tan, and pale blues and greens. The surfaces are rendered with visible brushstrokes, giving a textured, impressionistic feel. The light is strong and even, suggesting a sunny day. The fountain’s water is depicted with blue and white strokes, indicating motion. The stone surfaces and pillars have a rough, earthy texture, while the plants and flowers are rendered with soft, blended colors. The overall effect is one of a vibrant, sun-drenched outdoor space."
Realism/volodymyr-orlovsky_huts-in-summer-day-1870(1).jpg,"The artwork depicts a rural landscape with several houses built into a sloping terrain, surrounded by natural elements. In the foreground, a dirt field stretches across the bottom, with a small animal visible on the left side. A house is positioned in the center, slightly to the left, and another house appears in the top right corner. A third house is located on the left side of the composition. The overall scene is rendered in muted tones of gray, silver, and dark slate gray, with no strong color contrasts. The spatial arrangement suggests depth, with the foreground elements appearing closer and the houses receding into the background. The houses are simple in structure, with sloped roofs, and are set against a backdrop of sparse vegetation and a cloudy sky. The animal in the bottom left is small and indistinct, appearing to be resting or moving slowly. The dirt field occupies the lower portion of the image, and the terrain slopes upward toward the houses. The image lacks sharp detail, with textures appearing soft and blended, suggesting a sketch-like or impressionistic style. No figures are clearly visible, and no specific actions or poses can be determined. The overall impression is one of quiet, uneventful rural life."
Early_Renaissance/sandro-botticelli_adoration-of-the-magi-1500(1).jpg,"The painting depicts a large gathering of people clustered around a central stone structure, which appears to be a tomb or an altar-like opening framed by massive, weathered stone pillars. The central area is dominated by a group of figures gathered closely, with one figure in a dark robe and another in a blue garment positioned near the center, suggesting a focal point of attention or reverence. To the left and right, crowds of people in varied clothing—mostly red, dark, and earth-toned robes—crowd around, some kneeling, others standing with arms raised or hands clasped, indicating a collective reaction to the central event. A man in a dark robe is visible in the bottom left corner, seated or crouched, facing inward toward the center. The background shows a distant landscape with hills and a pale sky, suggesting an open, possibly desert-like setting. The foreground is filled with figures and objects, including what appear to be scrolls or documents, and the ground is uneven and rocky. The overall color palette is dominated by earthy tones: burlywood, dark olive green, and rosy brown. The lighting is diffuse, with a bright area above the central structure, casting a soft glow on the figures and the stone, while shadows are deep and uneven, suggesting a natural, possibly late afternoon light. The textures of the stone are rough and weathered, while the clothing of the figures appears heavy and layered, with folds and creases visible. The depth of the scene is varied, with the central figures and pillars appearing closest, while the background and outer edges of the crowd recede into a more distant, less defined space."
Post_Impressionism/edouard-cortes_st-denis-4.jpg,"This is a painting of a busy city street, likely in the late afternoon or early evening, with wet pavement reflecting the lights from buildings and vehicles. The street is lined with tall buildings on both sides, their windows and awnings glowing with warm, orange and yellow light. A group of people walks along the sidewalk, mostly in the center and right foreground, moving away from the viewer. Some are in coats and hats, suggesting cool weather. A vintage automobile is parked on the right side of the road, near the curb, with its headlights on. A tree with sparse, brown leaves stands in the center of the street, its branches reaching upward. The sky above is a pale blue-gray, with soft clouds. The overall impression is one of movement and urban life, with the wet ground and reflections adding a sense of atmosphere. The painting uses a palette of sienna, dark gray, and saddle brown, with the warm lights contrasting against the cooler tones of the sky and pavement. The brushwork is visible, with textured strokes suggesting the surfaces of buildings, clothing, and the wet street. The depth of the scene is conveyed through the perspective, with the buildings and figures receding into the background, and the foreground elements, like the people and the car, appearing closer and more detailed."
High_Renaissance/leonardo-da-vinci_study-of-christ-for-the-last-supper.jpg,"The artwork shows a close-up of a woman’s face, centered in the frame, with her eyes closed and head slightly tilted downward. Her long, wavy hair flows around her shoulders and frames her face, rendered in soft, textured strokes. The image is dominated by earthy tones—sienna, burlywood, and peru—giving it a muted, aged appearance. The surface of the work shows signs of wear, with visible dark smudges and discoloration, particularly around the hairline and edges. The depth of the image is uneven, with the face and hair appearing in mid-range focus, while the outer edges and background are blurred or faded. The overall impression is one of quiet stillness, with no movement or action depicted. The texture suggests a dry medium, possibly charcoal or pencil, applied to paper or a similar surface."
Romanticism/thomas-cole_the-voyage-of-life-manhood-1.jpg,"A rugged, rocky landscape dominates the scene, with a turbulent river or stream flowing through a narrow gorge. On the right side, a large, twisted tree with sparse, reddish-brown leaves stands prominently, its roots and trunk gripping the rocky terrain. The left side features steep, dark rock formations that rise sharply from the water. Above, the sky is dark and heavy, with a narrow band of warm orange and yellow light near the horizon, suggesting either sunrise or sunset. The water appears white and churning, indicating strong current or rapids. The overall impression is one of wild, untamed nature, with the tree and rocks positioned to frame the flowing water. The scene is rendered with deep, shadowy tones and a contrast between the dark rocks and the bright, fading light in the sky. The tree’s branches extend toward the center, partially obscuring the view of the water and rocks behind it. The composition places the viewer close to the scene, with the tree and rocks occupying the foreground and midground, while the distant horizon and sky form the background. The depth is emphasized by the layered rock formations and the flowing water, which recedes into the distance. The texture of the rocks appears rough and jagged, while the tree’s bark is gnarled and weathered. The water’s surface is depicted with white, frothy motion, suggesting turbulence. The sky’s color gradient from dark to warm light creates a strong visual contrast, drawing attention to the horizon line. The overall atmosphere is dramatic and imposing, with the elements arranged to convey a sense of natural power and isolation."
Art_Nouveau_Modern/aubrey-beardsley_prospectus-no-1.jpg,"A cartoon illustration in black and gray tones shows a large, winged figure standing on a piano keyboard. The figure, wearing a top hat and a long coat, holds a document labeled “PROSPECTUS NUMBER I DECEMBER 1895” in one hand and a bundle of quills or pens in the other. The figure’s wings are large and feathered, and its feet are clad in ornate boots with claw-like tips. To the right, a small child peeks out from under a blanket or curtain, looking up at the figure. The piano keyboard stretches across the lower portion of the image, with decorative garlands or drapery along its bottom edge. The background is plain and light, with no other objects or figures. The entire scene is framed by a thin black border."
Romanticism/edward-burne-jones_girl-and-goldfish-1861.jpg,"A woman sits in the center of the image, wearing a long, flowing red dress that drapes around her. Her bare feet rest on the ground, and her left hand is placed near the hem of her dress. Her head is turned slightly to her right, and her gaze is directed forward. Behind her, a dark, indistinct background suggests foliage and a structure with a window or archway. The foreground is dominated by the red dress, which occupies most of the central area. The background is mostly dark, with muted tones of black, brown, and gray. The image has a heavy, textured appearance, with the red dress standing out against the darker surroundings. The depth of the image is shallow, with the woman and her dress appearing closest to the viewer, while the background is significantly farther away. The lighting is dim, with no strong highlights or shadows, contributing to a subdued and somber atmosphere."
Realism/vasily-vereshchagin_letter-remained-unfinished-1901.jpg,"A woman in a long, light-colored dress stands to the right of a hospital bed, facing the bed. She wears a cap and has a red cross patch on her left arm. The bed, with a white metal frame, is positioned in the center of the composition, and a person lies in it, covered with white sheets and a pillow, with their head resting on the pillow. The room has pale walls with a blue horizontal stripe near the bottom, and a curtain hangs from a rod above the bed. To the right of the bed, a wooden chair is partially visible. The floor is dark, and the overall lighting is subdued, with the woman and the bed being the most illuminated areas. The image is framed in an oval shape."
Minimalism/sean-scully_untitled-no-6-1979.jpg,"The artwork shows a flat, uniform surface composed entirely of closely spaced, parallel horizontal lines. These lines are consistent in width and spacing, running from edge to edge across the entire frame. The color is a solid, deep darkslategray, with no variation in tone or hue. There are no figures, objects, or spatial elements beyond this patterned surface. A single, centrally located object, described as a stool, is present but appears as a faint, indistinct shape within the pattern, not clearly distinguishable from the surrounding lines. The surface has no texture or material variation; it presents as a smooth, uniform plane. Depth is suggested only by the slight variation in line density and tone, with the majority of the image falling into a near-depth band, but no distinct foreground, background, or spatial separation is visible. There are no emotional cues or symbolic elements present."
Cubism/gino-severini_still-life-with-the-dome-of-st-peter-s-1943.jpg,"The artwork shows a still life scene viewed from a window, with a table in the foreground holding various objects, and a large domed building visible through the window in the background. The table holds a fish, a basket with fruit, several bottles, and a vase. To the left, a curtain hangs, and to the right, a window frame is visible. The objects on the table are arranged in a cluttered, overlapping manner, with no figures present.

The table occupies the lower portion of the image, with the fish lying horizontally across the foreground. To the left of the fish, a vase with a curved neck and a lid is visible. To the right of the fish, a basket filled with fruit and several bottles are clustered together. The window frame is on the right side of the image, with the curtain on the left. The domed building is centered in the background, visible through the window. The objects on the table are arranged in a way that suggests they are placed randomly, with no clear order or alignment.

The colors in the image are varied, with dark slate gray, silver, and gray tones dominating the scene. The fish has a patterned scale design in shades of blue and green, while the fruit in the basket is depicted in orange and green. The bottles are painted in a mix of purple, blue, and green, with some having decorative patterns. The curtain on the left is a greenish color with small orange and purple dots. The window frame is a light brown color, and the building in the background is painted in shades of blue and gray. The overall texture of the image is rough, with visible brushstrokes and a sense of depth created by the arrangement of objects and the use of color. The depth of the image is varied, with some objects appearing closer to the viewer and others further away, creating a sense of space and perspective."
Baroque/jan-steen_arrival-of-a-visitor.jpg,"A woman lies reclined in an armchair on the left side of the scene, her body angled diagonally across the frame. She wears a long, flowing dress of a muted greenish-yellow hue, with a white collar and a red ribbon tied in her hair. Her right arm is raised, holding a small object that appears to be a red flower or a similar item. Her left hand rests on the arm of the chair, which is upholstered in dark green fabric with a red cushion. To her right, a dark, ornate wooden table or stand is partially visible, with a red and gold patterned cloth draped over it. Behind her, a large, dark-framed painting hangs on the wall, its contents indistinct. In the far right background, two figures stand near a doorway or archway, both dressed in dark, hooded garments. One figure appears to be holding a staff or cane. The room has a high, arched ceiling with a dark, spherical object hanging from it, suspended by a red ribbon. The floor is wooden, and the overall lighting is dim, with a warm, yellowish glow illuminating the woman and the chair, while the rest of the room remains in shadow. The colors are dominated by dark slate gray, peru, and saddle brown, with the reds and yellows providing contrast. The depth of the scene is shallow, with most of the image focused on the woman and the chair, while the background figures and objects are less distinct."
Post_Impressionism/ilya-mashkov_vegetables.jpg,"A still life arrangement of vegetables and fruit sits on a wooden table. On the left, a large green cabbage is prominent, with a red ceramic jug behind it. In the center, a large orange pumpkin stands out, flanked by a smaller cabbage to its right and a red apple near the bottom. A cauliflower, a lemon, and a red pepper are clustered near the center foreground. To the right, a cluster of purple grapes hangs down, with a few dark grapes near the bottom right corner. A small, light-colored onion and a pear are visible near the center. The background is dark and indistinct, suggesting a wall or curtain. The table surface is visible, and the overall scene is lit from the front, casting soft shadows. The colors are muted, with earthy tones dominating, and the textures appear rough and tactile, consistent with painted surfaces. The depth of the scene is varied, with objects in the foreground appearing closer and those in the background receding into shadow."
Post_Impressionism/gustave-loiseau_by-the-eure-river-in-summer-1902-2.jpg,"A dense cluster of green trees stands on the left side of the scene, their foliage thick and textured, bordering a narrow waterway that winds through the center. The waterway, appearing as a shallow creek or stream, reflects the surrounding greenery and sky, with patches of lily pads or similar vegetation floating on its surface. To the right, the land slopes gently away, covered in grass and wildflowers, leading toward a distant, hazy treeline under a pale, overcast sky. The sky is rendered in soft, muted tones of gray and light blue, suggesting a cloudy day. The brushwork is visible throughout, with thick, textured strokes defining the trees and water, and a more impressionistic, blurred quality in the distant background. The overall impression is one of a quiet, natural landscape, with the trees and water forming the central focus, and the foreground and midground filled with vegetation and water. The depth of the scene is suggested by the gradual softening of detail from the sharp, textured trees on the left to the indistinct, hazy horizon on the right."
Post_Impressionism/georges-lemmen_julie-lemmen-sleeping-in-an-armchair.jpg,"A woman sits in a dark armchair on the right side of the composition, her body angled slightly away from the viewer. She is dressed in a long, light-colored garment that drapes to the floor, and her right hand is raised to her face, near her temple or cheek. Her head is bowed, and her posture suggests she is resting or in thought. Behind her, to the left, is a dark, vertical object that appears to be a piece of furniture, possibly a cabinet or a fireplace, with a faint glow or light source visible at its top. The background is indistinct and rendered in muted, earthy tones of tan, sienna, and dark olive green. The foreground is dominated by the woman’s figure and the armchair, with the surrounding area fading into shadow. The surface of the painting has a textured, impasto quality, with visible brushstrokes and a soft, diffused light that does not sharply define edges. The overall impression is one of quiet stillness, with the woman’s position and gesture suggesting introspection or melancholy. The depth of the scene is varied, with the woman and chair in the mid-ground, the furniture behind her in the background, and the floor and walls receding into shadow. The colors are subdued and warm, with the light-colored dress contrasting against the darker surroundings."
Rococo/maurice-quentin-de-la-tour_view-of-the-city-saint-quentin-1.jpg,"The artwork depicts a sprawling town built upon a steep hill, crowned by a large castle with multiple spires and towers. The hillside is densely packed with buildings, mostly with dark roofs, clustered tightly together. Below the hill, a wide river flows, with several small boats visible on its surface. Along the riverbank, there are figures, some appearing to be walking or standing, and a few animals, possibly sheep or goats. The sky above is filled with large, heavy clouds, rendered in shades of blue and gray, with some lighter, almost white areas suggesting illumination or texture. The overall impression is one of a fortified settlement viewed from a distance, with the river and boats in the foreground and the castle dominating the hilltop. The painting uses a limited palette of dark blues, grays, and muted earth tones, with the buildings appearing in flat, somewhat indistinct forms. The texture of the image suggests a rough, possibly painted surface, with visible brushwork or grain. The depth is conveyed through the layering of the hill, the river, and the sky, with the castle appearing farthest away and the riverbank closest. The figures and boats are small and indistinct, suggesting they are not the focus of the scene. The composition is wide and panoramic, with the castle and hill occupying the center and upper portion of the image, while the river and boats are in the lower portion. The sky occupies the top third of the image, with clouds stretching across it. The overall impression is one of a static, somewhat distant view of a fortified town, with the river and boats adding a sense of activity in the foreground."
Post_Impressionism/gustave-loiseau_ice-on-the-oise-river.jpg,"The painting shows a river or waterway in the foreground, with a cluster of buildings and trees on a hillside in the background. The water appears choppy and reflective, with visible ripples and patches of darker and lighter tones. Along the left edge, the waterway is bordered by what appears to be reeds or tall grasses, rendered in muted earth tones. The buildings on the hill are clustered together, with varied rooflines and walls, mostly in pale, washed-out colors. The sky above is overcast, with soft, blended tones of gray and pale blue, suggesting a cloudy day. The overall impression is one of a quiet, possibly autumnal or overcast riverside town, viewed from a distance across the water.

The waterway occupies the lower portion of the image, stretching from the left edge toward the center and right. The reeds or vegetation are concentrated along the left bank, near the bottom edge. The buildings are situated on the hillside, which rises from the middle to the upper right of the canvas, appearing as a dense, slightly blurred mass. The sky fills the top portion of the image, above the hill. The composition suggests the viewer is positioned at a distance from the scene, looking across the water toward the distant town.

The painting is rendered with visible, textured brushstrokes, especially in the water and the hillside. The colors are subdued, dominated by grays, muted browns, and pale yellows, with occasional hints of red or orange in the foliage. The surface of the water is depicted with a mix of dark and light strokes, suggesting movement and reflection. The buildings are not sharply defined, appearing as smudged shapes with indistinct edges, consistent with an impressionistic style. The overall texture is rough and layered, with no smooth areas, and the lighting is diffuse, with no strong shadows or highlights."
Realism/ilya-repin_demonstration-on-october-17-1905-sketch-1906.jpg,"The painting depicts a large, crowded outdoor gathering with many people in motion. In the center, a figure stands elevated, arms raised, holding a red cloth that billows upward. To the right, another red cloth flares in the air. Below, a group of people is clustered, some facing toward the center, others turned away. A man in the bottom left corner appears to be holding a bouquet of flowers. In the bottom right, a man is playing a brass instrument, possibly a trumpet, with his mouth open and body angled forward. Behind him, other figures are visible, some holding instruments, suggesting a band or musical group. The crowd is dense, with many figures in dark clothing, and the background is a hazy, indistinct landscape with a faint flag visible in the distance. The overall impression is one of energetic movement and celebration. The painting is rendered with thick, visible brushstrokes, and the colors are dominated by dark tones, with strong reds and earthy browns. The surface texture is rough and impasto, with areas of bright red contrasting against the darker masses. The depth is suggested through layering, with the foreground figures appearing closest and the background fading into a hazy, indistinct space."
Romanticism/gustave-dore_the-daughter-of-herod-head-of-john-the-baptist.jpg,"The artwork depicts a woman in a long, draped robe standing in the center, her head turned slightly to her right as she reaches forward with her right hand toward a man on the right side of the composition. The man, who appears to be holding a tray, presents a severed head to her. He is dressed in armor and looks up at her with a direct gaze. To the left of the central woman, another figure stands partially obscured, with their hand near the woman’s shoulder. Behind the central woman, a man in a hooded garment stands with his hand raised, appearing to gesture or speak. In the background, to the far left, another figure is visible, partially hidden by shadow and draped fabric. The scene is set within an interior space with architectural elements like columns and arches visible in the background, suggesting a stone or masonry structure. The foreground is dominated by the central figures and the tray with the head, while the background recedes into shadow and architectural detail. The image is rendered in monochrome, with varying shades of black, gray, and dim gray, creating a stark contrast between the figures and the background. The texture of the robes and armor is suggested through fine lines and shading, indicating fabric and metal. The depth of the image is uneven, with the central figures appearing closest to the viewer, while the background elements are more distant and less detailed. The overall composition is tightly framed, focusing attention on the interaction between the woman and the man presenting the head."
Symbolism/fernand-khnopff_portrait-of-marguerite-khnopff-1890.jpg,"A woman sits at a table, her head covered by a large, dark floral arrangement that obscures her eyes and forehead. Her hands are raised to her face, fingers pressed against the flowers and her cheeks, with one hand partially covering her nose and mouth. She is wrapped in a heavy, textured fabric that drapes over her shoulders and arms, appearing to be a blanket or shawl. The table in front of her is dark and flat, and the background is indistinct, showing only blurred shapes of furniture or walls. The image is in grayscale, with tones ranging from light gray to dark gray, and the textures of the fabric and the flowers are visible. The woman’s face is partially visible, with her lips and chin showing, but her eyes are hidden. The overall composition suggests a still, quiet moment, with the woman’s posture and the covering of her face indicating a sense of concealment or introspection. The depth of the image is varied, with the woman and the table in the foreground, and the background elements appearing distant and out of focus."
Art_Nouveau_Modern/ivan-bilibin_illustration-for-the-tale-of-three-royal-divah-and-the-ivashko-priest-s-son-1911(1).jpg,"A woman stands on the left side of the scene, her body bent forward and her head tilted down, with long, thin limbs and a ragged, tattered garment that appears to be a dress or robe. Her right hand is extended toward a man seated on the right side of the image. The man is seated on a low bench or stool, facing the woman, with his legs crossed and his hands resting on his lap. He is wearing a light-colored shirt with dark, patterned trim at the cuffs and collar, and dark, patterned trousers. Behind them, a dark, paneled wall with a window or opening is visible, and the floor is made of wooden planks. The overall color palette is muted, dominated by tan, dark slate gray, and dim gray tones. The scene is rendered with a textured, somewhat grainy quality, and the depth of field suggests the viewer is positioned close to the figures, with the woman and the man being the primary focus. The lighting is subdued, with no strong highlights or shadows, contributing to a somber and static atmosphere."
Symbolism/mikalojus-ciurlionis_news-1905.jpg,"A dark, angular mountain mass dominates the lower right portion of the image, its silhouette sharply defined against a swirling, textured sky. Above, a long, dark, winged shape—possibly a bird or a stylized form—extends diagonally across the upper part of the frame, its edges blurred and indistinct. The sky is rendered in layered, blended tones of ochre, brown, and muted green, with visible brushwork suggesting movement or turbulence. The mountain appears to be the closest object, with the sky and the winged form positioned behind it, creating a sense of depth. The overall surface has a rough, painterly texture, with no clear boundaries between elements, and the lighting is diffuse, with no strong directional source. The composition suggests a natural, possibly dramatic, landscape scene."
Abstract_Expressionism/paul-jenkins_phenomena-sherman-vortex.jpg,"The artwork shows an abstract composition of bold, overlapping color fields on a light background. There is no discernible figure or object, only shapes and areas of pigment that blend and contrast. A central region contains a patch of color that appears to be a mix of dark and light tones, possibly suggesting a focal point, though it is not defined by form. The colors include deep blues, dark grays, and areas of red and green that bleed into one another at their edges. The surface appears flat, with no clear indication of texture or material, though the edges of the color patches suggest they were applied with a fluid medium, possibly watercolor or ink, which has spread and diffused. The depth of the image is not consistent; most of the area is near the viewer, with some areas appearing slightly farther away, but no distinct foreground or background is established. The overall impression is one of energetic, chaotic color interaction, with no clear spatial organization or narrative."
Romanticism/caspar-david-friedrich_the-abbey-in-the-oakwood.jpg,"The artwork depicts a desolate, misty landscape dominated by the ruins of a stone building, its central arched window still intact and dark. This structure is surrounded by tall, leafless trees with gnarled, sprawling branches that reach into a pale, hazy sky. The ground is uneven and covered in snow or frost, with faint tracks and scattered, dark, indistinct shapes that appear to be tombstones or crosses. In the foreground, a group of small, dark figures moves along a path near the base of the ruins, their forms blurred and indistinct. To the right, a single, simple wooden cross stands alone in the snow. The entire scene is enveloped in a thick, grayish haze that obscures distant details and creates a sense of depth, with the closest elements appearing sharper and more defined than those receding into the fog. The color palette is muted, consisting mostly of dark grays, browns, and a faint, pale yellow glow near the horizon, suggesting either dawn or dusk. The texture of the painting is rough and grainy, with visible brushwork that adds to the somber, cold atmosphere. The overall impression is one of quiet desolation, with the ruins and bare trees forming a stark, silent monument to decay."
Northern_Renaissance/albrecht-durer_bacchanal-with-silenus.jpg,"The artwork depicts a group of muscular, nude or partially clothed figures gathered around a central, large sculpture that appears to be a grotesque or mythological creature with animal-like features. The figures are in various dynamic poses: some are reaching toward the sculpture, others are interacting with each other or with objects like a flute or a small tool. The scene is set outdoors, with dense, leafy vines and clusters of grapes forming a backdrop behind the figures. The figures are arranged in a tight, clustered group, with some positioned in the foreground and others receding into the background, creating a sense of depth. The sculpture is centrally located, surrounded by the figures, and appears to be the focal point of their attention. The image is rendered in grayscale, with varying shades of gray, silver, and dark slate gray, suggesting a detailed, textured surface. The depth of the scene is indicated by the spatial arrangement of the figures and the background elements, with the foreground figures appearing more defined and the background elements fading into shadow. The overall impression is one of intense, chaotic energy, with the figures’ poses and expressions suggesting movement and interaction."
Art_Nouveau_Modern/ferdinand-hodler_valentine-gode-darel-in-hospital-bed-1914.jpg,"A woman lies in a bed, shown in profile facing left. Her head rests on a pillow, and her dark hair is pulled back. She is covered by light-colored sheets and blankets, with one hand resting near her chest. To the right, three red circular shapes, possibly flowers or decorative objects, are visible near the edge of the bed. In the upper right corner, a small, round object resembling a clock or watch is depicted. The background is a plain, light, off-white surface. The woman’s face is partially illuminated, with visible shadows and texture in the skin and hair. The bed occupies the lower portion of the image, with the woman’s body extending from the left toward the center. The overall composition is flat, with most of the image area appearing distant, suggesting a shallow depth of field. The colors are muted, dominated by light grays, dark grays, and the red of the objects on the right. The brushwork is loose and expressive, with visible strokes and smudges, particularly around the woman’s face and the bed linens."
Ukiyo_e/utagawa-kuniyoshi_lacquered-boxes-against-rain.jpg,"The image shows a group of figures, each carrying a long, heavy-looking weapon with a boxy component mounted on top, arranged in a staggered, overlapping formation. They are dressed in dark, bulky clothing with thick, textured, light-colored fur or fabric around the lower bodies and legs. Their heads are covered with dark, rounded head coverings. The figures are positioned in a line, facing forward, with their weapons held horizontally and aligned in a way that suggests they are moving or advancing together. The background is mostly empty, with a few faint, diagonal lines suggesting rain or motion, and a small, dark, indistinct shape on the far right. The image is rendered in black and white, with high contrast between the dark figures and the light background. The texture of the fur and clothing is rendered with fine, dense lines, while the weapons and head coverings are depicted with solid, dark areas. The depth of the image is varied, with the figures appearing to be at different distances from the viewer, with some more in the foreground and others receding into the background. The overall impression is one of a group moving together, possibly in a procession or march, with a sense of weight and seriousness conveyed through the heavy weapons and the dense, dark clothing."
Early_Renaissance/fra-angelico_view-of-the-chapel-vaulting.jpg,"This is a ceiling fresco, viewed from below, showing a complex, symmetrical arrangement of painted scenes divided by intersecting architectural ribs. At the center, a circular medallion contains a seated figure with a halo, holding a globe and a book, surrounded by smaller figures. Above this, a central panel depicts a crucifixion scene with multiple figures around it, including angels and other figures in dynamic poses. The four quadrants surrounding the center each contain large groups of figures, mostly in clusters, with some figures appearing to be in motion or gesturing. The entire composition is framed by ornate, repeating decorative borders in dark olive green and gold, with geometric and floral motifs. The fresco is set within a vaulted ceiling structure, with visible ribs and a central medallion at the intersection. The figures are rendered in a style with flat, stylized forms and rich, muted colors, including rosy brown, dim gray, and gold. The depth of the scene is suggested by the perspective of the architectural ribs and the layering of figures, with some elements appearing closer to the viewer and others receding into the background. The overall impression is one of a highly structured, formal, and solemn religious space."
Rococo/canaletto_capriccio-the-grand-canal-with-an-imaginary-rialto-bridge-and-other-buildings.jpg,"The artwork depicts a wide canal scene with a large stone bridge spanning the water, flanked by buildings on both sides. On the left, a massive domed building rises prominently, while to the right, a long, multi-arched bridge with a covered walkway extends across the water. Several boats are visible in the canal, some moored near the banks, others in motion or being tended to by figures. People are scattered along the edges of the water and on the bridge, engaged in various activities like standing, walking, or working with the boats. The waterway is wide and reflects the structures above it. The sky is pale and overcast, casting a flat, diffused light over the scene. The overall color palette is muted, dominated by grays, dark grays, and muted earth tones, with no strong highlights or shadows. The textures suggest stone, wood, and fabric, with the surfaces of the buildings and boats appearing rough or weathered. The depth of the scene is conveyed through the perspective, with the bridge and buildings receding into the distance, and the foreground showing the boats and figures closest to the viewer. The composition is balanced, with the bridge and the domed building forming the central axis, while the boats and people are distributed along the edges and in the foreground."
Art_Nouveau_Modern/henri-de-toulouse-lautrec_moulin-rouge-l-union-franco-russian.jpg,"Two figures stand side by side in a sketch-like composition, rendered in shades of dark gray and gray. On the left, a woman with short, light-colored hair is shown in profile, facing right, her body angled slightly away from the viewer. She wears a dark, form-fitting garment that covers her torso and extends to her lower limbs. Her left hand rests on her hip, and her posture suggests a relaxed or casual stance. To her right, a man with a cap on his head stands facing slightly toward her, his head turned toward her as if in conversation. He wears a light-colored, loose-fitting garment with a visible pocket on the front, and his right hand is placed near his waist. Behind them, the background is dark and indistinct, with faint, blurred shapes that suggest foliage or trees. Above them, a series of small, circular marks appear scattered across the upper portion of the image, possibly representing lights or abstract shapes. The overall impression is one of a quiet, informal interaction between the two figures, with the artist’s hand visible in the lower right corner, indicating the work is a drawing or print. The depth of the image is uneven, with the figures appearing to be in the mid-ground, while the background and foreground elements are blurred or indistinct. The texture of the work is rough and sketchy, with visible lines and smudges suggesting a dry medium like ink or charcoal."
Baroque/peter-paul-rubens_the-abbot-of-st-michael-s.jpg,"An elderly man, dressed in a heavy, white, hooded robe, stands in the center of the composition. His head is turned slightly to his right, and his gaze is directed away from the viewer. His hands are clasped in front of him, with a dark ring visible on his right ring finger. To his right, a tall, ornate staff with a curved top rests against the wall. Below it, a silver-colored mitre, decorated with small dark stones, sits on a red surface. In the upper left corner, a heraldic crest with a bishop’s mitre and a shield bearing red and blue stripes is visible. The background is a deep, textured red, with darker areas suggesting shadow or a wall. The man’s robe is rendered with soft, heavy folds, and the lighting appears to come from the left, casting subtle shadows on the right side of his face and body. The overall impression is one of solemnity and formality, with the objects around him suggesting ecclesiastical authority. The depth of the image is varied, with the man and his immediate surroundings appearing closest, while the background and distant objects recede into shadow. The colors are muted, dominated by the white of the robe, the dark red of the background, and the metallic sheen of the mitre and staff."
High_Renaissance/leonardo-da-vinci_study-of-an-apostle-s-head-and-architectural-study.jpg,"The artwork shows a sketch of a woman’s head and shoulders in the upper portion, with a detailed architectural drawing of a building below. The woman’s head is turned slightly to her right, her gaze directed downward and to the left, with her mouth slightly open. Her hair is curly and appears to be drawn with loose, expressive lines. Below her, a complex structure of buildings is sketched, including towers with domes and spires, and a central section that appears to be a palace or institutional building with multiple levels and windows. The drawing is done in a single dark medium, likely charcoal or red chalk, on a light-colored, possibly aged paper. The entire composition is rendered in a sketchy, unfinished style, with visible strokes and smudges. The architectural drawing occupies the lower half of the image, with the woman’s head positioned above it, creating a clear vertical division. The buildings are drawn with strong outlines and some internal detail, suggesting a focus on structure and form. The paper has a faint, uniform texture, and the drawing appears to be on a single sheet. The image is marked with the number “44” in the lower right corner, and a small circular stamp or signature is visible in the bottom right corner. The depth of the image is mostly far, with the majority of the area appearing flat and two-dimensional, though the architectural drawing has some suggestion of depth through perspective lines and overlapping structures. The woman’s head is the most prominent element, with the buildings below appearing as a secondary, more detailed element. The overall impression is one of a study or sketch, with the woman’s face and the building both rendered with a sense of urgency or intensity. The image is not a finished painting or photograph, but rather a work in progress, with visible marks and unfinished areas. The woman’s face is the most detailed part of the image, with the buildings appearing more schematic and less defined. The image is not a portrait of a specific person, but rather a study of form and structure, with the woman’s face and the building both serving as subjects for the artist’s exploration. The image is not a depiction of a specific event or moment, but rather a study of form and structure, with the woman’s face and the building both serving as subjects for the artist’s exploration. The image is not a depiction of a specific event or moment, but rather a study of form and structure, with the woman’s face and the building both serving as subjects for the artist’s exploration. The image is not a depiction of a specific event or moment, but rather a study of form and structure, with the woman’s face and the building both serving as subjects for the artist’s exploration. The image is not a depiction of a specific event or moment, but rather a study of form and structure, with the woman’s face and the building both serving as subjects for the artist’s exploration. The image is not a depiction of a specific event or moment, but rather a study of form and structure, with the woman’s face and the building both serving as subjects for the artist’s exploration. The image is not a depiction of a specific event or moment, but rather a study of form and structure, with the woman’s face and the building both serving as subjects for the artist’s exploration. The image is not a depiction of a specific event or moment, but rather a study of form and structure, with the woman’s face and the building both serving as subjects for the artist’s exploration. The image is not a depiction of a specific event or moment, but rather a study of form and structure, with the woman’s face and the building both serving as subjects for the artist’s exploration. The image is not a depiction of a specific event or moment, but rather a study of form and structure, with the woman’s face and the building both serving as subjects for the artist’s exploration. The image is not a depiction of a specific event or moment, but rather a study of form and structure, with the woman’s face and the building both serving as subjects for the artist’s exploration. The image is not a depiction of a specific event or moment, but rather a study of form and structure, with the woman’s face and the building both serving as subjects for the artist’s exploration. The image is not a depiction of a specific event or moment, but rather a study of form and structure, with the woman’s face and the building both serving as subjects for the artist’s exploration. The image is not a depiction of a specific event or moment, but rather a study of form and structure, with the woman’s face and the building both serving as subjects for the artist’s exploration. The image is not a depiction of a specific event or moment, but rather a study of form and structure, with the woman’s face and the building both serving as subjects for the artist’s exploration. The image is not a depiction of a specific event or moment, but rather a study of form and structure, with the woman’s face and the building both serving as subjects for the artist’s"
Symbolism/felicien-rops_tienne-soubre.jpg,"The artwork depicts a caricature of a man with a large, bulbous head and a thick beard, shown from the chest up. He is seated, holding a large, open book in front of him with both hands. The book’s cover is visible and bears the words “DISO” and “INE” in large letters, with smaller text below reading “LES PÉPERONS BLANCS.” The man’s head is tilted slightly to his right, and his expression appears stern or focused. His hair is thick and curly, and he wears a dark, high-collared garment. The background is plain and indistinct, with no clear objects or figures. The image is rendered in black and white, with heavy shading and cross-hatching to create texture and depth. The depth of the image is mostly far, with the man’s figure appearing to be in the mid-ground, while the background is blurred and indistinct. The image is framed by a thin border, and below the image, there is text in French, including a poem and the name “Felicien Rops” along with the date “8 juin 1856.” The text also includes the phrase “GALERIE D’UYLENSPIEGEL” at the top. The overall impression is that of a satirical or humorous illustration, with the man’s exaggerated features and the book suggesting a theme of intellectual or literary satire."
Pop_Art/erro_chinese-petroleum-1978.jpg,"A central figure, a man, stands in the middle of the scene, holding a long, dark object that resembles a baseball bat, angled diagonally across the upper right. Around him, a crowd of people is gathered, some in motion, others watching, with one figure to his left holding a sword. To the left, a woman wearing a white headscarf and a green garment sits on the floor, holding a small object. In the foreground, at the bottom, a nude woman lies on her back on a patterned surface, her body partially covered by a blue cloth. A pillow is visible to the right of her. The background is filled with more figures, some waving red flags, and the overall scene suggests a chaotic, crowded gathering. The image is dominated by muted tones, mostly grays and darks, with the red flags providing a sharp contrast. The depth of the scene varies, with the foreground figures appearing closer and the background figures receding into the distance, though most of the image is in the far depth band."
Symbolism/james-tissot_miriam-shut-out-from-the-camp.jpg,"A woman sits on a stone step, her head covered by a light-colored cloth that drapes over her hair and shoulders. She is barefoot and wrapped in a dark, loose garment that covers her body. Her hands are raised to her head, fingers pressing against the cloth, suggesting distress or exhaustion. To her left, a large, round, woven basket rests on the ground. Behind her, a rough stone wall rises, and to the right, a dark doorway is visible, framed by a vertical stone pillar. The floor is dark and flat, extending toward the viewer. The entire scene is rendered in shades of gray, with no bright or vivid colors. The lighting is dim, with shadows deepening the texture of the stone and the folds of the cloth. The woman’s face is partially obscured, but her expression appears weary or sorrowful. The composition places her centrally, with the basket to her left and the doorway to her right, creating a sense of enclosure and isolation. The stone surfaces are rough and uneven, and the overall atmosphere is somber and still."
Romanticism/edwin-henry-landseer_the-old-shepherd-s-chief-mourner.jpg,"A dog sits on the floor in the bottom left, its body angled toward a bed in the center. The bed is covered with a light-colored blanket, and a wooden chest or briefcase rests at its foot. To the right of the bed, a small wooden stool holds a dark object, possibly a book or a box. A piece of luggage is visible in the bottom right corner. The floor is dark and appears worn, with scattered leaves or twigs. The room is dimly lit, with shadows dominating the space, and the walls and furniture are made of dark wood. The dog’s head is turned upward, looking toward the bed, and its posture suggests stillness. The overall scene is enclosed, with no clear view beyond the immediate area, and the depth of the image is shallow, with most detail concentrated in the foreground. The colors are muted, dominated by dark browns, blacks, and grays, with the blanket providing a slight contrast. The textures appear rough and worn, consistent with an old, possibly rustic interior."
Art_Nouveau_Modern/edmund-dulac_the-pearl-of-the-cloud-from-the-kingdom-of-the-pearl.jpg,"The artwork depicts a central figure of a nude woman floating in a starry, dark space, surrounded by swirling golden clouds. To her left, a green-skinned, horned figure with a patterned sash crouches, while above and to the left, a dark-robed figure with a white headdress stands. Above and to the right, a red, demonic figure with a crown-like headpiece is visible. In the upper right corner, a white bull with horns stands on a cloud. The woman’s arms are slightly extended, one hand open, the other resting near her hip. The figures around her are in dynamic poses, some appearing to interact with her or the clouds. The background is a deep dark gray, speckled with small white dots resembling stars. The clouds are rendered in a flat, golden sienna color, with swirling, ribbon-like patterns. The overall composition suggests depth, with the woman appearing closest to the viewer, while the figures and the bull are positioned further back, though the depth distribution indicates most of the image is near the viewer’s perspective. The surface texture appears flat and painted, with no visible brushwork or material detail."
Symbolism/konstantin-bogaevsky_memories-of-mantegna-1910.jpg,"A dark, swirling sky dominates the upper portion of the image, with a bright, circular light source near the center, surrounded by concentric, radiating marks that suggest motion or energy. Below, a sprawling settlement of low, clustered buildings stretches across the middle ground, rendered in muted, earthy tones of gray and beige. The structures appear weathered and densely packed, with uneven rooftops and irregular walls, suggesting an old or rugged town. In the foreground, a dark, reflective surface—likely water—mirrors the buildings and the sky above, though the reflection is distorted and indistinct. The entire scene is enveloped in shadow, with the only significant illumination coming from the central light source, which casts a faint glow on the buildings’ upper edges. The composition is wide and horizontal, with the buildings occupying the center and right portions of the frame, while the sky and water fill the top and bottom. No figures are clearly visible, though faint, indistinct shapes suggest the presence of people near the water’s edge, barely discernible. The texture of the sky is rough and turbulent, while the buildings appear flat and blocky, with no fine detail. The overall impression is one of quiet, somber grandeur, with a sense of isolation and stillness."
Realism/mihaly-munkacsy_paris-interior-1877.jpg,"A woman in a white dress with dark trim sits at a table covered with a patterned cloth, positioned toward the center-left of the scene. She is seated on a chair, facing slightly away from the viewer, with her head turned to her right as she reads a book or document held in her hands. To her left, a large, dark wooden cabinet stands against the wall. Behind her, a heavy, draped curtain in a deep rosy-brown hangs from the ceiling, partially obscuring a doorway or alcove that leads into a dimly lit space. To the right of the woman, a small, ornate table holds a potted plant with green leaves. On the floor in front of her, a red and dark patterned rug lies partially under her feet, and to the right of the rug, a doll lies on its back on a smaller, lighter-colored rug. The walls are dark, with a large, faded tapestry or painting visible in the background, showing indistinct figures. The room is dimly lit, with light sources appearing to come from above and to the right, casting soft shadows. The overall color palette is dominated by dark tones, including black, rosy-brown, and dark olive-green, with the white of the woman’s dress providing a stark contrast. The textures suggest fabric, wood, and painted surfaces, with the rug and curtain showing signs of wear. The depth of the scene is shallow, with most of the image appearing close to the viewer, and the background elements receding into shadow."
Baroque/rembrandt_self-portrait-open-mouthed-1630.jpg,"The artwork shows a portrait of a person with thick, curly hair, rendered in dark, textured lines on a light, aged paper surface. The figure’s head and shoulders occupy the center of the composition, with the hair filling the upper half of the frame. The face is partially obscured by shadow, with the right side of the face more illuminated, revealing a mouth slightly open and a nose, while the left side is heavily shadowed. The figure’s neck and shoulders are covered in dense, crosshatched lines, suggesting a heavy garment. The background is plain and unadorned, with no distinct objects or spatial elements beyond the paper’s texture. The image is framed by a rough, uneven border, and faint, illegible markings appear in the upper left corner. The overall impression is one of a tightly focused, sketch-like rendering with strong contrast between dark lines and light paper. The depth of the image is shallow, with the figure appearing to emerge from the background, though the background is largely flat and lacks clear spatial separation. The texture of the paper is visible throughout, with signs of wear and age. The image is monochromatic, using only shades of gray, with no color present."
Romanticism/gustave-dore_don-quixote-99.jpg,"The artwork depicts a crowded, chaotic scene centered on a group of figures that appear to be marionettes or puppets, manipulated by large, disembodied hands hanging from above. These hands, detailed with visible fingers and knuckles, grip strings that extend downward to control the figures below. The figures themselves are varied: some are dressed in elaborate, theatrical costumes with ornate hats and flowing garments, while others are more grotesque or skeletal, lying on the floor or scattered around the scene. A central figure, a man with a beard and a white shirt, stands with arms crossed, appearing to be a puppeteer or master of the scene. To his right, another figure with a beard and a dark robe stands with a more passive posture. The background is dark and filled with indistinct shapes, suggesting a stage or a dimly lit room. The foreground contains several fallen or broken figures, some with heads detached or lying on the ground. The overall composition is dense and layered, with figures overlapping and positioned at various depths, creating a sense of depth and movement. The image is rendered in grayscale, with varying shades of gray, dark slate, and gainsboro, giving it a stark, dramatic quality. The texture is detailed, with fine lines and shading that suggest the material of the figures and the hands, though no specific materials are visible. The depth of the scene is varied, with some elements appearing closer to the viewer and others receding into the background, contributing to the sense of a complex, multi-layered environment."
Post_Impressionism/paul-serusier_the-aqueduct-1905.jpg,"The artwork depicts a landscape with a large stone bridge spanning a river, viewed through the bare branches of several trees in the foreground. The bridge, with its multiple arches, stretches horizontally across the middle of the image, set against a dark, hazy sky and distant hills. The river flows along the bottom edge, appearing as a narrow band of muted color. The trees, mostly leafless with thin, dark branches, are clustered in the foreground and midground, partially obscuring the view of the bridge. The ground around the trees is rendered in earthy, textured tones, suggesting dry grass or undergrowth. The sky is a deep, uniform blue-gray, with no visible clouds or sun. The overall impression is one of quiet, somber natural scenery, with the bridge as a central, imposing structure. The brushwork is visible and textured, with thick, impasto strokes in the foreground and background, and the colors are muted, dominated by dark grays, browns, and ochres. The depth is suggested by the layering of the trees in front of the bridge, with the foreground elements appearing closest and the bridge and hills receding into the distance."
Pop_Art/roy-lichtenstein_the-grip-1962.jpg,"The artwork shows a hand gripping a gun, with the gun positioned centrally. The hand is large and stylized, outlined in white, and occupies the center of the frame. The gun is held firmly, with the fingers wrapped around the grip and the thumb resting along the side. The background is a solid, flat red, with no other objects or figures present. The hand and gun are the only elements in the composition, and they are rendered with a halftone dot pattern, giving them a textured, printed appearance. The red background is uniform and unbroken, with no variation in tone or detail. The depth of the image is shallow, with the hand and gun appearing to be in the foreground, while the background is flat and lacks any sense of distance. The overall impression is one of a bold, graphic image with a strong, simple composition."
Realism/aleksey-savrasov_the-death-of-the-ship-at-sea-1862.jpg,"A large, dark-hulled sailing vessel is shown tilted sharply to its right, battling rough, foamy waves. Its masts and rigging are visible, with a single bright red sail unfurled and fluttering. The boat is surrounded by churning, white-capped water that dominates the center and lower portion of the image. Above, the sky is overcast with soft, muted clouds, and several birds are scattered across the upper part of the frame — one near the top left, others dispersed across the upper center and right. The painting’s surface suggests a textured, somewhat impressionistic style, with visible brushwork and a palette dominated by grays, dark blues, and the stark contrast of the red sail. The depth of the scene is conveyed through the layered waves and the distant, hazy horizon, with the boat positioned as the central focus, partially submerged and struggling against the sea."
Art_Nouveau_Modern/jacek-malczewski_self-portrait-with-death.jpg,"A bald man with a dark beard stands in the center, wearing a light-colored shirt under a dark vest with buttons, and holding a stemmed glass in his right hand. His left hand rests on his hip. Behind him, to the left, a second figure is partially visible, wearing a dark head covering with a floral adornment, and carrying a long, broad-bladed tool over their shoulder. The background is a blurred, textured green, suggesting foliage or an outdoor setting. The man’s vest has a pocket with a small object inside, and the glass he holds has a decorative pattern. The overall color palette is dominated by muted grays, browns, and greens, with the vest and shirt appearing in subdued tones. The painting’s surface shows visible brushwork, and the depth of the scene is varied, with the central figure closest to the viewer, the background figure partially obscured, and the background itself rendered in soft, indistinct green tones."
Northern_Renaissance/gerard-david_two-legends-of-st-nicholas-1.jpg,"A man in ornate, patterned robes and a jeweled mitre stands on the left, holding a tall, gold-leafed staff. He is positioned near a large wooden barrel on the right, which contains three nude children seated together. The man’s hand is extended toward the children, and his gaze is directed at them. The floor is tiled in a checkered pattern of dark and light squares. Behind the man, a wall with a window showing a building exterior is visible. The scene is set indoors, with the man and the barrel occupying the foreground and midground, while the background elements recede into depth. The lighting is even, with no strong shadows, and the colors are muted, dominated by earthy browns, grays, and the pale skin tones of the children. The textures of the robes, the wood of the barrel, and the tiled floor are rendered with visible detail. The children are positioned closely together inside the barrel, with one leaning forward, another sitting upright, and the third partially obscured. The man’s robe is richly decorated with gold and dark patterns, and his mitre is detailed with jewels and embroidery. The barrel is large and cylindrical, with visible wood grain and a rough texture. The window in the background shows a building with wooden framing and small panes. The overall composition is static, with no motion implied."
Ukiyo_e/utagawa-kuniyoshi_women-25.jpg,"A geisha woman stands in the center of the image, facing slightly to the left, her body angled as if walking forward. She wears a deep midnight blue kimono with a pattern of small, dark shapes, and a lighter blue undergarment visible at the hem. Her hair is styled in a traditional updo, secured with a yellow hairpin, and she holds a long, slender object—possibly a staff or umbrella handle—vertically in her right hand. Her left hand rests near her waist. The ground is covered in snow, and behind her, to the right, a large tree trunk with snow clinging to its bark rises vertically. To the left, a body of water stretches across the background, with a small boat visible far in the distance. Above the woman, a horizontal line suggests a canopy or hanging fabric, with faint, thin branches or vines extending downward. The entire scene is rendered in muted tones: wheat-colored background, midnight blue and gray for the clothing and snow, with touches of red and yellow on the garment and hairpin. The depth of the image is shallow, with the woman and the tree trunk appearing closest, while the water and distant landscape recede into the background. The snow appears textured and uneven, and the fabric of the kimono has a visible, slightly rough surface. The image is framed with Japanese characters on the right and left sides, written in black ink, and a signature in the lower right corner."
Pop_Art/keith-haring_andy-mouse-1985.jpg,"The artwork shows a cartoon-style mouse character standing upright in the center, wearing large round goggles and a simple outfit with shorts and a top. The mouse has large ears, a tail extending to the right, and its hands are placed on its hips. Behind the mouse, there is a faint, larger outline of a similar figure, also in a standing pose, rendered in a lighter, almost transparent line. The background is a solid light blue, overlaid with irregular, blotchy patches of hot pink that appear to be splattered or painted in a chaotic, energetic way. At the bottom, the words “Andy Mouse” are written in a stylized, dripping font, with the first word in black and the second in white, both appearing to be painted or drawn with a marker-like texture. The entire image has a flat, graphic quality, with no realistic shadows or depth cues, and the lines are bold and black, creating a high-contrast, stylized look. The mouse is positioned centrally, with the text directly beneath it, and the pink splatters are distributed around the edges and background, not directly behind the figure. The depth of the image is mostly flat, with no clear foreground or background separation, and the elements appear to lie on the same plane, though the faint figure behind suggests a slight layering. The colors are bright and saturated, with the hot pink and light blue creating a strong visual contrast. The texture is smooth and graphic, with no visible brushstrokes or surface detail, suggesting a digital or printed medium."
Symbolism/konstantin-somov_book-of-the-marquise-illustration-7.jpg,"The artwork depicts a night scene with several figures flying through the air above a town. In the upper portion, three figures resembling witches ride brooms, moving from left to right across the sky. One figure, on the far left, is wearing a white headdress and a white garment with red shoes. To her right, two other figures, also riding brooms, are partially clothed in light-colored, frilly garments. A crescent moon is visible in the upper right, and a small, glowing figure appears to be falling or floating near it. Below, a dark silhouette of a town with buildings and trees occupies the lower half. A figure on a broom is seen flying near the center-right, close to a building with a lit window. The scene is set against a dark, streaked sky, with the ground and buildings rendered in deep shadows. The color palette is dominated by dark slate gray, dim gray, and rosy brown, with small areas of light suggesting illumination from windows or the moon. The texture appears flat and printed, with bold lines defining forms. The depth is shallow, with most of the image appearing close to the viewer, and the figures in the sky are positioned higher and farther away than the buildings below."
Northern_Renaissance/hans-holbein-the-younger_signboard-for-a-schoolmaster-1516.jpg,"Three figures are gathered around a long wooden table in a dimly lit room. On the left, a man in a red hat and reddish garment sits on a simple wooden stool, leaning forward with his hands near the table surface. In the center, another man, also wearing a red hat and a brownish garment, is seated at the table, his hands resting on papers or documents. To the right, a third figure, dressed in a dark green tunic over a white shirt, is seated on a similar stool, leaning toward the table with his hands on the documents. All three are focused on the table’s surface, which holds scattered papers and a small object that appears to be a quill or pen. Behind them, a large window with a grid of small, dark panes allows some light to enter, illuminating the scene from above. To the right, a heavy wooden door with a metal latch is visible, slightly ajar, and a sword hangs on the wall beside it. The floor is made of wooden planks, and the walls are dark, with a bench visible along the left wall. The overall color palette is dominated by earthy tones: sienna, dark slate gray, and dark olive green. The lighting is subdued, with the window providing the only source of illumination, casting shadows across the figures and the table. The depth of the scene is shallow, with most of the image focused on the table and the figures around it, while the background elements are less distinct."
Rococo/thomas-gainsborough_a-woman-in-blue-portrait-of-the-duchess-of-beaufort(1).jpg,"A woman is depicted in a portrait, centered in the composition. She is shown from the chest up, facing slightly toward the viewer’s left, with her head turned to look directly at the viewer. Her hair is styled high on her head in a large, elaborate updo, adorned with what appears to be feathers and a dark ribbon or band. She wears a light-colored garment with a low neckline, and a dark ribbon is tied around her neck, hanging down. Her right hand is placed near her waist, holding a piece of dark blue fabric that drapes over her lap. The background is dark and indistinct, with no clear objects or architectural features. The lighting is soft and focused on her face and upper body, creating a contrast with the shadowed background. The overall color palette is muted, dominated by dark tones and a pale, off-white hue on her skin and clothing. The texture of the fabric and hair is rendered with visible brushwork, suggesting a painted surface. The depth of the image is shallow, with the subject sharply defined against a blurred background, and the majority of the image’s visual weight is concentrated in the central area around her face and upper torso."
Romanticism/viktor-vasnetsov_jesters-1885.jpg,"Two men are depicted in a dynamic, confrontational pose, facing each other. The figure on the left wears a yellowish-orange outfit with a tall, curved hat and is in a forward-leaning stance, one arm extended as if reaching or striking. The figure on the right, dressed in green with a red band around the head and a pointed hat, is in a crouched, defensive posture, with one arm raised and the other bent, suggesting readiness to counter or block. Both figures wear simple footwear and appear to be on a flat, unadorned surface. The background is plain and light-colored, with no discernible objects or architectural elements. The image has a flat, hand-drawn quality with visible pencil lines and washes of color, suggesting it is a sketch or illustration. The overall impression is one of motion and interaction, though no weapons or tools are visible. The depth of the image is shallow, with most of the area appearing far away, and the figures are positioned in the center and left portions of the frame. The colors are muted, with earthy tones dominating the scene."
Symbolism/nicholas-roerich_way-to-shambala-1933.jpg,"The artwork depicts a mountain range under a twilight sky, with the highest peak glowing in warm orange and yellow light against a purple and gray sky. The mountains recede into the distance, with the foreground showing dark, jagged rock formations. A wide, flat expanse of water stretches across the lower portion of the image, appearing as a pale, textured surface. The composition is layered, with the glowing peak positioned toward the upper right, while the foreground rocks occupy the lower right and left edges. The sky dominates the top half of the image, transitioning from a lighter purple near the horizon to a deeper, darker tone above. The colors are muted and atmospheric, with the warm glow on the peak contrasting sharply with the cool, shadowed tones of the surrounding landscape. The texture of the surface appears smooth, with no visible brushwork or grain, suggesting a printed or painted medium. The depth is conveyed through the gradual fading of the mountains into the background, with the foreground elements appearing closest and the distant peak seeming farthest away. The water appears flat and unbroken, with no visible waves or movement."
Cubism/rufino-tamayo_the-woman-with-red-mask-1940.jpg,"A figure sits in the center, holding a stringed instrument that resembles a lute or mandolin. The figure is mostly dark, with a bright red cloth draped over their head and shoulders, and the instrument is also red with a dark body. The figure’s hands are on the instrument, suggesting they are playing it. The background is a solid, warm red-brown, with a dark, arched shape behind the figure that appears to be a doorway or alcove. The figure’s face is partially obscured by the red cloth, and their body is shown from the chest up, with no visible clothing on the torso. The instrument is positioned across the figure’s lap, with the neck extending toward the upper right. The overall image is flat and lacks depth cues, with the figure and instrument appearing to be the only objects in focus. The colors are dominated by black, red, and brown, with no visible texture or material detail. The figure’s posture is static, and there is no indication of movement or interaction with the environment."
Art_Nouveau_Modern/felix-vallotton_portrait-of-english-writer-and-illustrator-aubrey-beardsley-1898.jpg,"A man is shown in profile, facing left. His head is turned slightly downward, and his eyes are closed or looking down. He has short, neatly combed hair that is dark in tone. He is wearing a collared shirt with a tie visible at the neck, and a jacket with vertical stripes. The image is rendered in black and white, with strong contrast between light and dark areas. The background is dark and indistinct, with a large, irregularly shaped dark area behind the man’s head that appears to be a shadow or a stylized backdrop. The man’s face and clothing are detailed with fine lines, while the background is more abstract and textured. The image has a small, square mark in the lower-left corner with the letters “EV” inside it. The overall composition is centered on the man’s head and upper torso, with no other objects or figures visible. The depth of the image is shallow, with the man’s face and clothing appearing closest to the viewer, while the background is significantly darker and less defined."
Post_Impressionism/edouard-cortes_boulevard-des-italians.jpg,"The painting depicts a busy city street scene at dusk or early evening, rendered in an oil painting style. The street is wet, reflecting the warm glow of streetlights and shop windows, and is lined with tall buildings on both sides. A bare tree stands in the center-left foreground, its branches reaching upward. To the right, a large building with illuminated signs reading “VAUDEVILLE” and “MAGASIN” dominates the scene, its windows glowing with interior light. People are scattered across the pavement and street, some walking, others standing, dressed in dark, heavy coats typical of a cold season. A few figures appear to be in motion, while others stand still, some near the tree or near the building’s entrance. The street is lined with horse-drawn carriages and other vehicles, suggesting a period setting. The overall color palette is dominated by muted grays, dark browns, and warm yellows from the artificial lighting, with the wet pavement reflecting these lights. The depth of the scene is varied, with the foreground elements like the tree and pavement appearing closest, while the buildings and distant figures recede into the background. The brushwork is visible, with textured strokes suggesting the roughness of the pavement and the solidity of the buildings. The scene is crowded, with figures and objects overlapping, creating a sense of movement and activity. The lighting is dim, with the only illumination coming from the streetlights and the shop windows, casting long shadows and creating a contrast between the dark street and the bright, warm lights. The overall impression is one of a bustling, lively urban environment, captured in a moment of transition between day and night."
Realism/vincent-van-gogh_peasant-woman-head.jpg,"A woman is shown in profile, facing toward the right side of the image. She wears a head covering that drapes over her head and down her neck, with the fabric appearing to be a solid, unadorned material. Her face is rendered with soft shading, and her eyes are closed or looking downward, suggesting a downward gaze or a moment of stillness. The drawing is done in monochrome, using varying tones of gray, with no color present. The background is plain and light, with no other objects or figures visible. The woman’s head and shoulders occupy the central area of the composition, with the rest of her body fading into the background. The image has a flat, two-dimensional quality, with no clear sense of depth or perspective beyond the subtle tonal variation. The overall impression is one of quietude, with no indication of movement or action."
Ukiyo_e/utagawa-kunisada-ii_unryu.jpg,"A large, muscular man stands centered in the image, facing forward with a neutral expression. He is barefoot and wears a wide, patterned sumo mawashi, a traditional belt, wrapped around his waist. His arms are thick and muscular, with visible definition, and his hands are open and resting at his sides. His body is rounded and heavy, with a prominent belly and defined musculature on his arms and shoulders. His hair is tied back in a traditional topknot. The background is a flat, light blue, suggesting a sky or distant wall, with no other objects or figures present. The man’s feet are planted firmly on the ground, and his posture is upright and static. The image has a flat, two-dimensional quality, with no strong sense of depth or perspective. The colors are muted, consisting mostly of pale skin tones, blue, and brownish-red for the mawashi. The texture appears smooth and printed, with clear, bold outlines defining the figure and clothing. The overall impression is one of a stylized, static portrait of a sumo wrestler, rendered in a traditional Japanese woodblock print style."
Realism/vasily-sadovnikov_view-of-palace-square-and-winter-palace-in-st-petersburg.jpg,"A wide city square dominates the scene, centered on a tall, dark column topped with a cross and a figure. To the left and right, large, multi-story buildings stretch across the frame, their facades detailed with windows and architectural ornamentation. The column stands in the center of the square, surrounded by a low fence. A large crowd of people fills the square, mostly clustered in the foreground and along the edges, with some figures appearing to move or stand in groups. The buildings on the left and right are symmetrical in their scale and design, with the central column creating a strong vertical axis. The sky above is pale and cloudy, with soft light suggesting a daytime scene. The ground is a flat, reddish-brown surface, likely dirt or pavement. The overall impression is one of a public gathering in a grand, open space, with the column as the central focal point. The crowd is densest near the edges, with fewer people visible near the base of the column. The buildings appear to be constructed of stone or similar material, with visible windows and decorative elements. The color palette is muted, dominated by earth tones and the dark hue of the column, with the sky providing a lighter contrast. The depth of the scene is emphasized by the perspective, with the column and buildings receding into the background, while the crowd in the foreground appears closer. The image suggests a formal, possibly ceremonial, gathering, with the architecture and crowd indicating a public, possibly official, setting. The overall atmosphere is calm and orderly, with no signs of chaos or movement beyond the crowd’s presence."
Symbolism/odilon-redon_stained-glass-window-the-mysterious-garden.jpg,"The artwork shows a view through a tall, arched window set into a dark, stone-like interior. The window is divided into two vertical sections by a central mullion, with a decorative circular motif at the top center. Through the glass, a vibrant, impressionistic landscape is visible, filled with swirling blues, patches of orange, and hints of green and yellow, suggesting trees or foliage under a sky. The interior walls and frame around the window are dark, textured, and appear to be made of rough stone or heavy wood, with no visible figures or objects inside the room. The window is centered in the composition, and the dark interior surrounds it, creating a strong contrast with the colorful scene outside. The light from the window appears to be diffused, casting no sharp shadows, and the colors outside are rendered in a loose, textured style, with no clear outlines or defined forms. The overall impression is one of a quiet, enclosed space looking out onto a vivid, dreamlike exterior."
Realism/john-everett-millais_once-a-week.jpg,"A woman with long, flowing hair stands in a field of tall grass and wildflowers, her body angled slightly to the left, her head turned toward the right. She wears a heavy, dark coat with a high collar, and her right hand is raised near her chest, while her left hand appears to be holding or gesturing toward a large, feathered bird perched on a branch to her right. The bird, dark and large, is positioned near the top right corner of the image, with its head turned toward the woman. Behind her, the landscape stretches into the distance, showing a faint outline of hills or a horizon under a pale sky. The foreground is dominated by dense vegetation, with the woman’s lower body and the surrounding plants occupying the center and left portions of the image. The entire scene is rendered in monochrome, with deep shadows and fine lines suggesting texture, such as the roughness of the grass, the feathers of the bird, and the fabric of the woman’s clothing. The lighting is subdued, with no strong highlights, and the overall tone is dark and somber, with the woman and the bird appearing as the central focus against a muted, distant background. The depth of the image is varied, with the woman and the immediate vegetation appearing closest, while the distant landscape is faint and indistinct."
Northern_Renaissance/lucas-cranach-the-elder_salome-with-the-head-of-st-john-the-baptist.jpg,"A young woman stands centered in the frame, wearing a long, richly detailed dress in shades of sienna and black, with vertical pleats and decorative bands. Her hair is light-colored, braided, and adorned with a small, ornate headpiece. She holds a large, flat platter with both hands, positioned in front of her torso, and on it rests a head with a beard, appearing to be a severed head, with its mouth open and eyes closed. The background is solid black, and the floor is a flat, light-colored surface. The woman’s gaze is directed slightly upward and to the side, not at the viewer. The platter is positioned at the center of the image, directly in front of her, and the head rests on it. The dress occupies the lower half of the image, extending from the waist to the floor. The head and platter are in the upper central area, slightly above the woman’s waist. The lighting is focused on the woman and the platter, with the head and platter being the most illuminated elements. The dress has a textured appearance, with visible folds and patterns, and the platter appears to be made of a reflective material. The head has a rough, textured surface, suggesting it is not a smooth, polished object. The background is uniformly dark, with no visible objects or details. The floor is a flat, light-colored surface, contrasting with the dark background. The woman’s hands are visible, holding the platter, and her fingers are positioned around the edges of the platter. The head is positioned on the platter, with its face turned slightly to the side. The woman’s posture is upright, and her arms are extended forward, holding the platter. The head is not in motion, and the woman’s expression is neutral. The platter is not moving, and the head is not moving. The woman’s dress is not moving, and the background is not moving. The floor is not moving, and the head is not moving. The woman’s hands are not moving, and the platter is not moving. The head is not moving, and the woman’s dress is not moving. The background is not moving, and the floor is not moving. The woman’s expression is not moving, and the platter is not moving. The head is not moving, and the woman’s dress is not moving. The background is not moving, and the floor is not moving. The woman’s hands are not moving, and the platter is not moving. The head is not moving, and the woman’s dress is not moving. The background is not moving, and the floor is not moving. The woman’s expression is not moving, and the platter is not moving. The head is not moving, and the woman’s dress is not moving. The background is not moving, and the floor is not moving. The woman’s hands are not moving, and the platter is not moving. The head is not moving, and the woman’s dress is not moving. The background is not moving, and the floor is not moving. The woman’s expression is not moving, and the platter is not moving. The head is not moving, and the woman’s dress is not moving. The background is not moving, and the floor is not moving. The woman’s hands are not moving, and the platter is not moving. The head is not moving, and the woman’s dress is not moving. The background is not moving, and the floor is not moving. The woman’s expression is not moving, and the platter is not moving. The head is not moving, and the woman’s dress is not moving. The background is not moving, and the floor is not moving. The woman’s hands are not moving, and the platter is not moving. The head is not moving, and the woman’s dress is not moving. The background is not moving, and the floor is not moving. The woman’s expression is not moving, and the platter is not moving. The head is not moving, and the woman’s dress is not moving. The background is not moving, and the floor is not moving. The woman’s hands are not moving, and the platter is not moving. The head is not moving, and the woman’s dress is not moving. The background is not moving, and the floor is not moving. The woman’s expression is not moving, and the platter is not moving. The head is not moving, and the woman’s dress is not moving. The background is not moving, and the floor is not moving. The woman’s hands are not moving, and the platter is not moving. The head is not moving, and the woman’s dress is not moving. The background is not moving, and the floor is not moving. The woman’s expression is not moving, and the platter is not moving. The head is not moving, and the woman’s dress is not moving. The background is not moving, and the floor is"
Pop_Art/allen-jones_table-1969.jpg,"A woman is positioned on her hands and knees on a white, fluffy rug that lies on a dark, reflective floor. Her upper body is bent forward, with her head lowered toward a transparent glass tabletop that rests on her back. She wears a yellow and black outfit, including a short skirt, a black belt, and long black gloves, along with black boots. The tabletop is rectangular and flat, extending horizontally across the upper part of the image. The floor beneath the rug and the tabletop is dark and glossy, reflecting the scene. The background is a plain, light gray wall. The entire composition is centered, with the woman and the rug occupying the lower half of the image, and the tabletop dominating the upper half. The lighting is even and diffuse, with no strong shadows, and the materials are clearly visible: the glass is transparent, the rug is soft and white, and the woman’s clothing and boots are matte and dark. The reflective surface of the floor shows a clear, inverted image of the woman and the rug."
Romanticism/fyodor-bronnikov_bellagio-1875-1.jpg,"The artwork depicts a wide, tranquil coastal landscape. In the foreground, a pebbly shore stretches across the bottom left, where two small figures stand near the water’s edge. A small boat rests on the shore, close to the figures. The water, a calm expanse of light steel blue, occupies the center and right portions of the image, extending toward distant mountains. These mountains, rendered in dark slate gray and slate gray tones, rise steeply on the left and recede into the background, forming a continuous, imposing ridge that dominates the horizon. The sky above is a pale blue, lightly streaked with soft, wispy clouds. The overall composition suggests a peaceful, expansive natural setting, with the figures and boat appearing small in comparison to the vastness of the water and mountains. The light is even and diffused, with no harsh shadows, and the colors are muted and natural, reinforcing the quiet, open atmosphere. The depth of the scene is conveyed through the gradual fading of detail and color toward the distant mountains, with the foreground elements appearing closest and most distinct."
Baroque/peter-paul-rubens_the-victory-of-eucharistic-truth-over-heresy.jpg,"The painting depicts a dynamic, crowded scene set within a grand, architectural space framed by heavy columns on either side. In the center, a muscular, bare-chested man in a red garment is shown in a powerful, forward-leaning pose, his left hand gripping a bull’s head while his right arm is raised. To his left, another man with a beard, wearing a blue tunic, kneels and grips the bull’s horns. Behind them, a figure draped in white cloth appears to be falling or being pulled backward. To the right, a figure in a dark robe holds a torch, while another figure sits on the ground nearby, partially obscured. Above, a winged figure extends a hand toward a glowing orb, while other figures, including a child, are visible in the upper portion of the frame. The entire scene is enclosed by a heavy, carved stone archway with decorative elements, including a draped cloth and fruit baskets hanging from the top. The foreground is dominated by the figures and the bull, with the architectural elements framing the composition. The background recedes into shadow, with faintly visible figures and structures. The painting uses a palette of dim gray, black, and rosy brown, with strong contrasts between light and dark areas. The textures suggest rough stone, fabric, and skin, with the light focused on the central figures, creating a sense of depth and drama. The depth of the scene is varied, with the central figures appearing closest, while the background recedes into shadow. The composition is dense and chaotic, with figures overlapping and interacting in a complex, energetic manner."
Art_Nouveau_Modern/j.-e.-h.-macdonald_the-wild-river-1919.jpg,"The artwork depicts a rugged, forested landscape dominated by a creek flowing through the center. On the left side, a tall, slender tree stands with its trunk and branches visible, its form partially obscured by surrounding foliage. The terrain is uneven and covered in dense vegetation, with patches of red, orange, and brown foliage suggesting autumn. The creek winds through the center, its surface rendered in light, swirling strokes of yellow and white, contrasting with the darker, earthy tones of the surrounding land. The overall composition is layered, with the foreground showing textured ground and scattered leaves, the midground filled with tangled trees and undergrowth, and the background fading into a hazy, darker mass of trees and hills. The colors are predominantly earthy, with sienna, peru, and saddlebrown dominating the palette, punctuated by the brighter, almost glowing yellows and reds of the foliage and water. The brushwork is thick and textured, with visible strokes that suggest movement and roughness in the terrain and vegetation. The depth of the scene is varied, with the foreground appearing closest and the background receding into shadow, though most of the image is mid-depth, indicating a dense, immersive environment. No figures are present, and no objects are clearly identifiable beyond the natural elements."
Post_Impressionism/pyotr-konchalovsky_novgorod-peter-and-paul-church-1925.jpg,"A small chapel with a green-tiled roof and a domed spire stands in the center of the image, surrounded by dense green trees on both sides. The chapel’s walls are light-colored, possibly off-white or pale gray, and appear weathered. To the left of the chapel, a smaller structure with a similar roof is partially visible. In the foreground, a grassy slope rises toward the chapel, and a wooden ladder leans against its side. The sky above is pale and cloudy, with no distinct sun or shadows. The trees on the right are tall and full, while those on the left are more clustered and darker. The overall impression is one of a quiet, rural setting with the chapel as the central focus. The painting uses broad, visible brushstrokes, and the colors are muted, dominated by greens, grays, and pale tones. The depth of the scene is suggested by the placement of the chapel in the middle ground, with the trees framing it and the foreground grass appearing closer than the distant sky. The image does not contain any human figures."
Rococo/jean-baptiste-oudry_still-life-with-monkey-fruits-and-flowers-1724.jpg,"A monkey with a long tail stands on a stone ledge in the center of the painting, leaning forward with its head lowered toward a pile of fruit on the ground below. To the left, on a raised platform, sits a dark, ornate urn filled with flowers. To the right, tall pink and white flowers grow from the ground, their stems and leaves visible. In the foreground, on the ground, is a silver bowl overflowing with grapes, peaches, and other fruit, alongside a cracked melon and a small bowl containing what appear to be garlic bulbs. The background shows a hazy, distant landscape with trees and a pale sky. The scene is lit with soft, diffused light, casting gentle shadows. The colors are muted, dominated by earthy browns, grays, and the pale pinks of the flowers. The textures suggest painted surfaces, with the fruit and flowers rendered in detail, while the stone and background are more softly rendered. The monkey’s posture suggests it is actively reaching for or inspecting the fruit."
Post_Impressionism/vincent-van-gogh_still-life-with-bloaters-and-garlic-1887.jpg,"The artwork shows three elongated, dark objects lying on a flat surface, arranged diagonally from the upper left toward the lower right. These objects are textured and appear to be meat, with visible, rough surfaces and irregular shapes. In the bottom right corner, a single, round, light-colored object, resembling a potato, rests on the same surface. The background is a flat, textured wall in muted brown tones, with no distinct features. The surface beneath the objects is a light brown, possibly wooden, with visible grain and texture. The lighting is dim and directional, casting shadows that suggest a light source from the upper left, though no lamp or light fixture is visible. The overall color palette is dominated by earthy browns, maroons, and siennas, with no bright or contrasting colors. The brushwork is thick and visible, giving the surface a rough, tactile quality. The objects are positioned close to the viewer, with the potato in the foreground and the meat objects receding slightly into the mid-ground. The composition is static, with no movement or action depicted."
Northern_Renaissance/albrecht-durer_pattern-from-the-series-of-six-knots-1507-2.jpg,"The artwork shows a large, circular design filled with intricate, interwoven patterns that resemble knots or vines, rendered in black and white. This central circle is surrounded by decorative, leaf-like motifs at each of the four corners, connected to the circle by swirling, curling lines. Below the circle, centered at the bottom edge, is a small, stylized symbol resembling a letter “A” with a horizontal line through it. The entire composition is set against a plain, light background, with no figures, actions, or objects other than the central design and its surrounding elements. The image has no discernible depth or perspective; all elements appear flat and lie on the same plane. The visual quality is monochromatic, with stark contrast between the dark, detailed patterns and the light background, giving the impression of a high-contrast, engraved or printed design. There are no indications of light sources, textures, or materials beyond the line work and the flat, uniform background."
Color_Field_Painting/doug-ohlson_two-four-1983.jpg,"The artwork shows a vertical composition divided into distinct colored blocks. A wide, horizontal red band sits at the top. Below it, the center is split into two vertical rectangles: one is a solid, deep blue, and the other is solid black. At the bottom, a narrow horizontal blue band appears, mirroring the red band’s position. All these shapes are framed by a thick, uneven border of teal, which has a rough, brushstroke texture and is not perfectly straight. The entire piece is set against a plain, off-white background. The shapes are flat and lack any figures or objects. The colors are bold and saturated, with the teal border appearing textured and applied with visible brush marks. The composition is symmetrical along a vertical axis, with the red and blue bands at top and bottom, and the blue and black rectangles in the center. There are no figures, no movement, no depth cues beyond the flatness of the shapes and the textured border. The depth values are uniform across the image, with no indication of perspective or three-dimensional form."
Ukiyo_e/utagawa-kuniyoshi_sotoku-invoking-a-thunder-storm.jpg,"A figure with long, dark hair flowing upward and to the left stands in the center-left of the image, facing right. The figure’s face is pale blue, with an open mouth and wide eyes, suggesting a startled or screaming expression. They are wearing a loose, patterned garment that appears to be made of light tan fabric, with swirling designs. The figure’s arms are raised, hands open, as if in motion or reacting to something. Behind and around them, large, dark gray waves swirl, with white foam at their crests. A thick, orange-red line, resembling a stream or ribbon, curves from the upper right down toward the lower center, cutting through the waves. In the upper right corner, a vertical strip of text in Japanese characters is visible, with a red border and a blue background for part of the text. In the upper left corner, there is a small red seal and some vertical Japanese characters. The overall color palette is dominated by dark grays, tan, and the contrasting orange-red line. The figure appears to be emerging from or standing on the waves, with the waves surrounding them in a turbulent, chaotic manner. The depth of the image is varied, with the figure and the waves in the foreground appearing closest, while the background is darker and less defined. The texture of the waves is rough and dynamic, suggesting motion and turbulence. The figure’s clothing has a detailed, patterned texture, while the waves are rendered with bold, swirling lines. The text in the upper right is sharp and clearly defined, contrasting with the more fluid and chaotic elements of the scene."
Ukiyo_e/utagawa-kuniyoshi_rape-scene.jpg,"The artwork depicts a scene with multiple figures in what appears to be an indoor setting, likely a room with a low table or floor surface. A woman is positioned on the left side, leaning forward with her hands near a child who is lying on the floor in the bottom left corner. Another child is visible in the bottom center, partially obscured, with a figure seated behind them. A central figure, appearing to be a woman, is seated and engaged in an activity involving the child in the center, with one hand near the child’s body and the other holding a small object. A third figure, also seated, is positioned to the right of the central figure, with their hands near the central figure’s body. The background is filled with dense, vertical lines of text, suggesting a wall or backdrop with inscriptions. The foreground contains a table with various objects, including a small container, a book, and a writing instrument. The overall color palette is muted, with dominant tones of dim gray, wheat, and gray. The depth of the scene is varied, with the majority of the image appearing to be in the far depth band, while the foreground elements are more prominent and closer to the viewer. The figures are depicted in a stylized manner, with exaggerated features and poses, suggesting a narrative or symbolic representation. The scene is not clearly defined in terms of emotional tone, but the positioning and interaction of the figures suggest a moment of activity or engagement."
Mannerism_Late_Renaissance/giorgio-vasari_pope-clement-vii-1478-1534-marrying-catherine-de-medici-1519-1589-and-henri-ii-of-france-1519.jpg,"The artwork shows a ceiling decorated with multiple painted scenes framed in ornate, gilded borders. At the center is a large oval painting depicting a group of figures in what appears to be a formal gathering or ceremony, with some individuals in robes and others in more casual attire. Surrounding this central oval are several smaller rectangular and oval paintings, each framed similarly, showing various scenes with figures, some in dynamic poses, others seated or reclining. The entire ceiling is covered in elaborate gold-leaf ornamentation, including carved stucco elements, decorative moldings, and repeating patterns. Below the ceiling, a portion of a wall is visible, featuring a narrow horizontal band with painted decorative motifs, and a dark, unadorned section beneath that.

The central oval painting is positioned directly in the center of the viewer’s field of vision. The smaller paintings are arranged around it: one to the upper left, one to the upper right, one to the lower left, and one to the lower right, each framed by the same gilded and sculpted borders. The figures in the central painting are clustered together, with some facing inward and others outward, suggesting interaction or a focal point. The figures in the surrounding paintings are similarly arranged, though their poses vary from seated to reclining, with some appearing to be in motion or engaged in conversation. The depth of the scene is suggested by the perspective of the ceiling’s architecture, with the central oval appearing closest and the surrounding paintings receding slightly, though the overall composition is flat and two-dimensional.

The visual qualities are dominated by the rich, metallic sheen of the gold leaf, which covers the frames and decorative elements, creating a sense of opulence. The painted scenes contain a range of colors, though the overall palette is subdued, with dark olive green, dark khaki, and dim gray tones dominating the figures and backgrounds. The textures are implied through the painted surfaces, which appear smooth and flat, with no visible brushwork or tactile detail. The lighting is even and diffuse, with no strong shadows or highlights, suggesting the image was taken under ambient light. The depth cues are minimal, as the entire scene is a flat ceiling, but the arrangement of the paintings and the ornate framing create a sense of layered complexity."
Pop_Art/peter-max_discovery-1992.jpg,"The artwork depicts a stylized, colorful scene with a large, curved blue form on the right, resembling a human profile facing left, filled with swirling patterns and bright dots. To the left, a radiant sunburst in red, orange, and yellow radiates from the center, surrounded by stars and smaller celestial bodies. Below the sun, a green and blue landmass curves upward, with three sailing ships on its surface. The ships have white sails and dark hulls, with one bearing a red cross. The lower portion of the image is filled with abstract, vibrant shapes in red, yellow, and green, suggesting waves or foliage. The overall composition is flat and graphic, with no clear depth cues beyond the implied separation between the sunburst, the landmass, and the profile. The colors are bold and saturated, with no visible texture or material detail. The ships appear to be stationary on the landmass, and the profile is static, with no indication of movement. The sunburst dominates the upper left, while the profile occupies the right side, and the ships are positioned along the lower center. The image suggests a dreamlike or fantastical setting, with no clear foreground or background in the traditional sense."
Symbolism/kuzma-petrov-vodkin_bathing-boys-1926.jpg,"A young boy stands in the foreground, centered in the composition, with his body facing forward and his left hand resting on his hip while his right arm is raised behind his head. He is nude, with a swim cap on his head, and his skin is rendered in warm, reddish tones. Behind him, to the right, another boy is partially submerged in water, facing away and raising his right arm. To the left, a third figure is visible in the water, further back and blurred. The scene is set near a body of water, with dark, leafy trees lining the edges. In the bottom right corner, a wooden boat is visible, its edge and planks discernible. The water is painted in deep blues and purples, with visible brushstrokes suggesting ripples and movement. The overall color palette is dominated by dark slate gray, indigo, and reddish tones, with the boy’s skin standing out as a warm contrast. The surface of the canvas shows visible texture from the brushwork, and the depth of the image is suggested by the layering of figures and foliage, with the foreground figure sharply defined and the background elements progressively blurred and receding."
Baroque/rembrandt_the-anatomy-lesson-of-dr-nicolaes-tulp-fragment-1632.jpg,"A close-up view shows two hands and a body part against a dark background. One hand, positioned in the upper right, is raised with fingers slightly curled, appearing to hover or gesture. The other hand, in the lower left, holds a pair of metal surgical scissors, poised over a fleshy, reddish-brown muscle tissue that lies spread out in the foreground. The muscle is detailed with visible striations and texture, suggesting it is exposed and being examined or cut. The hand holding the scissors is wearing a white, stiff cuff, while the other hand’s sleeve is dark. The background is uniformly black, with no other objects or figures visible. The lighting is focused on the hands and the muscle, casting sharp highlights on the metal and skin, while the rest of the scene remains in deep shadow. The overall composition is tightly framed, emphasizing the action and the textures of the tools and tissue."
Symbolism/nicholas-roerich_all-ridge-1924.jpg,"The artwork depicts a mountain range under a clear sky. The mountains are jagged and layered, with snow covering their peaks and upper slopes. The foreground consists of a flat, snow-covered expanse with some darker, shadowed shapes that suggest low hills or ridges. The sky is a solid, deep blue, forming the top edge of the composition. The entire scene is rendered in shades of blue, white, and gray, with visible texture from the brushwork. The mountains recede into the distance, creating a sense of depth, with the closest parts of the landscape appearing lighter and more detailed, while the farthest peaks are darker and less distinct. The composition is dominated by the vertical lines of the mountain peaks and the horizontal band of the sky, with no figures or objects present."
Post_Impressionism/david-burliuk_summer-gardens-near-the-house.jpg,"A small house with a sloped roof sits in the center of the scene, partially obscured by trees and foliage. In the foreground, a garden filled with yellow flowers stretches across the bottom of the image, with some flowers appearing in clusters and others scattered individually. Trees are visible on the left side, with branches and leaves extending into the frame, and another tree with dense foliage appears in the upper right corner. The sky above is painted with soft, blended strokes of pale yellow, gray, and faint pink, suggesting a cloudy or overcast day. The overall impression is one of a quiet, natural landscape with a modest dwelling nestled among vegetation. The brushwork is visible and textured, with thick, uneven strokes that give the scene a tactile quality. The colors are muted and earthy, dominated by greens, grays, and yellows, with no strong contrasts or sharp edges. The house appears to be surrounded by dense foliage, and the garden in the foreground is not neatly arranged, suggesting a wild or untended space. The depth of the scene is varied, with the foreground flowers appearing closest, the house and surrounding trees in the mid-ground, and the sky forming the distant background. The painting does not contain any figures or moving elements, and the overall composition is static and tranquil."
Post_Impressionism/andre-derain_still-life-on-the-table-1904.jpg,"A still life composition shows a cluttered table covered with a draped cloth, its folds and creases prominent in the foreground. To the left, a large, rounded object with a lid, likely a tea pot, sits near the edge. Behind it, a small, round container and a tall, slender bottle are visible. In the center, a shallow bowl holds dark, rounded objects that appear to be fruit. To the right, a dark, rounded pot sits beside a small, blueish ceramic pitcher. Further right, a dark, leafy object, possibly a cabbage or similar vegetable, is partially visible. In the bottom right corner, a small, round, dark bowl holds two bright orange-red objects, likely fruit. A tall, slender vase with a rounded base is positioned in the bottom right corner. The background is dark and indistinct, with a large, light-colored plate visible in the upper center. The cloth covering the table is a muted blue-gray, with areas of yellow and white suggesting light and shadow. The overall color palette is dominated by dark tones, with the blue-gray cloth, dark khaki, and dim gray forming the base, contrasted by the bright orange-red fruit and the pale blue of the vase. The surface of the table appears rough and textured, with the cloth’s folds creating a sense of depth and movement. The objects are arranged in a way that suggests a casual, unorganized setting, with no clear focal point. The depth of the image is varied, with the foreground elements appearing closest to the viewer, while the background remains indistinct. The lighting is uneven, with some areas brightly illuminated and others in deep shadow, creating a sense of volume and form. The texture of the cloth is rough and uneven, with visible brushstrokes suggesting a tactile quality. The objects are rendered with a sense of solidity, their forms defined by the interplay of light and shadow. The overall impression is one of a cluttered, domestic scene, with the objects arranged in a way that suggests a moment of stillness or pause."
Pop_Art/claudio-tozzi_usa-e-abusa-1966.jpg,"The artwork shows a stylized, high-contrast image with a large red arrow pointing downward on the left, a poster with text in the bottom left corner, and a central figure of a soldier in silhouette. To the right, a portion of an American flag is visible, with its blue field and stars in the center, and red and white stripes extending diagonally across the right side. The soldier is depicted in a standing pose, holding a gun in the lower left area, and appears to be facing toward the center-right. The poster, located in the bottom left, contains printed text in a dark, blocky font. The overall composition is flat and graphic, with no visible depth cues beyond the implied spatial arrangement of the elements. The image is rendered in a limited color palette, primarily consisting of red, white, and dark gray, with the flag’s blue field providing a distinct contrast. The texture appears to be printed or painted, with sharp edges and no visible brushwork or surface detail. The depth distribution suggests the image is largely flat, with most of the visual area appearing far from the viewer, and only a small portion near the bottom left and center being slightly closer."
Romanticism/thomas-cole_the-voyage-of-life-youth-1842-1.jpg,"A man and a woman are depicted in a lush, natural landscape near a creek. The man stands in a small, ornate boat that is partially on the water and partially on the bank, facing the woman. The woman stands on the bank to the right of the boat, with her arms raised and facing the man. A large palm tree dominates the right side of the composition, its fronds extending toward the top right corner. Behind them, the landscape stretches into the distance, featuring rolling hills, dense trees, and a distant, misty mountain range. Above, a large, luminous, cloud-like structure floats in the sky, partially obscuring a pale, spherical form. The creek flows through the foreground, reflecting the surrounding foliage and sky. The scene is bathed in soft, diffused light, with muted earth tones and highlights of pale silver and dark slate gray. The textures suggest natural materials: the rough bark of trees, the smooth surface of the water, and the soft, indistinct forms of the distant landscape. The overall depth is layered, with the foreground elements sharply defined and the background fading into atmospheric haze."
Abstract_Expressionism/sam-francis_untitled-sf-259-1980.jpg,"The artwork shows a dynamic, abstract composition dominated by a central mass of deep blue and purple hues, overlaid with energetic splatters and streaks of bright, contrasting colors including red, yellow, pink, and teal. Within the center, a roughly square shape with a white interior and internal crosshatching is visible, surrounded by darker, more chaotic forms. The entire surface is covered in a dense pattern of paint drips, splashes, and smears, creating a sense of motion and intensity. In the bottom left corner, a small, faint symbol or mark is present, though its specific form is indistinct. The image lacks clear figures or objects, instead presenting a field of abstract marks and color. The depth structure suggests a layered surface, with the central area appearing slightly more defined than the surrounding areas, though the overall impression is flat and textured rather than three-dimensional. The colors are vivid and saturated, with high contrast between the dark core and the bright, scattered accents. The texture appears rough and chaotic, with no smooth or uniform surfaces, reinforcing the impression of spontaneous, energetic application."
Color_Field_Painting/anne-truitt_remember-no-5-1999.jpg,"The artwork shows a flat, rectangular surface painted in a solid dark red color, with a narrow horizontal band of black along the bottom edge. The red area covers most of the canvas, and the black band is positioned centrally at the bottom, spanning the full width of the piece. The edges of the red area are uneven and slightly frayed, suggesting the material may be paper or canvas with a rough texture. The black band is smooth and uniform in color and width. The entire composition is set against a light gray background, which frames the artwork on all sides. There are no figures, objects, or actions depicted. The surface appears to be painted with a matte finish, and the red area has a consistent, non-reflective texture. The black band is flat and lacks any visible texture or variation. The depth of the image is minimal, with the red and black areas appearing as flat planes, and the light gray background is uniformly distant."
Realism/james-tissot_caricature-of-george-william-pierrepont-bentinck-m-p.jpg,"A man is depicted seated in an armchair, positioned centrally in the composition. He is dressed in a dark, formal suit with a high, white collar and light-colored cuffs visible at his wrists. His right hand rests on his thigh, while his left hand is placed on the arm of the chair. His posture is relaxed but upright, with his head slightly tilted and his gaze directed forward. The chair has a cushioned back and seat, with a patterned fabric that appears to be greenish in tone. To the right of the man, a stool is visible, partially obscured by the chair’s structure. The background is a plain, light gray, with no other objects or figures present. The overall color palette is muted, dominated by dark slate gray, light gray, and dim gray tones. The lighting is even, with no strong shadows or highlights, suggesting a neutral, indoor setting. The depth of the image is varied, with the man and chair occupying the mid-ground, while the background recedes into a flat, distant plane. The image appears to be a printed illustration, with visible lines and shading that suggest a hand-drawn or lithographic style."
Symbolism/james-tissot_jael-smote-sisera-and-slew-him-1902.jpg,"A man lies on a patterned carpet in the bottom left, resting on a cushion with a pillow beneath his head. He is dressed in a red garment with intricate patterns and a white head covering. To his right, a person in blue clothing, also wearing a white head covering, kneels on the floor. This person holds a hammer raised in their right hand and a paintbrush in their left hand, positioned near the man’s chest. The scene is set inside a room with a sloped, wooden ceiling that appears to be made of vertical planks. The floor is covered with a carpet featuring a repeating floral or geometric pattern. The overall color palette is dominated by earthy tones, including dark olive green, gray, and dark gray, with the red garment and blue clothing providing contrast. The depth of the scene is varied, with the man and the kneeling figure in the mid-ground, and the ceiling and walls receding into the background. The lighting is subdued, with no strong directional light source visible, and the textures suggest rough wood and fabric."
Mannerism_Late_Renaissance/titian_tarquin-and-lucretia-1576.jpg,"A man and a woman are depicted in a dimly lit interior. The man, positioned to the left, leans over the woman, his right arm extended toward her, while his left hand rests on her shoulder. He holds a sword in his left hand, its blade angled downward. The woman lies on a couch, her body partially draped in a white cloth that covers her lower torso and legs. Her right arm is raised, her hand open and reaching upward, while her left arm is bent and rests near her chest. She wears a pearl necklace and has a bare upper body. The couch is upholstered in a light, textured fabric and occupies the center-right of the composition. The background is dark and indistinct, with no clear objects or architectural features visible. The lighting is dramatic, with a strong contrast between the illuminated figures and the deep shadows surrounding them. The dominant colors are dark, including black and deep brown, with the woman’s skin and the couch fabric appearing in lighter, rosy tones. The textures suggest fabric, skin, and metal, with the sword showing a reflective surface. The depth of the scene is shallow, with the figures and couch appearing close to the viewer, while the background recedes into darkness."
Romanticism/eduard-von-gebhardt_portrait-of-an-old-man-1913.jpg,"The artwork shows a close-up portrait of an elderly man, centered in the frame. His face is turned slightly to the left, with his gaze directed toward the viewer. He has a long, thick beard that covers his lower face and extends to his chest, and his hair is thinning and gray. His skin is deeply wrinkled, with visible lines and shadows around his eyes and mouth. The background is a solid, dark, uniform color, with no discernible objects or details behind him. The man’s head and shoulders occupy the central area of the image, with the beard extending to the right side of the frame. The lighting is dim, with subtle highlights on the man’s forehead and cheek, suggesting a single light source from the upper left. The overall color palette is composed of dark shades, including dark slate gray, dim gray, and dark khaki, with the beard appearing in a lighter, earthy tone. The texture of the painting is rough and visible, with brushstrokes evident in the skin and beard, indicating a textured surface. The depth of the image is shallow, with the man’s face and beard appearing closest to the viewer, while the background recedes into darkness. The image is dominated by the man’s face, with no other figures or objects present."
Cubism/theo-van-doesburg_composition-the-cow-7.jpg,"The artwork shows a sketchy, monochromatic depiction of an interior space, dominated by a large, open window frame positioned toward the center-right. To the right of the window, a chair and a stool are suggested by rough, vertical and horizontal lines. The left side of the composition contains faint, overlapping scribbles and smudges that appear to represent a figure or object partially obscured, with no clear form or posture. The entire scene is rendered in varying shades of gray, from light to dark, with no distinct color. The surface texture of the paper is visible, and the lines are uneven, suggesting a quick, gestural drawing. The depth of the image is mostly far, with the majority of the area appearing flat and distant, while only a small portion near the edges suggests near objects. There is no clear indication of any figure’s action or pose, and no light source or shadow is defined."
High_Renaissance/leonardo-da-vinci_study-for-the-last-supper-2.jpg,"The artwork shows a portrait of a man’s head and shoulders, rendered in a sketch-like style with dark, smudged lines on a light, textured background. The man’s head is positioned slightly to the right of center, with his gaze directed toward the viewer’s left. His face is deeply wrinkled, with a thick, curly beard and mustache, and his expression appears stern or intense. His right hand is visible, resting near his chest, with fingers curled as if gripping something unseen. The clothing is loosely drawn, with folds and drapery suggested by rough, overlapping lines, and the collar or neckline is visible around his neck. The background is flat and unadorned, with no other figures or objects present. The entire image is rendered in shades of gray, ranging from very light to dark, with no color. The surface of the paper shows signs of age, with faint stains and a rough, uneven texture. The depth of the image is shallow, with the man’s face and hand appearing closest to the viewer, while the background recedes into a flat, distant plane. The lines are not sharply defined, suggesting a loose, unfinished quality."
Post_Impressionism/paul-gauguin_maternite-ii-1899.jpg,"The artwork depicts three figures in an outdoor setting. On the left, a woman stands, draped in a blue cloth that covers her lower body and left shoulder, holding a green fruit in her right hand and carrying a basket filled with similar green fruit in her left arm. In the center, a woman stands facing slightly away, wearing a bright red garment around her waist and holding a small bouquet of white and blue flowers near her chest. To the right and lower, a man kneels on the ground, holding a small child in his arms, with his head bowed toward the child. The background consists of a bright yellow sky with soft pink and green shapes suggesting foliage or clouds, and a dark, indistinct shape to the right. The figures are positioned in a shallow depth, with the kneeling man and the standing woman on the left appearing closest to the viewer, while the central woman is slightly behind them. The colors are bold and flat, with the blue, red, and green standing out against the yellow and green background. The surfaces of the figures and objects appear smooth, with no visible texture or detail beyond the painted forms. The overall composition suggests a static, calm moment, with no motion implied."
Post_Impressionism/henri-martin_houses-in-the-village-1.jpg,"The artwork depicts a village scene with clustered stone and timber buildings under a cloudy sky. A prominent tower rises in the center, flanked by other structures with sloped roofs and windows. On the right, a building has a balcony with laundry hanging, and greenery grows along its walls. A narrow, unpaved path winds through the foreground, leading toward a dark arched doorway in the center. The buildings are closely packed, with ivy and other vegetation climbing their walls. The sky above is filled with textured clouds in muted blues and grays. The overall impression is one of a quiet, sunlit village, with the brushwork suggesting a rough, textured surface. The colors are subdued, dominated by earthy tones like rosybrown, darkslategray, and dimgray, with patches of green and faded reds. The depth is varied, with the foreground path and buildings closest to the viewer, while the tower and distant rooftops recede into the background. The painting’s surface is thick with visible brushstrokes, giving it a tactile, textured quality."
Ukiyo_e/utagawa-kuniyoshi_keyamura-rokusuke-under-the-hikosan-gongen-waterfall.jpg,"A central figure, a woman with long dark hair and a distressed expression, is surrounded by a massive, turbulent wave of blue and white. Her arms are raised, and she appears to be holding or being embraced by a small, golden, segmented creature. The wave forms a swirling, chaotic pattern around her, with sharp, jagged edges and a sense of violent motion. Above and to the right, a dark, winged, multi-limbed creature is depicted in mid-air, its form distorted and menacing. In the upper left corner, a vertical strip of text in Japanese characters is visible, with a red box containing additional characters. The background is a deep, uniform blue, with vertical lines suggesting rain or motion. The overall composition is centered on the woman, with the creature above and the text to the left. The colors are predominantly dark blue, with accents of white, tan, and gold. The texture of the wave is rendered with sharp, angular lines, suggesting a sense of turbulence and energy. The depth of the image is varied, with the central figure and the wave appearing closest, while the creature and the text are positioned farther away. The image conveys a sense of chaos and intensity, with the woman at the center of the action."
Romanticism/dante-gabriel-rossetti_image-of-artist-and-his-exotic-pet-1871.jpg,"A small rodent, resembling a ground squirrel or similar animal, is depicted in a seated position, cradling a small, round object in its paws. The animal is positioned centrally in the composition, resting on a soft, curved surface that suggests a pillow or cushion. Its body is angled slightly toward the viewer, with its head turned slightly to the left, and its paws are clasped around the object, which appears to be a small, smooth, rounded item, possibly a fruit or a toy. The animal’s fur is rendered with fine, textured strokes, suggesting a dense, soft coat. The background is minimal, with a faint, curved line to the right that may suggest the edge of a pillow or a surface. The overall tone of the image is muted, with a palette of wheat, dimgray, and tan, giving it a subdued, almost monochromatic appearance. The depth of the image is shallow, with the animal and the object it holds appearing in sharp focus, while the surrounding areas are blurred, emphasizing the central subject. The image is rendered in a sketch-like style, with visible pencil or charcoal lines, suggesting a hand-drawn illustration rather than a photograph or painting. The top of the image contains a small, circular emblem with text that reads “18 CHELSEA WALK CHELSEA,” indicating a possible location or title. The bottom right corner contains a small, handwritten inscription, likely a signature or date, but it is not legible. The overall impression is one of quiet, intimate focus on the animal and its object, with no other significant elements or distractions in the scene."
Symbolism/odilon-redon_melancholy-1876.jpg,"A woman sits on a rocky surface, her back to the viewer, facing a large, glowing circular form in the center of the composition. She is positioned on the left side of the image, partially silhouetted against the bright light. The light source, which appears to be a sun or a radiant orb, dominates the center and upper portion of the frame, emitting rays that spread outward in a halo-like pattern. The woman’s posture is hunched, with her head bowed and her arms wrapped around her knees. To the right, dark, jagged rock formations rise, occupying the right half of the image and receding into shadow. In the bottom right corner, a rough, textured stone is visible, appearing close to the viewer. The overall color palette is dominated by earthy tones: sienna, burlywood, and dark slate gray. The surface of the painting has a rough, textured quality, with visible brushstrokes and a sense of depth created by the contrast between the bright central light and the dark, shadowed areas surrounding it. The depth of the image is uneven, with the central light and the woman appearing closer, while the rocks on the right and the foreground stone are rendered with more detail and texture, suggesting they are nearer to the viewer."
Early_Renaissance/andrea-del-castagno_equestrian-monument-to-niccolo-da-tolentino-1456.jpg,"A mounted figure, appearing as a commander, is depicted in the center of the composition, riding a horse in mid-stride. The rider, wearing a wide-brimmed hat and armor, holds a spear or sword in their right hand, which extends toward the right side of the image. The horse is light-colored, with detailed tack and a flowing tail, and is positioned on a raised stone pedestal. The entire scene is framed by an ornate border with repeating decorative patterns and circular motifs at the corners. At the base of the pedestal, on either side, are two small, nude male figures, each holding a shield. Between them, a rectangular plaque with inscribed Latin text is embedded in the pedestal’s front. The background is a dark, textured surface, contrasting with the lighter tones of the central figures and the pedestal. The overall color palette consists of gray, tan, and dark slate gray, with the figures and pedestal rendered in lighter, more defined tones. The depth of the image is varied, with the central figures and pedestal appearing closer, while the background recedes into shadow."
Art_Nouveau_Modern/konstantin-somov_book-of-the-marquise-illustration-5-1918.jpg,"The artwork depicts a scene with four figures. On the left, a woman stands with her back mostly to the viewer, wearing a large, dark, ornate coat with a wide, patterned skirt and a tall, feathered hat. Her hands are open and extended outward. To her right, a man in a white coat with black buttons is being held by another man in a jester’s outfit, who is holding a wooden stick above the man’s head. The jester wears a red-and-yellow diamond-patterned costume and a black mask. To the right of the jester, a third figure, also in a jester’s costume with a black mask and similar diamond pattern, stands with a wide smile, one hand on their chest, and the other on their hip. The figures are arranged in a loose group, with the woman on the far left, the man being held in the center, and the two jesters to the right. The background is plain and light-colored, with no discernible objects or details. The image has a flat, illustrative quality with muted colors, primarily dark and light grays, and the textures appear to be printed or drawn with visible lines and shading. The depth of the image is shallow, with most of the scene appearing to be at a similar distance from the viewer, and the figures are not sharply defined in terms of spatial separation."
Symbolism/william-blake_the-parable-of-the-wise-and-foolish-virgins-1822.jpg,"A group of women stands in a dim, outdoor setting under a heavy, dark sky. One woman in the center, wearing a long, flowing garment, extends her arm forward, pointing toward the right. To her left, several other women stand in a line, their forms similarly draped in long robes, some with hands clasped or lowered. To the right, another woman kneels, her head tilted upward, her hands reaching toward the central figure. Behind her, other figures are partially visible, some in motion or in shadowed poses. The background shows a distant, hilly landscape with faint silhouettes of structures, and to the far right, a dark, angular building or doorway. The entire scene is rendered in muted tones of gray, silver, and dark olive green, with light appearing to fall from above, highlighting the central figure and the figures to her left, while the right side and background remain in shadow. The textures suggest a rough, painted surface, with visible brushwork and depth cues indicating a layered composition, though the overall impression is one of a crowded, emotionally charged moment."
Pop_Art/hiro-yamagata_atlanta-1996-womens-softball.jpg,"A baseball player is shown in profile, facing left, wearing a dark blue helmet and a green and yellow jersey. The player holds a baseball bat in both hands, gripping it near the barrel, with the bat angled upward and to the right. The player’s head is turned slightly toward the viewer, and the helmet obscures the face. Behind the player, the five interlocking Olympic rings are prominently displayed, arranged horizontally across the center of the image. The rings are colored in the traditional Olympic colors: blue, yellow, black, green, and red. The background consists of vertical bands of color, primarily in shades of yellow, orange, and light gray, with a darker gray band at the bottom. The player and the rings are positioned in the center of the composition, with the player’s figure slightly overlapping the rings. The depth of the image is varied, with the player and the rings appearing to be in the mid to far plane, while the background bands are more distant. The colors are bold and saturated, with the rings standing out against the background. The image has a stylized, graphic quality, with sharp edges and flat areas of color, suggesting a poster or print. The overall impression is one of energy and focus, with the player’s stance and the presence of the Olympic rings indicating a connection to athletic competition."
Minimalism/martin-barre_76-77-c-147-5x140-1977.jpg,"The artwork shows a plain, light-colored surface, mostly white or off-white, occupying the entire left and top portions of the frame. In the bottom right corner, a cluster of diagonal lines, colored in a reddish-brown hue, extends from the lower edge toward the center-right. These lines are parallel, evenly spaced, and angled from the bottom left to the top right, creating a sharp, geometric pattern. The lines are thick and appear to be painted with a flat, solid color, with no visible texture or variation. The background surface is uniform and smooth, with no discernible features or objects beyond the lines. The lines are confined to the bottom right quadrant, leaving the rest of the canvas empty. The depth of the image is mostly uniform, with the lines appearing to lie on the same plane as the background, and no indication of depth or perspective beyond the flat arrangement. The overall impression is minimal and abstract, with no figures, actions, or environmental context beyond the stark contrast between the plain background and the angular, colored lines."
Minimalism/yves-klein_untitled-blue-monochrome-1957-2.jpg,"The artwork shows a single, solid object: a blanket, centered in the frame. It occupies the entire visible area, with no other elements or figures present. The blanket appears to be a flat, rectangular surface, with no discernible folds, patterns, or textures beyond a subtle, uniform variation in surface tone. The color is a deep, consistent midnight blue, with no significant shifts in hue or brightness across the surface. The depth of the object is shallow, with most of the image’s pixels falling within the near depth band, suggesting the blanket is presented as a flat, close-up surface with minimal spatial variation. There are no indications of light sources, shadows, or material edges that would suggest dimensionality beyond its flat, two-dimensional presentation."
Post_Impressionism/pyotr-konchalovsky_leningrad-the-embankment-of-the-neva-1931.jpg,"The artwork depicts a river scene with a bridge spanning the water, flanked by buildings along the bank. A boat is moored near the left side of the riverbank, close to a cluster of structures. The bridge, with its arches, occupies the center-right portion of the image, extending across the water. The buildings along the riverfront are rendered in muted tones, with visible windows and rooftops. The water in the foreground appears choppy, with visible ripples and reflections. The sky above is overcast, with a hazy, grayish tone. The overall impression is one of a quiet, possibly misty urban riverside. The depth of the scene is suggested by the placement of the bridge and buildings, with the water and foreground elements appearing closer to the viewer than the distant structures. The colors are subdued, dominated by grays, browns, and muted tones, with no strong contrasts or bright highlights. The texture of the image suggests a painted surface, with visible brushwork or smudges, particularly in the sky and water areas. The signature and date, “P. Konchalovsky 1931,” are visible in the lower right corner."
Post_Impressionism/periklis-vyzantios_boats-hydra.jpg,"The artwork depicts a busy harbor scene with several boats and figures. In the foreground, a wooden boat occupies the lower right, its hull painted in earthy tones of brown and orange. To its left, another boat is partially visible, its side painted a muted teal. A figure stands on the left side of the canvas, wearing a dark blue top and light-colored pants, with arms raised as if working or signaling. Another figure is positioned near the center, slightly behind the boats, appearing to be seated or leaning over something. A third figure is on the right side, standing near the stern of a boat, dressed in a dark garment. The background shows a cluster of buildings and masts, rendered in blurred, abstract strokes of orange, brown, and gray. The water at the bottom of the image is painted in dark, choppy strokes of blue and black, suggesting movement. The painting is executed in a loose, expressive style with visible brushstrokes, using a palette dominated by rosybrown, dimgray, and darkslategray. The composition layers elements with depth: the boats and figures in the foreground are more defined, while the background elements are blurred and recede into the distance. The overall impression is one of activity and clutter, with no clear focal point, as the forms are rendered with energetic, overlapping strokes."
Abstract_Expressionism/sam-francis_untitled-sfe-85-1992.jpg,"The artwork shows an abstract composition of swirling, overlapping shapes and splatters of color on a light background. There are no identifiable figures or objects representing real-world scenes. The forms appear to float and interact in a layered, non-linear space, with some areas more densely packed with color and others more sparse. The shapes vary in size and intensity, with some appearing as large, rounded masses and others as sharp, scattered marks. The overall impression is one of energetic movement and chaotic arrangement.

The spatial arrangement is non-structural: there is no clear foreground, middle ground, or background. The forms are distributed across the entire surface, with no single focal point. Some areas appear to be closer to the viewer, while others recede, but this is not consistent or defined. The composition suggests a sense of depth through variation in color saturation and density, with some areas appearing more prominent or “in front” than others, though this is not a traditional spatial hierarchy. The forms do not suggest any specific action or pose, as they are abstract and non-representational.

The visual qualities are defined by color and texture. The dominant colors are muted and include shades of gray, blue, red, and green, with some areas of white or off-white background. The texture is not physical but appears as painted or printed marks — some areas are smooth and blended, while others are jagged or splattered. The colors are applied in a way that suggests movement, with streaks and drips that imply motion or force. The overall effect is not realistic but rather expressive, with no clear light source or shadowing. The image is not three-dimensional in a literal sense, but the depth cues are implied through the distribution of color and form density."
Romanticism/ivan-aivazovsky_a-rocky-coastal-landscape-in-the-aegean-1884.jpg,"The artwork depicts a vast, misty sea viewed from a high, rocky cliff. In the center distance, a single sailing ship with white sails floats on the water, appearing small against the wide expanse. The foreground is dominated by the jagged, gray rock face of the cliff, with two birds perched on its surface: one near the top edge, facing away, and another lower down, with wings partially spread, standing over a small, dark object on the rock. To the left, thick clouds or fog roll in from the sea, partially obscuring the water’s edge. The sky above is a hazy, muted blend of gray and pale yellow, suggesting either dawn or dusk. The water reflects a faint, shimmering light, creating a narrow band of silver along its surface. The cliff’s texture is rough and uneven, with visible cracks and shadows, and the overall color palette is dominated by cool grays, dark slate, and muted silver tones. The composition places the viewer on the cliff’s edge, looking out over the sea, with the ship and birds serving as focal points in the mid and foreground."
Rococo/antoine-pesne_birth-of-christ-1745.jpg,"The artwork depicts a dimly lit, crowded interior scene with a central glowing light source illuminating a figure seated on the right, holding a small object. To the left, a group of figures stands or sits in shadow, with one figure appearing to be seated on a raised platform or chair. The background is dark and indistinct, with faint shapes suggesting architectural elements or other figures. The foreground is dominated by the illuminated figure and the surrounding darkness, with no clear objects or surfaces visible except for the light source and the seated figure. The light is warm and concentrated, casting a yellowish glow on the figure and the immediate surroundings, while the rest of the scene is in deep shadow. The overall impression is one of a confined, dimly lit space with a single point of illumination. The depth of the scene is shallow, with most of the image appearing close to the viewer, and the background is barely discernible. The colors are predominantly dark, with shades of dark slate gray, peru, and saddle brown, and the texture appears rough and uneven, with visible brushstrokes and a sense of movement in the light. The figures are not clearly defined, and their poses are ambiguous, with some appearing to be in motion or in a state of contemplation. The overall effect is one of mystery and tension, with the light source creating a focal point that draws the viewer’s attention to the seated figure. The scene suggests a moment of quiet intensity, with the figures in the background appearing to be observing or waiting. The painting is not clearly identifiable as a specific historical or religious scene, but the presence of the light source and the seated figure suggests a moment of significance or revelation. The figures in the background are not clearly defined, and their poses are ambiguous, with some appearing to be in motion or in a state of contemplation. The overall effect is one of mystery and tension, with the light source creating a focal point that draws the viewer’s attention to the seated figure. The scene suggests a moment of quiet intensity, with the figures in the background appearing to be observing or waiting. The painting is not clearly identifiable as a specific historical or religious scene, but the presence of the light source and the seated figure suggests a moment of significance or revelation. The figures in the background are not clearly defined, and their poses are ambiguous, with some appearing to be in motion or in a state of contemplation. The overall effect is one of mystery and tension, with the light source creating a focal point that draws the viewer’s attention to the seated figure. The scene suggests a moment of quiet intensity, with the figures in the background appearing to be observing or waiting. The painting is not clearly identifiable as a specific historical or religious scene, but the presence of the light source and the seated figure suggests a moment of significance or revelation. The figures in the background are not clearly defined, and their poses are ambiguous, with some appearing to be in motion or in a state of contemplation. The overall effect is one of mystery and tension, with the light source creating a focal point that draws the viewer’s attention to the seated figure. The scene suggests a moment of quiet intensity, with the figures in the background appearing to be observing or waiting. The painting is not clearly identifiable as a specific historical or religious scene, but the presence of the light source and the seated figure suggests a moment of significance or revelation. The figures in the background are not clearly defined, and their poses are ambiguous, with some appearing to be in motion or in a state of contemplation. The overall effect is one of mystery and tension, with the light source creating a focal point that draws the viewer’s attention to the seated figure. The scene suggests a moment of quiet intensity, with the figures in the background appearing to be observing or waiting. The painting is not clearly identifiable as a specific historical or religious scene, but the presence of the light source and the seated figure suggests a moment of significance or revelation. The figures in the background are not clearly defined, and their poses are ambiguous, with some appearing to be in motion or in a state of contemplation. The overall effect is one of mystery and tension, with the light source creating a focal point that draws the viewer’s attention to the seated figure. The scene suggests a moment of quiet intensity, with the figures in the background appearing to be observing or waiting. The painting is not clearly identifiable as a specific historical or religious scene, but the presence of the light source and the seated figure suggests a moment of significance or revelation. The figures in the background are not clearly defined, and their poses are ambiguous, with some appearing to be in motion or in a state of contemplation. The overall effect is one of mystery and tension, with the light source creating a focal point that draws the viewer’s attention to the seated figure. The scene suggests a moment of quiet intensity, with the figures in the background appearing to be observing or waiting. The painting is not clearly identifiable as a specific historical or religious scene, but the presence of the light source and the seated figure suggests a moment"
Northern_Renaissance/lucas-cranach-the-elder_samson-s-fight-with-the-lion-1525.jpg,"A man with dark, curly hair and a beard, wearing a reddish-orange garment with puffed sleeves and a patterned collar, is seated on the ground in a wooded area. He is holding a lamb in his arms, with his left hand resting on the lamb’s head and his right hand gripping its neck. The lamb is small, with a white body and a long, curved horn, and appears to be lying on its back. To the right of the man, a large lion with a thick, golden-brown mane and a long tail is positioned, its body partially obscured by trees and foliage. The man’s left foot is bare and rests on the ground near the lion’s front paw. The background shows a rocky cliff with a castle or fortified structure perched atop it, and beyond that, a distant landscape with mountains and a body of water. The foreground is dominated by dense, dark trees and undergrowth, with the man and the animals positioned in the center of the composition. The lighting is dim, with muted tones of dark gray, slate gray, and silver, and the textures suggest rough, natural materials like stone, fur, and foliage. The depth of the image is shallow, with the man and the animals in the foreground appearing closest, while the castle and distant landscape recede into the background. The overall scene is static, with no motion implied."
Post_Impressionism/maurice-prendergast_new-england-harbour.jpg,"The painting depicts a lively, sunlit coastal village scene with houses, trees, and a body of water in the background, and a group of people and animals in the foreground. In the center, a cluster of buildings with varied rooflines and chimneys stands near the water’s edge. To the left and right, trees and foliage frame the scene, with a bright blue sea and distant landforms visible beyond. Several figures are gathered in the foreground, some standing, some sitting, with at least one person holding a basket and another appearing to be seated with a child. A horse is visible near the center-right, and a figure in a blue dress stands near it. A person in a white hat is on the left, and another figure is near the bottom right corner. The painting is rendered with thick, textured brushstrokes, using bright, contrasting colors like blue, green, yellow, and white, with areas of dark foliage and earth tones. The surface appears rough and impasto, with visible texture from the paint application. The depth is varied, with the foreground figures and buildings appearing closer, while the distant water and hills recede into the background. The overall impression is one of a bustling, everyday scene, with no clear focal point but a sense of activity and community."
Ukiyo_e/katsushika-hokusai_oiran-and-kamuro.jpg,"Two women are depicted in traditional Japanese attire, standing against a plain, light gray background that suggests an open sky. The woman on the left is larger and more prominent, shown in profile with her head turned slightly toward the viewer. She wears a richly patterned kimono in shades of indigo and reddish-orange, with floral motifs, and carries a large, rounded object wrapped in green and white fabric over her shoulder. Her hair is styled high with ornate, golden hairpins. Her posture is upright, and her gaze is directed downward. To her right, a smaller woman stands, also in a patterned kimono of similar color and design, holding a small doll or figure dressed in blue and red. Her hair is adorned with a decorative headdress featuring white and red elements. Both figures wear traditional footwear, and their clothing drapes in folds that suggest fabric texture. The overall composition places the two figures side by side, with the larger woman on the left and the smaller one on the right, both positioned in the center of the frame. The background is uniformly light gray, with no other objects or details visible. The image has a flat, two-dimensional quality, with no strong lighting or shadows, and the colors are muted and slightly faded, suggesting age or a specific artistic style."
Romanticism/francisco-goya_what-a-tailor-can-do-1799.jpg,"A tall, robed figure stands in the upper right, arms raised high, one hand open and the other holding a small branch or plant. Below, a woman kneels in the center foreground, head tilted up, hands clasped in prayer or supplication. Around her, several other figures are clustered, some kneeling, some standing, all looking upward toward the central figure. In the upper left and upper right corners, faint, sketchy outlines suggest small, winged or childlike figures, possibly cherubs or angels, floating in the air. The entire scene is rendered in monochrome, with deep shadows and stark contrasts, giving it a dramatic, almost theatrical quality. The composition is layered, with the central kneeling figure closest to the viewer, the raised figure dominating the upper space, and the surrounding figures arranged in a semi-circle around them. The depth is uneven, with the background figures appearing distant and blurred, while the foreground figures are sharply defined. The texture is rough and sketchy, with heavy lines and cross-hatching, suggesting a print or drawing rather than a painting. The image is signed at the bottom with the text “Lo que puede un Sastre!” which appears to be in a stylized, italicized script."
Symbolism/kuzma-petrov-vodkin_arrangement-1918.jpg,"A central figure, a man, is depicted in a close-up view, his face and upper body occupying the center of the image. His eyes are wide and fixed forward, his mouth slightly open, and his expression appears tense or startled. He is wearing a dark, heavy garment that covers his shoulders and chest. To his left, partially visible and in the foreground, is the head and shoulders of a woman, her face turned away and mostly obscured. The background is composed of abstract, swirling marks and smudges in varying shades of gray, suggesting a chaotic or indistinct environment. The entire image is rendered in monochrome, using dark gray, dim gray, and dark slate gray tones. The textures are rough and layered, with visible strokes and smears that give the surface a tactile, uneven quality. The depth of the image is uneven, with the central figure appearing closest, while the background elements recede into a blur of indistinct forms. The woman on the left is positioned in the foreground, slightly to the left of center, and appears to be in partial profile, her features mostly hidden. The man’s face is the most detailed part of the image, with clear contours and shadows, while the rest of the composition is more abstract and less defined."
High_Renaissance/raphael_the-virtues-1511.jpg,"The artwork shows a large, arched architectural space with painted scenes on its ceiling and walls. Above a central doorway, a fresco depicts several figures in classical attire, seated and interacting with each other and small winged beings. Below, to the left of the doorway, a group of people in period clothing stands in a cluster, facing inward. To the right, another group of figures, including one in a crown and robes, is gathered near the doorway’s edge. The doorway itself is dark and recessed, framed by stone-like architectural elements. The archway above the doorway is decorated with repeating geometric patterns along its inner edge. The overall color palette is muted, dominated by dark slate gray, tan, and gray tones, with some soft pink and green in the painted figures. The painted figures appear to be in motion or in conversation, with some reaching toward each other. The architectural elements suggest depth, with the doorway and surrounding walls appearing to recede into the space. The fresco above is the most prominent visual element, positioned centrally above the doorway, while the groups of people are positioned on either side of the doorway’s lower edge. The lighting in the fresco is diffuse, with no strong directional light, and the textures of the painted figures are smooth, while the architectural elements suggest a rough, stone-like surface. The depth of the scene is varied, with the doorway appearing closest, the fresco above it in the mid-distance, and the figures on the walls appearing further away."
Post_Impressionism/vincent-van-gogh_self-portrait-1887-9.jpg,"A man with a thick, reddish-brown beard and mustache is shown in a close-up portrait, facing slightly to the viewer’s left. His hair is light brown and thinning at the temples, with visible texture and brushstrokes. His eyes are green and appear to be looking directly at the viewer. He wears a dark, textured garment with a high collar, and the fabric has a rough, uneven surface. Behind him, the background is composed of dense, swirling patterns of green, red, and dark tones, suggesting foliage or a wild, chaotic environment. The man’s face and upper body occupy the center of the image, with the background surrounding him on all sides. The painting is rendered with thick, visible brushstrokes, and the colors are vibrant and saturated, with a strong contrast between the warm tones of the man’s face and beard and the cooler, darker tones of the background. The depth of the image is shallow, with the man’s face and shoulders appearing closest to the viewer, while the background recedes into a blur of color and texture. The overall impression is one of intensity and focus, with the man’s expression and the surrounding environment creating a sense of tension and energy."
Rococo/jean-baptiste-simeon-chardin_rabbit-and-copper-pot.jpg,"A dead rabbit hangs upside down, its body suspended by its hind legs from a thin rope tied to a wooden peg above. To its left, a large copper pot with a lid rests on the floor, its handle and lid clasp visible. The rabbit’s head is angled downward, its ears drooping, and its feet are splayed on the ground. To the right, near the bottom edge, a small, pale, bulbous object with a stem sits on the floor. Two small, dark, round objects lie on the floor in the foreground, near the base of the pot. The background is a plain, textured wall in a muted tan color, with faint, irregular lines suggesting cracks or wear. The lighting is subdued, casting soft shadows, and the overall color palette is dominated by earthy tones: tan, dark slate gray, and sienna. The surface of the rabbit’s fur appears rough and matted, while the copper pot has a dull, oxidized sheen. The depth of the scene is varied, with the rabbit and pot in the mid-ground and the wall receding into the background, while the small object and the two dark items are in the foreground."
Baroque/adriaen-brouwer_the-smokers-or-the-peasants-of-moerdijk-1630.jpg,"The painting shows three men in a dimly lit interior, likely a tavern or workshop. One man in a red tunic stands at the center, blowing a flute toward another man who is seated and reclined backward in a chair, his head tilted up as if enjoying the sound. A third man, wearing a green cap and dark clothing, sits on the left, holding a small object in his hands and looking toward the center. A stool is visible to the right, and a small animal, possibly a cat, rests on a low surface near the bottom right corner. A table is positioned between the standing man and the seated man, with various objects on it, including a bowl, a small plate, and a reddish-brown jug. The background is dark and indistinct, with shelves holding a few items, and the overall scene is framed by warm, earthy tones—saddlebrown, maroon, and darkkhaki—with light focused on the central figures, creating a strong contrast with the shadowed surroundings. The textures suggest rough fabric, wood, and ceramic, with the surfaces appearing worn and used. The depth is shallow, with most of the image’s visual weight concentrated in the foreground, where the figures and objects are sharply defined, while the background recedes into darkness."
Realism/nikolai-ge_portrait-of-piotr-ge-the-artist-s-son-1.jpg,"A man with a beard is seated in the center of the painting, facing forward. He is wearing a dark jacket over a light-colored shirt and a dark tie. His hands are clasped together in his lap. Behind him is a dark, unadorned background. To his left, a portion of a chair is visible, and the man appears to be seated in it. The lighting is dim, with a focused illumination on the man’s face and hands, while the rest of the scene remains in shadow. The overall color palette is dominated by dark tones, including black and dark olive green, with a small area of light beige on the man’s hands. The surface of the painting suggests a textured, matte finish. The depth of the image is shallow, with the man and his immediate surroundings appearing closest to the viewer, while the background recedes into darkness."
Realism/fyodor-bronnikov_exile-in-front-of-the-grave-1870.jpg,"Three men stand in a cemetery. One, on the left, wears a dark brown robe and holds a rosary; he faces slightly away, looking toward the center. In the center stands an older man with white hair and beard, dressed in dark clothing with a blue scarf, holding a cane; he looks down at the ground. To the right, another man in a dark robe, with a white beard, turns his head upward and to the left, as if looking at something above. Behind them, a white cross stands on a stone base, surrounded by grass and dirt. To the left, a large tree with dark bark and sparse leaves occupies the foreground, with a cross-shaped object leaning against its trunk. The ground is uneven and covered with grass, dirt, and scattered leaves. In the background, a low white fence and more crosses are visible, fading into a pale, hazy sky. The scene is lit by soft, diffused light, with muted colors dominated by dark browns, grays, and pale blues. The brushwork suggests texture in the robes, tree bark, and ground, with the figures rendered in solid, defined forms. The overall depth is shallow, with the figures and tree in the foreground, the cross and fence receding into the background."
Romanticism/ivan-aivazovsky_flock-of-sheep-at-gale-1861.jpg,"A large flock of sheep moves across a sloping, uneven terrain under a heavy, overcast sky. The sheep are clustered in the lower half of the image, mostly concentrated toward the left and center, with some scattered toward the right. A single figure, appearing to be a shepherd, stands on the right side of the frame, holding a long staff or stick upward. The ground is dry and earthy, with visible texture suggesting loose soil or dust. The sky dominates the upper portion of the image, filled with thick, grayish clouds that blend into a pale, washed-out light near the top. A few birds are visible in flight, scattered across the mid-air space above the flock. The overall color palette is muted, consisting of dim gray, rosy brown, and antique white, with no strong contrasts. The image has a sense of depth, with the sheep and ground appearing closer and the sky and distant background fading into a hazy, indistinct area. The brushwork suggests a textured surface, with visible strokes and a lack of sharp detail, especially in the background."
Realism/aleksey-savrasov_stone-in-the-forest-near-the-spill-1850.jpg,"The artwork depicts a forest scene with two figures on a large, moss-covered rock in the center. One figure, standing near the center-right of the rock, is dressed in light-colored clothing and holds a hat in one hand while resting the other on a tree trunk. A second figure, partially obscured and positioned behind the first, appears to be holding a tool or stick. The rock dominates the center of the composition, surrounded by dense trees and undergrowth. The foreground is dark and filled with tangled vegetation and fallen branches, while the background shows a lighter, more open area with trees receding into mist. The lighting is diffuse, with no strong shadows, and the colors are muted, dominated by greens, browns, and grays. The texture of the rock is rough and uneven, with patches of moss and lichen, while the surrounding foliage appears thick and shadowed. The overall depth is shallow, with the rock and figures appearing closest to the viewer, and the background fading into a hazy, indistinct distance."
Baroque/william-hogarth_the-company-of-undertakers.jpg,"The artwork depicts a dense, crowded scene centered on a large, shield-shaped emblem. Within this emblem, numerous figures with exaggerated, curly wigs and grotesque expressions are tightly packed together. Many of them are holding objects resembling bones or sticks, and some appear to be shouting or gesturing. The figures are arranged in a chaotic, overlapping manner, with no clear hierarchy or order. At the top of the emblem, three figures are positioned: one on the left with a calm expression, one in the center with a menacing, wide-eyed look, and one on the right with a more serene, almost detached expression. Below them, the figures are even more densely packed, with some appearing to be in motion or in conflict. The emblem is framed by two crossed bones at the bottom, and a banner with the Latin motto “ET PLURIMA MORTIS IMAGO” is positioned beneath the emblem. The entire composition is rendered in black and white, with fine lines and cross-hatching creating texture and depth. The depth of the image varies, with the central figures appearing closest to the viewer, while the outer edges and background elements recede into the distance. The overall impression is one of crowded, chaotic energy, with the figures’ expressions and postures suggesting a sense of urgency or agitation. The image is printed on paper, and the text at the bottom identifies the subject as “The Company of Undertakers,” with additional descriptive text and publication details."
Art_Nouveau_Modern/heorhiy-narbut_cover-for-the-book-the-russian-red-cross-1867-1917-1917.jpg,"This is a poster with a central red cross, surrounded by black and red decorative elements. The text at the top reads “РОССИЙСКИЙ КРАСНЫЙ КРЕСТЬ” in large red letters, with “1867–1917” below it in smaller black text. Beneath that, the word “СНГ” appears in small black letters. The poster is framed by a black border with red inner lines, and the corners contain stylized black bird-like figures. On either side of the central cross are tall, black, vertically oriented objects with red and black spiral patterns and pointed tops. The background is off-white, and the overall design is flat and graphic, with no visible depth or three-dimensional forms. The poster appears to be printed on paper, with no discernible texture or material beyond the printed design. The depth distribution suggests the image is flat, with no indication of foreground or background separation."
Realism/vasily-polenov_beirut-1882-1.jpg,"The artwork depicts a coastal scene with a large, weathered building on a rocky shore, surrounded by water and scattered boats. Two figures are near the water’s edge in the lower right, one standing and one crouching. The foreground is a sandy beach littered with debris and broken wooden objects. A small boat lies overturned on the left side of the beach, near the base of the building. The building, positioned on the left side of the composition, is multi-storied with a red-tiled roof and appears to be built into the cliffside. To its right, a smaller, darker structure with a similar roof stands on stilts. The sea stretches across the background, with a distant white sail visible on the horizon. The sky is overcast, rendered in muted grays and pale blues. The overall color palette is subdued, dominated by earth tones, grays, and the dark olive green of the rocks and water. The surface textures suggest rough stone, weathered wood, and wet sand, with the water appearing choppy and reflective. The depth of the scene is varied, with the beach and figures in the foreground, the buildings in the mid-ground, and the sea and sky receding into the distance."
Rococo/bernardo-bellotto_view-of-warsaw-from-praga-1770-1.jpg,"The artwork depicts a wide river scene with a city across the water, and a riverbank in the foreground. On the left, a large tree stands near the edge of the bank, with several figures gathered around it. These figures appear to be walking or standing in small groups, some with animals or carts. Along the riverbank, there are several boats, some with people aboard, and others moored or floating near the shore. The city in the background is composed of many buildings, including towers and structures of varying heights, all clustered together along the far bank. The sky above is filled with clouds, and the overall lighting suggests daylight with soft, diffused illumination. The colors are muted, dominated by grays, greens, and browns, with some darker tones in the foreground and lighter tones in the sky and distant city. The depth of the scene is conveyed through the placement of elements: the tree and figures are closest, the river and boats are in the middle ground, and the city and sky are farthest away. The river appears to be wide and calm, with no visible waves or strong currents. The boats are small and appear to be traditional in design, with some carrying people and others empty. The figures on the bank are mostly standing or moving slowly, with no clear indication of specific actions beyond their presence. The overall impression is one of a quiet, everyday scene, with no dramatic or violent elements."
Baroque/rembrandt_the-crucifixion-a-square-small-plate-1634.jpg,"A man is shown crucified on a cross, his body positioned vertically, arms outstretched, head tilted slightly to one side. Below him, a crowd of people gathers in the foreground and midground. To the left, a figure stands with their head turned upward, facing the cross. To the right, several figures are clustered, some with raised hands, others bent over or lying on the ground. A central figure in the foreground, seen from behind, stands with their back to the viewer, wearing a dark, heavy garment. The background is mostly empty, with faint, indistinct shapes suggesting distant structures or trees. The entire image is rendered in shades of dark gray and gray, with no visible color. The texture appears rough and grainy, consistent with a printed or etched medium. The depth of the image is varied, with the cross and the central figure in the foreground appearing closest, while the background and distant figures are rendered as faint, blurred shapes. The composition suggests a gathering around a central, elevated figure, with the crowd arranged in a way that frames the cross."
Art_Nouveau_Modern/raphael-kirchner_single-items.jpg,"A young woman stands centrally in the image, framed within an oval border. She is bare-chested, wearing a skirt made of green mistletoe leaves, and black stockings with red trim. Her head is adorned with a red ribbon and a wreath of small flowers. She is smiling and looking directly at the viewer. Behind her, in the background, a windmill is faintly visible through a snowy or lightly dusted landscape. The entire scene is enclosed within a pale, oval-shaped frame, and the background is a soft, muted pinkish tone with scattered white specks suggesting snow or dust. The woman’s legs are positioned straight, and her feet are bare, with no shoes visible. The image appears to be a vintage postcard, with a faint watermark or signature in the lower left corner. The overall color palette is muted, dominated by pale tones, with the green of the mistletoe and the red of the ribbon providing the only strong color accents. The depth of the image is shallow, with the woman sharply in focus and the background blurred, suggesting a shallow depth of field typical of photographic or illustrative techniques. The image is not highly detailed, with soft edges and a slightly grainy texture, consistent with older print media."
Realism/vasily-perov_yaroslavna-s-lament-1881.jpg,"A figure stands in the center of the composition, facing slightly upward and to the left, with their head tilted back and eyes directed toward the sky. Their arms are crossed over their chest, and they are wrapped in layered garments — a long, dark red robe over a lighter, possibly gold-embroidered garment, with a greenish-blue cloth draped over the shoulders and head. The figure’s head is covered by a dark, possibly hooded, cloth. Behind them, the sky fills the upper portion of the image, transitioning from a pale yellow near the horizon to a muted blue-gray above. Below the figure, in the foreground, are dark, pointed structures that resemble the tops of buildings or towers, clustered on the left. To the right, in the distance, a faint outline of a building with a roof and a small flag is visible. The overall color palette is dominated by muted grays, dark reds, and dull greens, with the sky offering a weak contrast of pale yellow and blue. The lighting appears to come from above and slightly behind the figure, casting soft shadows and highlighting the edges of their clothing. The texture of the garments suggests fabric, with visible folds and draping. The depth of the scene is varied, with the figure and foreground elements appearing closer, while the distant buildings and sky recede into a hazy background. The image has a painterly quality, with visible brushwork and a soft, atmospheric rendering of the environment."
Art_Nouveau_Modern/theodor-severin-kittelsen_her-er-levemaate-unger-1894.jpg,"A large bird with dark, broad wings and a yellow face stands in the center, its wings spread wide and one leg extended forward. It wears a dark hooded garment with a blue bow tie and has a wide, open beak. To its right, a green worm is being held aloft by the bird’s outstretched foot. Below and to the right, a nest made of brown twigs holds several small, pinkish chicks with open beaks and wide eyes, some standing, some perched on the nest’s edge. To the far right, a small, featherless bird with a beak and wings is perched on the edge of the nest. On the left, a dark, rounded pot with a handle hangs from a string, and several thin, pinkish worms dangle from it. The background is a flat, light blue sky. The image is signed in the upper left corner with the name “Th. Kittlitz.” The overall scene suggests a moment of interaction between the large bird and the chicks, with the worm as a central object of attention. The colors are muted, with dark olive green, white smoke, and rosy brown dominating the palette. The textures are rendered with visible, sketchy lines, suggesting a hand-drawn illustration. The depth is shallow, with the bird and nest appearing closest, while the background and distant elements are blurred."
Color_Field_Painting/mark-rothko_red-white-and-brown.jpg,"The artwork shows a vertical composition dominated by a flat, solid red background. Centered in the image is a large, roughly rectangular area of orange-red, with uneven, textured edges. Above this central shape, near the top, is a horizontal band of dark red, also with irregular, rough edges. Below the central orange-red shape, near the bottom, is a horizontal band of light gray, similarly textured and uneven. The entire surface appears to be painted with thick, visible brushstrokes, giving it a tactile, physical quality. The colors are flat and saturated, with no discernible figures, objects, or depth cues beyond the layered placement of these three distinct color fields. The edges of the shapes are not clean or precise, suggesting they were applied with a brush or spatula, leaving visible texture and variation in tone. The overall impression is one of bold, abstract forms set against a single, dominant color field."
Early_Renaissance/sandro-botticelli_scene-from-the-life-of-moses-1482(1).jpg,"The painting depicts a large, crowded scene set before a monumental stone archway, with many figures gathered around a central stone pedestal. To the left, a tall pillar stands near a tapestry hanging on a wall. In the bottom left corner, a man is seated on the ground, his body curled and head down. The archway dominates the center background, its structure detailed with carvings and flanked by ruined buildings and distant hills. Figures are scattered throughout the scene: some stand in groups, others kneel or lie on the ground, and many are reaching toward or interacting with the central pedestal. A man in the center-right raises his arms upward, while others appear to be pulling or pushing at the pedestal. The overall color palette is muted, dominated by gray, tan, and saddlebrown tones. The lighting is diffuse, with no strong directional light source, and the textures suggest rough stone, fabric, and skin, though details are not sharply defined. The depth of the scene is varied, with the foreground figures closest to the viewer, the central archway and surrounding structures receding into the midground, and distant hills and ruins appearing farthest away."
Rococo/william-hogarth_taste-in-high-life.jpg,"The artwork depicts a scene inside a room with heavy drapes on the left and several framed illustrations on the walls. In the center, a woman in a long, flowing gown stands with her arms outstretched, appearing to gesture or present something. To her right, a man in a short coat and breeches stands with his hands clasped, looking toward her. Behind them, another man in a long robe and wig stands with his hands near his face, appearing to be in a state of surprise or distress. In the foreground, a small figure in a dark dress kneels, holding a piece of paper with writing on it. The room contains various objects, including a table with a small object on it, a chair, and a stand with a drawing or illustration on it. The depth of the scene is varied, with the foreground elements appearing closer and the background elements receding into the distance. The overall tone is dark and gray, with no strong color contrasts. The figures are rendered with detailed clothing and facial expressions, suggesting a focus on their actions and interactions. The scene appears to be set in a formal or theatrical environment, with the figures engaged in a moment of dramatic or ceremonial significance."
Pop_Art/hiro-yamagata_not-detected-272395.jpg,"The artwork depicts a dense, bustling city street viewed from a high angle, filled with towering buildings, bright signs, and crowds of small figures moving along the sidewalks. The scene is packed with neon signs and posters, many in bold, stylized lettering, advertising businesses like “Yachting,” “CINEMA,” “LA CAGE AUX FOLLES,” and “WEST SIDE STORY.” The street is wide and central, with figures walking, dancing, or gathered in small groups, some appearing to be in performance or celebration. Buildings rise on both sides, their facades covered in signs and windows, with some structures appearing to lean or overlap in a chaotic, layered fashion. A large, stylized sign for “CINEMA” is visible on the right side, while a poster with a figure in a suit and a bottle is on the left. The overall impression is one of intense urban energy, with a strong sense of depth created by the layered buildings and the perspective of the street receding into the distance. The colors are vivid, dominated by reds, blues, and yellows, with sharp contrasts between the bright signs and darker building structures. The texture appears flat and graphic, with bold outlines and saturated areas, suggesting a stylized, illustrative medium rather than a realistic depiction. The depth is conveyed through the arrangement of buildings and the perspective of the street, with the foreground showing more detail and the background fading into a blur of signs and structures. The figures are small and indistinct, but their movement and grouping suggest activity and life. The overall composition is crowded and dynamic, with no clear focal point, emphasizing the overwhelming presence of the cityscape."
Realism/gustave-courbet_still-life-with-apples-and-pomegranates-1871.jpg,"The painting shows a still life arrangement of several fruits and vegetables resting on a flat, light-colored surface against a dark background. In the center, a pomegranate is split open, revealing its red seeds and fibrous interior. To its left and slightly behind it, a large, rough-textured potato sits partially obscured. To the right of the pomegranate, a round, reddish fruit with a dark spot is visible. Behind the central objects, a pale yellow fruit, possibly a lemon, is positioned on the left, and a darker, round object, possibly another potato or fruit, is in the background. A smaller, dark, irregularly shaped object, possibly a fig, is near the bottom left corner. The objects are clustered together, with the split pomegranate closest to the viewer, and the background elements receding into shadow. The surface they rest on is light and appears to be a table or cloth, with shadows cast by the objects. The background is uniformly dark, creating a strong contrast with the objects. The lighting comes from the upper left, casting shadows to the right and below the objects. The colors are muted, dominated by earthy tones: tan, sienna, and black, with the red of the pomegranate’s interior providing a small contrast. The textures of the objects vary: the pomegranate’s interior is detailed and rough, the potato is lumpy and dull, and the other objects have smooth or slightly textured surfaces. The painting is signed in the lower left corner with the initials “J. G. Cauhr.”"
Post_Impressionism/henri-matisse_woman-with-mandolin-1922.jpg,"A woman stands in the center of the composition, facing forward, holding a tennis racket in her right hand. She wears a yellow top with dark floral patterns and a white skirt, and a necklace is visible around her neck. Her dark hair is styled short and pulled back. To her right, a window with a divided frame is visible, showing a dark interior or shadowed view. Behind her, a low wall or railing separates her from a distant landscape that includes several palm trees and a pale sky. The ground beneath her is a flat, grayish surface. The overall color palette is muted, dominated by grays, silvers, and dark olive greens, with the yellow of her top providing a contrast. The brushwork is visible and textured, suggesting a painted surface rather than a photograph. The depth of the scene is varied, with the woman and the immediate foreground appearing closer, while the background elements, including the palm trees and distant horizon, recede into the distance. The window frame and the wall behind her are positioned to the right of the figure, while the palm trees and sky occupy the background to the left and behind her. The tennis racket is held at an angle, with the handle near her right hip and the head pointing downward. The woman’s posture is upright, and her gaze is directed toward the viewer. The image does not show any other people or significant objects besides the woman, the racket, the window, and the distant landscape."
Minimalism/ellsworth-kelly_creueta-del-coll-1987.jpg,"A tall, slender, dark metal pillar stands alone in the center of a paved plaza. To its left, a tree with green leaves extends into the frame. To its right, another tree, also with green foliage, is partially visible. Behind the pillar, a low concrete wall separates the plaza from a view of buildings and trees in the distance. The sky above is light and filled with scattered clouds. The ground is paved with interlocking gray stones. The pillar’s surface is rough and weathered, with a dark, almost rust-colored tone. The trees on either side cast shadows across the pavement, indicating sunlight from above. The background buildings appear in muted tones, with no clear details visible. The overall scene is open and quiet, with the pillar as the central, dominant object."
Color_Field_Painting/leon-berkowitz_cathedral-18a-1966.jpg,"The artwork shows a vertical composition of parallel stripes that fill the entire surface. These stripes are arranged in two distinct, symmetrical halves, separated by a narrow, light-colored vertical band near the center. The stripes vary in width and color, with no discernible figures or objects present. The colors include shades of burlywood, mediumseagreen, dimgray, and other hues such as pink, orange, and teal, arranged in a repeating, rhythmic pattern. The stripes appear to have a flat, uniform texture with no visible brushwork or surface variation. The depth of the image is consistent across the entire surface, with no indication of foreground, background, or spatial recession. The composition is static and evenly distributed, with no movement or orientation of elements."
Realism/ivan-kramskoy_the-painting-of-the-main-dome-of-the-temple-of-christ-the-savior-in-moscow-1865.jpg,"The artwork shows the interior of a church ceiling, viewed from below. At the center is a large, circular fresco depicting a figure with outstretched arms, surrounded by other figures and clouds, all set against a dark, swirling background. This central scene is framed by a wide, ornate architectural ring that curves around the entire dome. Along the inner edge of this ring, there are multiple arched windows, each with a distinct, narrow vertical opening, arranged evenly around the circle. The entire structure is painted with rich, gilded details, including decorative moldings and patterns in gold, red, and muted earth tones. The fresco and the surrounding architecture are illuminated by light entering through the windows, casting a soft glow on the surfaces. The overall impression is one of grandeur and symmetry, with the central figure appearing to be the focal point of the composition. The depth of the image is varied, with the central fresco appearing closest, while the outer architectural elements recede into the background, creating a sense of spatial depth. The colors are mostly muted, with the gold and red accents standing out against the darker tones of the fresco and the surrounding architecture."
Abstract_Expressionism/william-congdon_istanbul-no-2-1953.jpg,"The artwork depicts a river scene with a bridge on the left side and a boat positioned in the bottom left corner, floating on the water. Behind the bridge and extending across the upper portion of the image are large, rounded structures that appear to be domed buildings or arches, rendered in dark, textured strokes. The entire scene is dominated by dark gray and olive green tones, with the surface of the water and the boat showing rough, wavy lines suggesting motion or disturbance. The bridge curves from the left edge toward the center, and the boat is oriented diagonally, facing toward the right. The background structures are heavily layered with sketchy, overlapping lines, creating a sense of depth that is mostly concentrated in the near area, with the majority of the image’s visual weight falling in the foreground and midground. The texture throughout is rough and impasto-like, with visible strokes and smudges, giving the surface a tactile, uneven quality. The water is represented by jagged, wavy lines that suggest turbulence, and the boat’s form is defined by a dark, solid shape with a lighter, possibly yellowish, area on its side. The overall impression is one of a dense, shadowy, and somewhat chaotic environment."
Art_Nouveau_Modern/boris-kustodiev_show-booths-1917.jpg,"The artwork depicts a lively winter scene filled with people, sleighs, and snow-covered trees, centered around a brightly decorated stage with red curtains and a large banner. A crowd of people is gathered in the foreground, mostly facing the stage, with some individuals standing near sleighs pulled by horses. To the left and right, large trees are heavily laden with snow, framing the scene. The stage is elevated and features a performer in a white costume, with other figures on a raised platform above. Flags and colorful banners hang above the stage, and a carousel is visible in the background to the left. The overall atmosphere is busy and festive, with the crowd appearing engaged and animated. The painting uses bright, contrasting colors, with the red of the stage curtains and the white of the snow dominating the palette. The brushwork is visible and textured, suggesting movement and energy. The depth of the scene is varied, with the crowd and sleighs in the foreground, the stage in the mid-ground, and the trees and distant structures in the background. The snow-covered trees and the bright stage create a strong visual contrast, emphasizing the central activity. The painting conveys a sense of excitement and celebration, with the crowd’s posture and the vibrant colors reinforcing this mood. The sleighs and horses are positioned on the left side of the scene, with one sleigh prominently in the bottom left corner. The stage and its surrounding decorations are located in the center-right portion of the image, drawing the viewer’s attention. The crowd is densely packed in the lower half of the painting, with individuals standing close together, some facing the stage, others looking in different directions. The trees on the left and right sides of the image are large and heavily snow-covered, creating a natural frame for the central activity. The stage is elevated and positioned in the center-right, with its red curtains and banner clearly visible. The flags and banners above the stage are colorful and add to the festive atmosphere. The sleighs and horses are located in the bottom left, with one sleigh prominently in the foreground. The crowd is densely packed in the lower half of the painting, with individuals standing close together, some facing the stage, others looking in different directions. The stage is elevated and positioned in the center-right, with its red curtains and banner clearly visible. The flags and banners above the stage are colorful and add to the festive atmosphere. The sleighs and horses are located in the bottom left, with one sleigh prominently in the foreground. The crowd is densely packed in the lower half of the painting, with individuals standing close together, some facing the stage, others looking in different directions. The stage is elevated and positioned in the center-right, with its red curtains and banner clearly visible. The flags and banners above the stage are colorful and add to the festive atmosphere. The sleighs and horses are located in the bottom left, with one sleigh prominently in the foreground. The crowd is densely packed in the lower half of the painting, with individuals standing close together, some facing the stage, others looking in different directions. The stage is elevated and positioned in the center-right, with its red curtains and banner clearly visible. The flags and banners above the stage are colorful and add to the festive atmosphere. The sleighs and horses are located in the bottom left, with one sleigh prominently in the foreground. The crowd is densely packed in the lower half of the painting, with individuals standing close together, some facing the stage, others looking in different directions. The stage is elevated and positioned in the center-right, with its red curtains and banner clearly visible. The flags and banners above the stage are colorful and add to the festive atmosphere. The sleighs and horses are located in the bottom left, with one sleigh prominently in the foreground. The crowd is densely packed in the lower half of the painting, with individuals standing close together, some facing the stage, others looking in different directions. The stage is elevated and positioned in the center-right, with its red curtains and banner clearly visible. The flags and banners above the stage are colorful and add to the festive atmosphere. The sleighs and horses are located in the bottom left, with one sleigh prominently in the foreground. The crowd is densely packed in the lower half of the painting, with individuals standing close together, some facing the stage, others looking in different directions. The stage is elevated and positioned in the center-right, with its red curtains and banner clearly visible. The flags and banners above the stage are colorful and add to the festive atmosphere. The sleighs and horses are located in the bottom left, with one sleigh prominently in the foreground. The crowd is densely packed in the lower half of the painting, with individuals standing close together, some facing the stage, others looking in different directions. The stage is elevated and positioned in the center-right, with its red curtains and banner clearly visible. The flags and banners above the stage are colorful and add to the festive atmosphere. The sleighs and horses are located in the"
Realism/gustave-courbet_the-origin-of-the-world-1866.jpg,"The artwork shows the back of a nude human figure lying on its side, partially covered by a light-colored, draped fabric. The figure’s skin is rendered in warm, earthy tones of tan and beige, with a patch of dark, coarse hair centered on the lower back. The fabric, appearing soft and loosely arranged, drapes over the figure’s upper body and limbs, with folds and creases suggesting movement or weight. The background is a flat, dark olive-green surface, providing contrast to the figure and fabric. The figure’s posture is relaxed, with the body curled slightly, and the head is not visible. The fabric appears to be in motion or loosely placed, with some areas pulled taut and others hanging loosely. The lighting is soft and diffused, casting subtle shadows that define the contours of the body and the folds of the fabric. The texture of the skin is rendered with smooth, blended strokes, while the fabric shows more visible brushwork, with variations in tone and texture suggesting a material that is not perfectly smooth. The overall composition is centered, with the figure occupying the majority of the frame, and the fabric and hair serving as focal points. The depth of the image is varied, with the figure and fabric appearing to be in the mid to far plane, while the background remains flat and distant. The image does not contain any other objects or figures."
Pop_Art/hiro-yamagata_balloon-race-1990.jpg,"The artwork depicts a wide, colorful cityscape under a bright sky, filled with numerous hot air balloons of various shapes, patterns, and sizes floating above the urban area. In the foreground, a river flows beside a bridge with vehicles moving across it, and along the riverbanks, clusters of brightly colored balloons and confetti are scattered. The city in the center and background features buildings, trees, and open spaces, with some structures appearing to be government or historical in nature. The sky is clear and blue, with a few faint clouds, and the overall scene suggests a festive or celebratory atmosphere. The balloons are positioned throughout the sky, with some appearing closer to the viewer and others farther away, creating a sense of depth. The bridge and river are centrally located, with the balloons and confetti concentrated in the foreground and midground. The colors are vivid, with a mix of bright, saturated hues on the balloons and more muted tones in the city and sky. The textures appear smooth and painted, with no visible brushwork or roughness, and the lighting is even and bright, suggesting a daytime scene. The depth is varied, with the foreground elements appearing closer and the background elements receding into the distance. The scene is lively and dynamic, with no figures or people clearly visible, and the focus is on the balloons, the city, and the river. The overall impression is one of joy and celebration, with the balloons and confetti suggesting a festive event. The image is rich in detail, with the balloons and confetti being the most prominent features, and the city and river providing context and scale. The scene is not static, with the balloons and confetti appearing to be in motion, and the vehicles on the bridge suggesting activity. The image is not focused on any single point, but rather on the overall scene, with the balloons and confetti being the most prominent features. The image is not focused on any single point, but rather on the overall scene, with the balloons and confetti being the most prominent features. The image is not focused on any single point, but rather on the overall scene, with the balloons and confetti being the most prominent features. The image is not focused on any single point, but rather on the overall scene, with the balloons and confetti being the most prominent features. The image is not focused on any single point, but rather on the overall scene, with the balloons and confetti being the most prominent features. The image is not focused on any single point, but rather on the overall scene, with the balloons and confetti being the most prominent features. The image is not focused on any single point, but rather on the overall scene, with the balloons and confetti being the most prominent features. The image is not focused on any single point, but rather on the overall scene, with the balloons and confetti being the most prominent features. The image is not focused on any single point, but rather on the overall scene, with the balloons and confetti being the most prominent features. The image is not focused on any single point, but rather on the overall scene, with the balloons and confetti being the most prominent features. The image is not focused on any single point, but rather on the overall scene, with the balloons and confetti being the most prominent features. The image is not focused on any single point, but rather on the overall scene, with the balloons and confetti being the most prominent features. The image is not focused on any single point, but rather on the overall scene, with the balloons and confetti being the most prominent features. The image is not focused on any single point, but rather on the overall scene, with the balloons and confetti being the most prominent features. The image is not focused on any single point, but rather on the overall scene, with the balloons and confetti being the most prominent features. The image is not focused on any single point, but rather on the overall scene, with the balloons and confetti being the most prominent features. The image is not focused on any single point, but rather on the overall scene, with the balloons and confetti being the most prominent features. The image is not focused on any single point, but rather on the overall scene, with the balloons and confetti being the most prominent features. The image is not focused on any single point, but rather on the overall scene, with the balloons and confetti being the most prominent features. The image is not focused on any single point, but rather on the overall scene, with the balloons and confetti being the most prominent features. The image is not focused on any single point, but rather on the overall scene, with the balloons and confetti being the most prominent features. The image is not focused on any single point, but rather on the overall scene, with the balloons and confetti being the most prominent features. The image is not focused on any single point, but rather on the overall scene, with the balloons and confetti being the most prominent features. The image is not focused on"
Realism/vincent-van-gogh_winter-garden-1884.jpg,"A large, leafless tree dominates the left side of the scene, its branches sprawling and twisting across the upper half of the image. Beneath its canopy, near the bottom left, stands a figure dressed in dark, full-length clothing, facing away from the viewer. The figure appears to be standing still, with their back to the viewer, near a narrow path that winds through the foreground. To the right of the path, several tall, thin, upright objects—possibly sticks or remnants of crops—stand in a cluster. In the far distance, toward the center-right, a small, dark structure with a pointed top is visible, suggesting a distant building or tower. The ground is uneven and textured, with faint lines indicating a path or field. The overall color palette is muted, consisting of dark olive green, tan, and gray, with no strong contrast or bright areas. The surface of the image has a rough, grainy texture, suggesting it was created with a medium like charcoal or dry brush. The depth of the scene is varied, with the tree and figure in the foreground, the path and objects in the mid-ground, and the distant structure far away. The sky is a flat, pale, uniform tone, with no clouds or distinct features."
Pop_Art/andy-warhol_spam.jpg,"The artwork shows a grid of identical canned food packages arranged in six rows and seven columns, filling the entire frame. Each can is identical in design: a dark blue label with the word “SPAM” in large, bold, yellow capital letters at the top. Below the text, there is an image of sliced meat on a plate, with a small garnish of green herbs and a dark, possibly leafy, element to the left of the meat. The cans are arranged in a tight, uniform pattern, with no gaps or irregularities, and appear to be placed on a flat surface. The entire composition is static, with no figures, movement, or depth cues beyond the slight variation in the perceived distance of the cans from the viewer, which is consistent with a flat, two-dimensional arrangement. The colors are dominated by dark slate gray for the background and the cans’ metallic surfaces, with rosy brown for the meat and yellow for the text. The texture of the cans appears smooth and reflective, with a slight sheen suggesting metallic material, and the labels are printed with a flat, non-reflective surface. The image has no spatial depth in the sense of foreground or background; all cans are at approximately the same distance from the viewer, creating a uniform, repetitive visual field."
Ukiyo_e/utagawa-kuniyoshi_sato-tadanobu-a-samurai-of-the-twelfth-century-defending-himself-with-a-goban-whan-attacked-by.jpg,"A large, muscular figure dominates the center of the image, shown in a dynamic, aggressive pose. He is holding a large, grid-patterned object above his head with both hands, as if preparing to strike or crush something. His face is contorted with effort or rage, and he wears a patterned garment with floral or geometric designs in red, green, and black, over a darker undergarment. His legs are spread wide, and his feet are bare. To his left, another figure lies on the ground, head upturned, with a startled or fearful expression, and appears to be restrained or pinned. Scattered around the lower part of the image are numerous black and white circular objects, resembling game pieces, possibly Go stones, with some lying on the ground and others near the figures. The background is dark and indistinct, suggesting a shadowy or outdoor setting with faint architectural elements. The overall composition is chaotic and intense, with the central figure’s motion and the scattered objects creating a sense of action and disruption. The image has a flat, printed quality with visible texture and wear, and the colors are muted, dominated by dark tones, with the reds and greens of the central figure’s clothing providing contrast. The depth of the image is shallow, with the central figure and the scattered objects in the foreground, while the background remains indistinct."
Abstract_Expressionism/cy-twombly_untitled-13.jpg,"The artwork depicts a dense, abstract arrangement of flowers and foliage. The central area is dominated by swirling, textured masses of pink, red, and purple hues, suggesting clustered blooms. These are surrounded by thick, vertical strokes of dark green and black that appear to represent stems or leaves, extending from the lower and left portions of the image. The background is a mottled mix of pale gray, white, and faint yellow, with no distinct boundaries or objects. The composition is layered, with the darkest strokes closest to the bottom edge and the brightest, most diffuse areas toward the top. The surface has a rough, impasto texture, with visible brushwork and smudges, giving it a tactile, chaotic feel. The overall impression is one of intense, swirling color and form, with no clear focal point or figure."
Art_Nouveau_Modern/boris-kustodiev_the-guy-from-tula-1926-1.jpg,"A figure stands in profile, facing left, wearing a dark blue hat, a brown coat, a patterned scarf, and yellowish trousers with a spotted texture. The figure’s arms are extended outward, hands open, and legs are positioned as if mid-step or in motion. The figure wears dark blue boots, one of which is positioned slightly forward, suggesting movement. The background is a plain, light-colored surface with no discernible objects or features. The image has a textured, watercolor-like quality with visible brushstrokes and uneven color application. The figure’s face is rendered with a rosy tone, and the overall composition is centered on the figure, with no other objects or elements in the frame. The depth of the image is mostly far, with the figure appearing to be the only object in focus, and the background is flat and indistinct."
Realism/vincent-van-gogh_girl-kneeling-in-front-of-a-bucket-1881(1).jpg,"A woman kneels on the floor, facing slightly away from the viewer, with her head bowed and hands inside a wooden barrel positioned to her left. The barrel is cylindrical, with visible horizontal staves and a metal band around its top. The woman is dressed in a long-sleeved garment with a high collar and a full skirt that drapes around her as she kneels. Her hair is pulled back and appears to be tied in a bun. The floor is flat and extends beneath her and the barrel. The background is plain and indistinct, with no other objects or figures visible. The image is rendered in monochrome, with shading suggesting depth and form, and the overall tone is muted, dominated by dark gray, silver, and rosy brown hues. The depth of the scene is shallow, with the woman and barrel appearing closest to the viewer, while the background recedes into a flat, undefined space."
Romanticism/n.c.-wyeth_the-children-were-playing-at-marriage-by-capture.jpg,"Two children are running across a grassy field toward the right side of the image. The child on the right is bare-chested, wearing a simple loincloth, with long hair flowing backward as they run. The child on the left is wearing a dark, sleeveless garment that flares out as they move. Both are barefoot and appear to be sprinting across uneven ground. In the center foreground, a shallow creek with still water reflects the sky and surrounding grass. The background is a pale, hazy sky with several birds in flight, their shapes blurred and scattered. The ground is covered in tall, dry grass in shades of brown and olive green. The lighting is soft and diffuse, casting no strong shadows, with a warm, yellowish tone across the entire scene. The brushwork suggests movement and texture, especially in the grass and the flowing hair of the children. The image has a sense of motion and urgency, conveyed through the dynamic poses and the blurred background elements."
Rococo/george-morland_the-press-gang-1790.jpg,"A group of men is gathered around a small wooden boat in shallow water, with one man in a red coat and black hat standing in the boat, holding a long object, possibly a pole or oar, while others are pulling or pushing from the shore and from the boat. To the left, a man in a green coat and white trousers stands on the muddy bank, gripping a chain or rope. Another man in a dark jacket and light trousers is in the water, reaching toward the boat. Behind them, a large, weathered wooden building with a steep roof stands on the left side of the scene. In the background, to the right, the masts and rigging of ships are visible, suggesting a harbor or dockside setting. On the far right, two men sit in the boat, one in a dark coat and hat, the other in a lighter coat, both looking toward the central action. The water is choppy and brownish, with visible ripples and reflections. The sky is overcast with soft, diffused light, and the overall color palette is dominated by earthy tones—saddlebrown, burlywood, and sienna—with the red coat standing out as a focal point. The brushwork suggests movement and tension, with the figures’ poses conveying urgency or struggle. The boat is positioned in the center-bottom of the frame, with the men around it creating a dynamic, clustered composition. The building on the left is close and detailed, while the distant ships are blurred, indicating depth. The foreground is dominated by the water and the figures’ feet, with the boat’s edge and the men’s lower bodies clearly visible."
Realism/vasily-surikov_shooting-cossack-1893.jpg,"A person, seen from the side and slightly behind, is lying down or crouched, holding a long firearm with both hands. The person wears a dark, furry hat with a red band and a reddish-orange garment that covers their upper body. The firearm extends diagonally from the lower left toward the upper right, with the barrel pointing toward the right edge of the image. The person’s head is turned slightly toward the right, and their hands are gripping the weapon near the stock and barrel. The background is a plain, light gray surface with no distinct objects or features. The image has a watercolor texture, with visible brushstrokes and areas of washed-out color. The dominant colors are reddish-orange, dark olive green, and light gray. The depth of the image is mostly far, with the person and weapon appearing in the mid to far plane, and the background being uniformly distant. The surface appears to be a flat, untextured canvas or paper."
Pop_Art/andy-warhol_the-last-supper-camel-57.jpg,"The artwork depicts a long table with numerous figures seated along its length, arranged in a formal, symmetrical composition. A large, circular emblem with the number “57” is centered above the table, and to the right, a camel stands on the table surface with the word “CAMEL” written beneath it. The figures are dressed in robes and appear to be engaged in a gathering, with some leaning forward, others seated upright, and one figure in the center appears to be speaking or gesturing. The table is long and low, supported by legs, and extends across the width of the image. The background is mostly empty, with no discernible walls or objects behind the figures. The image is rendered in monochrome, with a palette of dimgray and gainsboro, and the texture appears to be a sketch or line drawing, with no visible color or shading to indicate depth or material. The depth of the image is mostly far, with most of the scene appearing flat and distant, and only a small portion near the bottom left suggests a foreground element, possibly a table or a person, but it is not clearly defined. The overall impression is that of a stylized, possibly satirical or humorous, depiction of a formal gathering with an added cartoonish element."
Early_Renaissance/giovanni-bellini_madonna-enthroned-cherishing-the-sleeping-child-1475.jpg,"A woman sits on a throne-like chair, her hands clasped in prayer before her chest. She wears a dark, heavy robe over a reddish garment, and a white head covering. A small child lies across her lap, asleep, with limbs relaxed and head resting on her shoulder. Behind her is a tall, ornate frame with carved details, set against a dark background. Above the frame, a golden, arched element is visible. The scene is set against a backdrop of clouds, with the chair and figures positioned in the center of the composition. The woman’s gaze is directed downward, and the child’s body is angled slightly to the right. The lighting is subdued, with shadows deep in the folds of the robes and around the edges of the frame. The colors are mostly dark, with the red garment and the gold of the arch providing contrast. The textures suggest heavy fabric and carved wood, with the surfaces appearing smooth and slightly worn. The overall depth is shallow, with the figures and chair occupying the foreground, while the background elements recede into shadow."
Realism/isaac-levitan_evening-path-1882.jpg,"A winding creek flows through a grassy field, curving from the lower center toward the left. On the right side, a large, dark tree mass dominates the edge of the frame, its branches and foliage thick and shadowed. In the upper left, a lighter, more distant tree stands against a pale, cloudy sky. The field is painted in broad strokes of green and yellow, with the creek rendered in textured, reflective blues and grays. The sky is a flat, light gray with no distinct clouds. The brushwork is visible throughout, with thick, impasto strokes defining the tree and creek, while the field and sky are rendered with more blended, less defined strokes. The overall impression is one of a natural, rural landscape viewed from a low angle, with the creek as the central focus. The depth is suggested by the contrast between the sharply defined foreground elements and the softer, more distant background."
Northern_Renaissance/albrecht-durer_triumphal-arch-1526.jpg,"The artwork depicts a large, ornate structure centered in the frame, resembling a monumental architectural facade or altar. It is composed of multiple vertical sections, each densely covered with intricate carvings, reliefs, and decorative elements. The central portion rises higher than the flanking sections and is crowned with a domed top, which contains sculpted figures and inscriptions. The entire structure is symmetrically arranged, with identical vertical panels on either side of a central archway. The archway is framed by columns and carved details, leading into a dark, recessed interior space. The base of the structure is wide and flat, with a series of rectangular panels arranged horizontally along the bottom edge. The entire composition is rendered in monochrome, with varying shades of gray, suggesting a detailed engraving or etching. The depth of the image is uneven, with the central structure appearing to recede into the background, while the foreground elements, such as the base and the lower portions of the panels, are more prominent. The surface texture appears to be highly detailed, with fine lines and patterns indicating carved stone or wood. The overall impression is one of grandeur and complexity, with no visible figures or human presence within the structure itself."
Pop_Art/roy-lichtenstein_collage-for-reflections-on-hair-1989(1).jpg,"The artwork shows a poster-like image with bold, stylized elements. Central to the composition is a vertical strip of dark, solid color, flanked on both sides by areas of high-contrast, patterned shapes. On the left, there is a large, curved yellow form with black outlines, resembling hair or a stylized shape, set against a background of red and white halftone dots. On the right, a similar yellow form appears, also outlined in black, with a more abstract, swirling quality. Between these two yellow forms, a vertical strip of dark brown or black runs down the center, with a thin, lighter vertical line to its right. The entire image is framed by a border of small, evenly spaced blue dots. The background behind the central elements is composed of alternating bands of red halftone dots and white, with some diagonal black-and-white striped areas. The depth of the image is varied, with the central dark strip appearing closest, while the surrounding areas, especially the yellow forms and the halftone patterns, recede into the background. The colors are flat and graphic, with no soft transitions or naturalistic lighting. The textures are defined by the halftone dot patterns and the sharp, outlined shapes, giving the image a printed, poster-like quality. The overall impression is one of layered, abstract forms with strong visual contrast."
Baroque/hendrick-terbrugghen_the-singing-lute-player-1624.jpg,"A man, shown in a close-up view, is depicted holding a stringed instrument with a rounded body and a fretted neck. He wears a dark, wide-brimmed hat with a prominent, fluffy, light-colored feather or trim on the left side. His head is tilted slightly upward and to his right, his mouth is open as if singing or shouting, and his eyes are directed toward the upper right. His right hand is positioned on the instrument’s neck near the tuning pegs, while his left hand is on the body of the instrument, near the circular soundhole. He is dressed in a dark outer garment with a high collar and a white, ruffled shirt visible at the neck and under the sleeves. The background is a flat, dark, neutral tone, with no discernible objects or architectural features. The lighting is focused on the man’s face and the instrument, creating strong contrast with the shadowed areas. The texture of the clothing and the instrument’s wood is rendered with visible brushwork, suggesting a painterly surface. The depth of the image is shallow, with the man and the instrument sharply defined in the foreground, while the background recedes into darkness. The overall composition is centered on the figure, with the instrument extending diagonally from the lower left to the upper right."
High_Renaissance/luca-signorelli_the-last-judgment-the-right-part-of-the-composition-the-damned-consigned-to-hell-the-left-part-1502.jpg,"The artwork shows a large, arched interior space with painted walls and ceiling, dominated by a central window and flanked by elaborate frescoes. Below, a stone altar with sculpted figures and decorative elements occupies the foreground. The frescoes depict numerous angelic and human figures in dynamic poses, some flying, others standing or falling, set against golden and dark backgrounds. The central window is tall and narrow, with a black, grid-patterned interior, framed by painted figures and ornate borders. The altar in the foreground is made of stone and features small sculpted heads and columns, with a central arrangement of golden, stick-like objects. The overall scene is enclosed by a decorative archway with repeating patterns and small circular images along its edges. The colors are mostly muted, with dominant tones of gray, tan, and dark slate gray, and the painted surfaces show signs of age and wear. The depth of the scene is varied, with the altar closest to the viewer, the window in the center, and the frescoes receding into the background, creating a sense of spatial hierarchy. The figures in the frescoes are arranged in groups, with some appearing to move toward or away from the center, and the altar’s sculptures are positioned symmetrically around its central axis. The lighting is diffuse, with no strong directional light source, and the textures are mostly flat, with the exception of the altar’s stone surfaces and the painted surfaces, which show visible wear and discoloration."
Romanticism/paul-cezanne_the-negro-scipio-1867.jpg,"A bare, muscular figure sits on a wooden stool, bent forward with their head resting on a white pillow. Their arms are draped over the pillow, and their body is angled away from the viewer, showing the back and side. The figure’s skin is rendered in dark, earthy tones, with visible texture and rough brushwork. The pillow is positioned directly in front of them, and the figure’s legs are wrapped around it, with their feet resting on the stool. The stool is simple, with a visible wooden frame and legs. The background is dark and indistinct, with no other objects or figures visible. The lighting is dim, with a single source illuminating the figure’s back and the pillow, casting deep shadows. The colors are dominated by dark olive green, burlywood, and black, with the white pillow providing a stark contrast. The texture of the painting is rough and expressive, with visible brushstrokes and a sense of physicality in the depiction of the figure’s form. The depth of the image is shallow, with the figure and the stool in the foreground, and the background receding into darkness. The figure’s posture suggests a state of exhaustion or despair, with their body hunched and their head lowered. The overall composition is centered on the figure, with the pillow and stool forming a focal point. The painting is not a realistic depiction, but rather a stylized, expressive representation of the figure’s form and posture. The figure’s face is not visible, and their hands are not clearly defined, but their body language suggests a sense of vulnerability or surrender. The painting is not a portrait, but rather a study of the human form in a state of physical and emotional distress. The figure’s skin is not smooth, but rather textured and rough, with visible brushstrokes and a sense of physicality. The painting is not a realistic depiction, but rather a stylized, expressive representation of the figure’s form and posture. The figure’s posture suggests a state of exhaustion or despair, with their body hunched and their head lowered. The overall composition is centered on the figure, with the pillow and stool forming a focal point. The painting is not a realistic depiction, but rather a stylized, expressive representation of the figure’s form and posture. The figure’s skin is not smooth, but rather textured and rough, with visible brushstrokes and a sense of physicality. The painting is not a realistic depiction, but rather a stylized, expressive representation of the figure’s form and posture. The figure’s posture suggests a state of exhaustion or despair, with their body hunched and their head lowered. The overall composition is centered on the figure, with the pillow and stool forming a focal point. The painting is not a realistic depiction, but rather a stylized, expressive representation of the figure’s form and posture. The figure’s skin is not smooth, but rather textured and rough, with visible brushstrokes and a sense of physicality. The painting is not a realistic depiction, but rather a stylized, expressive representation of the figure’s form and posture. The figure’s posture suggests a state of exhaustion or despair, with their body hunched and their head lowered. The overall composition is centered on the figure, with the pillow and stool forming a focal point. The painting is not a realistic depiction, but rather a stylized, expressive representation of the figure’s form and posture. The figure’s skin is not smooth, but rather textured and rough, with visible brushstrokes and a sense of physicality. The painting is not a realistic depiction, but rather a stylized, expressive representation of the figure’s form and posture. The figure’s posture suggests a state of exhaustion or despair, with their body hunched and their head lowered. The overall composition is centered on the figure, with the pillow and stool forming a focal point. The painting is not a realistic depiction, but rather a stylized, expressive representation of the figure’s form and posture. The figure’s skin is not smooth, but rather textured and rough, with visible brushstrokes and a sense of physicality. The painting is not a realistic depiction, but rather a stylized, expressive representation of the figure’s form and posture. The figure’s posture suggests a state of exhaustion or despair, with their body hunched and their head lowered. The overall composition is centered on the figure, with the pillow and stool forming a focal point. The painting is not a realistic depiction, but rather a stylized, expressive representation of the figure’s form and posture. The figure’s skin is not smooth, but rather textured and rough, with visible brushstrokes and a sense of physicality. The painting is not a realistic depiction, but rather a stylized, expressive representation of the figure’s form and posture. The figure’s posture suggests a state of exhaustion or despair, with their body hunched and their head lowered. The overall composition is centered on the figure, with the pillow and stool forming a focal point. The painting is not a realistic depiction, but rather a styl"
Ukiyo_e/utagawa-kuniyoshi_osho-catching-a-carp.jpg,"A man, bare-chested and wearing loose red trousers, is kneeling on a frozen surface in a snowy landscape. He is reaching forward with his right hand toward a fish that is leaping out of the water, its body arched and tail flared. To his left, on the ice, lies a dark, folded garment on a yellowish mat. Behind him, the scene is dominated by snow-covered trees and a few small, thatched-roof buildings nestled in the distance. The sky is dark, and the trees are heavily laden with snow, their branches stark against the night. The entire scene is rendered in a flat, stylized manner with bold outlines and limited color, using shades of dark slate gray, rosy brown, and wheat-colored snow. The man’s posture is dynamic, his body leaning forward with an expression of effort or surprise. The fish is depicted mid-air, its motion suggested by lines radiating from the point of impact on the ice. The composition places the man and the fish in the center foreground, with the snowy trees and distant buildings receding into the background. The depth of the scene is suggested by the layering of elements, with the man and the fish closest to the viewer, the ice and snow-covered ground in the mid-ground, and the trees and buildings farthest away. The image has a textured surface, consistent with a printed woodblock style, and the edges of the image are framed by a thin border."
Abstract_Expressionism/sam-francis_untitled-sf220s-1976.jpg,"The artwork shows an abstract composition centered on a large, dark, angular shape that appears to be a triangle or a stylized letterform, set against a background of splattered and smeared colors. The central form is surrounded by chaotic bursts of purple, red, and dark tones, with lighter, almost white areas suggesting a base or canvas. The overall impression is one of energetic, unstructured movement.

The central dark shape dominates the center of the image, with its edges irregular and partially obscured by surrounding marks. Around it, the colors are scattered in dense clusters and thin streaks, suggesting a spray or drip effect. The composition lacks clear foreground or background separation; the entire surface appears to be a single plane, with no distinct spatial depth cues beyond the implied texture of the paint. The dark shape appears to be the only element with any structural definition, while the rest of the image is filled with fragmented color fields.

The visual qualities are dominated by texture and color. The surface appears to be a printed or reproduced image, with a grainy, slightly uneven quality. The colors are mostly muted, with deep purples, dark reds, and blacks, contrasted against a pale, off-white background. The paint-like marks suggest a wet, fluid application, with some areas appearing to have dried and cracked or smudged. The overall effect is one of chaotic energy, with no clear focal point beyond the central dark form."
Romanticism/caspar-david-friedrich_boy-sleeping-on-a-grave.jpg,"A man lies on his back in a field of grass and weeds, his body angled slightly to the right. To his left stands a tall, simple cross with a wreath at its base. A small insect, possibly a butterfly, is visible near the cross, hovering just above the grass. The man’s head is turned toward the cross, and his arms are positioned loosely across his chest. The ground beneath him is uneven and covered with vegetation. The background consists of a flat, open sky with faint horizontal lines suggesting clouds or distant terrain. The entire scene is rendered in monochrome, with fine lines and cross-hatching indicating texture and depth. The cross is positioned in the left portion of the frame, while the man occupies the center and lower half. The insect is near the cross, slightly above the grass level. The grass and weeds are dense around the man’s body, and the sky fills the upper portion of the image. The depth of the scene is varied, with the man and cross appearing closer, while the background is significantly farther away. The image has a flat, two-dimensional quality, with no strong sense of light or shadow, and the textures are rendered through line work rather than color."
High_Renaissance/michelangelo_study-of-christ-on-the-cross-between-the-virgin-and-st-john-the-evangelist-1556.jpg,"A central figure is depicted nailed to a cross, with arms outstretched horizontally and legs vertical, positioned against a plain background. To the left and right of the central figure, two other figures stand on the ground, each facing the central figure. The figure on the left appears to be leaning forward, with one hand near the central figure’s leg. The figure on the right stands with arms slightly bent, facing the central figure. The cross is positioned at the top center of the image, with its vertical beam extending downward and its horizontal beam extending left and right. The entire scene is rendered in monochrome tones, primarily consisting of gray, tan, and antique white. The surface appears to be paper or parchment, with visible texture and some dark smudges or stains. The depth of the image is mostly far, with the central figure and the cross appearing to be the most prominent elements, while the surrounding figures and background are less distinct. The overall composition suggests a static, solemn scene with no clear foreground or background separation."
Baroque/rembrandt_a-woman-weeping.jpg,"A woman is shown in the center of the painting, her head tilted downward and to her right, her gaze directed away from the viewer. Her right hand is raised to her face, fingers near her mouth and cheek, suggesting a gesture of contemplation or sorrow. Her hair is dark and pulled back, with a light-colored veil or cloth draped over her head and shoulders. She wears a garment with a visible red or deep brown sleeve on her right arm, and a darker, possibly black, undergarment or bodice beneath. The background is dark and indistinct, with no clear objects or architectural features. The lighting is soft and focused on her face and upper body, with shadows falling across her neck and shoulders. The colors are muted, dominated by earth tones: sienna, burlywood, and saddlebrown. The brushwork is visible, with textured strokes, especially around the face and hands, suggesting a tactile quality to the surface. The depth of the image is shallow, with the woman’s face and upper body appearing closest to the viewer, while the background recedes into darkness. The overall impression is one of quiet introspection, with the woman’s posture and the subdued palette reinforcing a sense of stillness."
Romanticism/gustave-dore_saturn.jpg,"The artwork depicts a vast, luminous staircase ascending into a bright, cloud-filled sky, flanked by dense, swirling clouds. A long procession of figures, all with wings, moves upward along the stairs, their forms rendered in light tones that contrast with the darker, textured clouds surrounding them. At the bottom of the composition, two figures stand facing the staircase, their backs to the viewer, appearing small in comparison to the towering ascent above. The entire scene is rendered in grayscale, with strong contrasts between the bright light emanating from the top of the stairs and the shadowed, heavily textured clouds that frame the image. The depth is emphasized by the perspective of the staircase receding into the distance, with the figures on the stairs appearing progressively smaller and more distant. The two figures at the bottom are positioned centrally in the lower portion of the image, with the staircase and procession extending upward and outward from them, dominating the center and upper half of the frame. The clouds are rendered with fine, repetitive lines, creating a sense of texture and movement, while the figures on the stairs are depicted with less detail, appearing as silhouettes or faint forms against the light. The overall impression is one of scale and distance, with the viewer’s perspective anchored at the base of the staircase, looking up toward the radiant, unreachable height."
Romanticism/william-turner_louth-lincolnshire.jpg,"The artwork depicts a bustling street scene under a dramatic, cloudy sky. In the center background stands a tall, pointed church spire, flanked by other buildings with red-tiled roofs and dark windows. The foreground and midground are filled with a dense crowd of people, mostly dressed in dark, period clothing, moving in various directions. Some individuals appear to be walking, while others are gathered in small groups. A white horse is visible on the right side of the scene, being led by a person. The ground is unpaved and uneven, with scattered objects and a small dog near the center-left. The sky is painted in heavy, swirling clouds with a warm, orange glow near the horizon, contrasting with the cooler, darker tones of the buildings and figures. The overall impression is one of crowded, active life, with the church spire serving as a dominant vertical element. The depth of the scene is varied, with the crowd and buildings appearing in multiple planes, from the immediate foreground to the distant spire. The colors are mostly muted, with dominant shades of dark gray, brown, and red, punctuated by the bright white of the horse and the warm glow in the sky."
Art_Nouveau_Modern/raphael-kirchner_lulu.jpg,"A nude figure hangs upside down from a swing suspended by ropes, positioned in the upper right portion of the image. The figure’s body is oriented with the head tilted back and the legs dangling downward, wearing long, dark blue stockings. Below, to the right, a small figure in a red outfit sits on a white stool, holding a white object that appears to be a hat or cap. The background is a flat, light-colored surface, with no other objects or figures visible. The swing’s ropes extend upward and out of the frame, suggesting they are anchored above. The overall color palette is muted, dominated by pale, off-white tones with the dark blue of the stockings and the red of the seated figure providing contrast. The depth of the image is mostly far, with the background appearing flat and the figures positioned at varying distances, but the foreground elements are not sharply defined."
Romanticism/dante-gabriel-rossetti_the-virgin-mary-being-comforted-1852.jpg,"The artwork depicts a group of three figures in a dimly lit, columned interior. A woman stands in the center, her head tilted slightly upward, her hands clasped in front of her. To her left, another woman leans forward, her hands gripping the central figure’s arms, while a third woman stands to the right, also holding the central figure’s arms. All three figures wear long, flowing robes and head coverings. In the background, to the left, two men are visible, one with his hands clasped and the other with his head bowed. To the right, a large pillar stands, and behind it, a carved relief or illustration is partially visible. The floor is tiled, and the overall scene is rendered in monochrome, with shading suggesting depth and form. The figures are arranged in a tight cluster, with the central figure as the focal point, surrounded by the other two. The background is less detailed, with figures and architectural elements receding into shadow. The image is rendered in a sketch-like style, with visible lines and textures suggesting pencil or charcoal. The depth of the scene is varied, with the central figures appearing closer and the background elements receding into shadow. The lighting is subdued, with no strong highlights, and the overall tone is somber and muted."
Romanticism/gustave-dore_abishai-saves-david-s-life.jpg,"A group of people is crowded into a small boat, navigating turbulent, foamy water. The boat is centered in the lower half of the image, surrounded by churning waves that fill the foreground and midground. Above, the sky is dark and filled with clouds, and three birds are visible in flight near the top center. The figures in the boat are tightly packed, with some leaning forward, others reaching out, and one figure in the center appears to be holding or shielding another. Their clothing is draped and flowing, suggesting movement and struggle. The entire scene is rendered in shades of dark gray and black, with no bright colors, and the texture is detailed with fine lines that suggest the roughness of water, fabric, and the chaotic motion of the scene. The boat is positioned in the center, with the figures clustered around it, and the water surrounds it on all sides. The birds are far above, near the top edge of the image. The depth of the scene is varied, with the boat and figures closest to the viewer, the water behind them, and the sky and birds farthest away."
Minimalism/robert-ryman_untitled-from-six-aquatints-1975.jpg,"A square, centered in the frame, occupies the middle of the image. The square is a flat, uniform shape with no discernible texture, detail, or variation in its surface. It is set against a background that is a solid, even color, matching the tone of the square’s edges. The entire composition is composed of a single, unbroken field of color, with no objects, figures, or spatial elements beyond the square and its surrounding area. The square appears to be the only element with any defined form, and it is positioned directly in the center of the image. The background is consistent in color and texture, with no depth cues or variation in surface. The square’s edges are sharp and well-defined, and it does not appear to be attached to or embedded in any other surface. The overall impression is one of a simple, flat, geometric form against a uniform backdrop."
Baroque/annibale-carracci_the-butcher-s-shop.jpg,"Two men stand in a dimly lit butchery, surrounded by hanging animal carcasses. One man, on the left, wears a reddish-brown shirt and a white apron, holding a large knife and looking down at it. The other man, on the right, wears a white tunic, green leggings, and a dark hat, holding a knife in his right hand and a tool in his left, facing slightly toward the viewer. To the right, a large, skinned animal hangs from a hook, its head and neck visible. To the left, a large, partially skinned carcass hangs from a hook, its ribs and flesh exposed. Above them, several more carcasses hang from hooks along a wooden beam. The floor is dark and uneven, with a small, severed animal head lying near the bottom right corner. The walls are rough and dark, with no visible windows or light sources. The overall color palette is dominated by dark grays, browns, and muted reds, with the white aprons and tunic standing out against the shadows. The scene is tightly framed, with the figures and hanging meat occupying most of the space, and the depth is shallow, with most of the image appearing close to the viewer."
Post_Impressionism/paul-cezanne_the-drinker-1891.jpg,"A man wearing a dark hat sits at a table, his right hand resting near his mouth with a cigarette held between his fingers. He is dressed in a dark coat over a light-colored shirt and tie. To his left, on the table, is a dark bottle and a small orange fruit. The table is light in color and has a visible drawer. The background is a solid, warm brown. The man’s posture is slumped slightly, and his head is tilted, with his gaze directed toward the viewer. The painting uses thick, visible brushstrokes, and the colors are dominated by dark browns, blacks, and muted grays. The table and the man’s clothing are in the foreground, while the background is flat and indistinct. The bottle and fruit are positioned on the left side of the table, near the edge. The man’s hat sits on his head, and the cigarette is near his lips. The overall impression is one of stillness, with the man appearing contemplative or weary. The depth of the image is shallow, with the man and table appearing closest to the viewer, and the background receding into a flat, unbroken surface."
Romanticism/gustave-dore_the-childhood-of-gargantua.jpg,"The artwork depicts a group of figures in an interior space, with a central figure of a large, stout woman wearing a blue headdress and a red garment, holding a sword. To her right, another woman in a blue robe kneels, her hands clasped. Behind them, a third figure, also large and wearing a headdress, leans forward with a smiling expression. Around them, smaller figures in various colored robes are scattered, some standing, some kneeling, and a few appear to be children. In the bottom left corner, a small animal, possibly a dog, is visible near a figure who appears to be a child. The background shows a large, ornate fireplace or architectural feature, and to the far right, a dark, shadowy figure stands in the distance. The floor is littered with scattered objects, including what appears to be a book or scroll. The overall scene is rendered with soft, muted tones, primarily in shades of tan, gray, and dark olive green, with the blue and red garments providing contrast. The lighting is diffuse, with no strong directional light source, and the textures suggest a watercolor or similar medium, with visible brushwork and smudged areas. The depth of the scene is varied, with the central figures appearing closest, while the background and distant figures recede into shadow."
Symbolism/gustave-moreau_arabian-poet-persian-1886.jpg,"A large, winged figure, appearing as an angel, dominates the upper left portion of the scene, its wings spread wide and colored in red and blue. Below it, a man in ornate, dark clothing rides a dark horse, positioned slightly to the right of center. The horse is shown in motion, with its head lowered and legs extended forward. To the right of the man, a sword with a golden hilt is visible, held upright. The background features a dim, twilight sky with a large, pale circular shape, likely the moon, positioned in the upper right. The foreground includes rocky ground and sparse vegetation on the left, with a small, dark bird or creature visible near the lower right corner. The overall color palette is dominated by dark gray, slate gray, and dim gray tones, with the angel’s wings providing the only significant color contrast. The textures suggest a painted surface with visible brushwork, particularly in the sky and foliage. The depth of the scene is varied, with the horse and rider appearing closest to the viewer, while the angel and distant landscape recede into the background."
Romanticism/karl-bodmer_capture-of-the-daughters-of-d-boone-and-callaway-by-the-indians-1852.jpg,"A small boat floats on dark water, surrounded by dense, shadowy trees and thick undergrowth. Inside the boat, three women are seated, their bodies angled toward the right side of the frame. One woman, positioned toward the center, has her hands raised to her head, as if shielding her eyes or in distress. To her right, another woman reaches out with her arms extended, her gaze fixed upward. A third woman, partially obscured, lies on the right side of the boat, her body slumped and her head turned away. On the left side of the image, partially hidden in the reeds, a man stands with a long pole or paddle in his hand, his face turned toward the boat. Another figure, also partially submerged, is visible near the water’s edge to the left, with only the top of their head and shoulders showing. The water surface reflects faint light, and the overall scene is rendered in dark, muted tones, with deep shadows and areas of high contrast. The boat appears to be made of wood, and the surrounding vegetation is dense and tangled. The depth of the scene is layered, with the boat and figures in the foreground, the water and reeds in the midground, and the towering trees forming a dark, enclosing background. The image is monochromatic, using shades of black, gray, and white to create a sense of tension and mystery."
Symbolism/alfred-kubin_black-mass-1905.jpg,"A group of figures stands in a line, facing forward, in a dark, indistinct space. They are dressed in long, dark robes and hold tall, slender objects that appear to be staffs or spears. The figures are arranged in a tight, uniform formation, with their heads and upper bodies visible, though their features are not detailed. The ground beneath them is flat and textured, suggesting a barren or desolate landscape. The background is a swirling, shadowy mass, with no clear horizon or structure. The entire scene is rendered in shades of gray, black, and dark olive green, with no bright or contrasting colors. The figures appear to be standing still, with no visible movement or interaction. The depth of the image is shallow, with the figures positioned in the mid-ground, and the background fading into obscurity. The foreground is a flat, textured surface, with no distinct objects or features. The overall impression is one of solemnity and stillness, with the figures appearing as a unified, silent group."
Baroque/adriaen-brouwer_interior-with-smokers-1632.jpg,"The painting shows a dimly lit interior where several figures are gathered around a table. In the center, a man sits at the table, his head tilted back as if speaking or reacting to someone. To his left, another man is seated, leaning forward with his hand near his mouth, appearing to eat or drink from a bowl on the table. To the right, a third figure is bent over, seated on a wooden stool, with their back to the viewer, their clothing appearing loose and stained. Behind them, two more figures stand near a doorway or alcove, partially obscured by shadow. A small table with a shelf holding indistinct objects is visible to the left, and a large, dark ceramic jug rests on the floor in the foreground. The room is dark, with light focused on the central figures, casting deep shadows around them. The walls are rough and unadorned, and the floor is uneven. The overall color palette is dominated by dark olive green, black, and muted brown tones, with the light source creating a stark contrast between illuminated areas and deep shadow. The textures suggest rough surfaces, worn wood, and coarse fabric. The depth of the scene is shallow, with most of the image’s visual weight concentrated in the foreground and center, where the figures are most clearly defined."
Baroque/diego-velazquez_prince-balthasar-carlos-on-horseback-1635.jpg,"A young child sits atop a horse, which is rearing up with its front legs lifted. The child wears a wide-brimmed black hat and a colorful, ornate outfit with a pink sash and gold-trimmed sleeves. The child holds a long, slender stick in one hand. The horse has dark, flowing mane and tail, and its body is mostly dark brown with lighter underbelly. The background shows a landscape with rolling hills, distant mountains, and a sky filled with clouds in shades of dark green and blue. The ground beneath the horse is dark and appears to be earth or dirt. The composition centers on the child and horse, with the background receding into distance. The horse’s position and the child’s posture suggest motion or a moment of action. The colors are rich but muted, with dominant dark tones and a contrast between the child’s bright sash and the somber surroundings. The textures appear painterly, with visible brushwork and blending, especially in the sky and landscape. The horse’s mane and tail are rendered with dynamic, flowing strokes, while the child’s clothing shows detailed, layered textures. The lighting is diffuse, with no strong directional light source, and the overall image has a slightly aged, textured appearance."
Symbolism/james-tissot_the-seven-trumpets-of-jericho.jpg,"The artwork depicts a group of figures in white robes moving along a path beside ancient stone walls. On the left, several figures in white robes stand in a line, some holding large, curved instruments resembling horns or trumpets. To their right, a group of figures carries a large, ornate wooden structure, possibly a chest or altar, across their shoulders. Behind them, the stone walls rise, showing signs of age and weathering, with a distant hillside visible under a pale sky. In the far right background, a crowd of smaller figures can be seen, suggesting a gathering or procession. The foreground is uneven and rocky, with no clear right angle. The overall color palette is muted, dominated by grays and whites, with no strong contrast or bright hues. The brushwork appears loose and impressionistic, with visible texture and blending, especially in the sky and walls. The figures are rendered with soft edges and lack fine detail, suggesting a focus on form and movement rather than realism. The depth of the scene is varied, with the central figures and the stone walls appearing mid-distance, while the foreground and background elements are less defined. The composition suggests a procession or ceremonial event, with the figures moving from left to right across the frame."
Art_Nouveau_Modern/raphael-kirchner_medallion-1916.jpg,"A woman stands centered in the image, wearing a full, layered white gown that extends outward in a wide, circular shape. Her head is turned slightly to her right, and she wears a light-colored bonnet on her head. Her right hand is raised near her chest, holding a small, dark object that appears to be a ring or a similar item. The background is a flat, uniform tan color, with no other objects or figures present. The gown’s texture suggests multiple layers of fabric, and the overall image has a soft, faded quality with muted tones. The depth of the image is mostly far, with the figure appearing to be the only element in focus, and the background receding into a uniform, unbroken plane. The lighting is even and diffuse, with no strong shadows or highlights, contributing to a flat, two-dimensional appearance. The image has a vintage, postcard-like quality, with visible signs of aging and a watermark across the center."
Romanticism/eugene-delacroix_study-of-flowers-1850(1).jpg,"The artwork shows a botanical study with several plant elements arranged on a plain, off-white background. In the upper right corner, a single yellow flower with a dark center is depicted. To its left, a tall, slender stem rises from the lower left, topped by a closed, reddish-brown bud. Below this stem, a cluster of gray-green, leafy forms is drawn with loose, sketchy lines. In the lower right, a small, dark green plant with a few pointed leaves is shown, and near it, a circular, cross-section-like image of a flower with a dark center and reddish outer rings is visible. The entire composition is rendered in muted tones of light gray, tan, and sienna, with minimal shading or texture. The background is uniformly light and unadorned, suggesting a study sheet. The depth of the image is mostly far, with most elements appearing flat and evenly spaced, lacking strong foreground or background separation."
Post_Impressionism/gustave-loiseau_by-the-eure-river-in-autumn.jpg,"The artwork depicts a river flowing through a landscape with trees on both sides. The water occupies the lower portion of the image, reflecting the sky and surrounding foliage. Trees are visible along the banks, with one prominent cluster in the center-right and another smaller one in the bottom left. The sky above is filled with clouds, rendered in soft, blended tones of blue and white. The overall impression is one of a natural, tranquil scene. The brushwork is loose and textured, with visible strokes that suggest movement in the water and foliage. The colors are predominantly muted greens, blues, and grays, with some warmer tones in the foliage and reflections. The depth of the scene is varied, with the foreground showing the water and near trees, the midground containing the river and distant trees, and the background consisting of the sky and faintly visible distant land. The composition is balanced, with the river leading the eye toward the center, where the trees are most dense. The painting does not feature any human figures or animals."
Early_Renaissance/filippo-lippi_birth-and-naming-st-john-1465.jpg,"The artwork depicts a scene inside a room with an arched ceiling, divided into two distinct areas by a central doorway. On the left, a woman in a red garment stands near a coffin, holding a small child. Another woman kneels beside her, reaching toward the child. To the right, a woman in a green dress sits on the floor, holding a small figure. Behind them, a figure sits on a bed, with a halo around their head, and another figure stands nearby. The room has pillars and arches, with a red patterned ceiling above the doorway. The overall color palette is muted, with dark olive green, gray, and silver tones. The depth of the scene is varied, with the foreground elements appearing closer and the background elements receding into the distance. The figures are positioned in a way that suggests a moment of quiet interaction or ceremony."
High_Renaissance/michelangelo_st-proculus-1494.jpg,"A standing male figure, carved from light-colored stone, occupies the center of the image. He is depicted in a dynamic pose, with his left hand gripping a draped garment that falls over his right shoulder and arm, while his right hand holds a small, round object. His legs are positioned with one foot slightly forward, and he stands on a small, cylindrical stone base. The figure’s head is turned slightly to his left, with a direct, intense gaze. Behind him, the background consists of ornate, carved stone architecture, including a decorative frieze with repeating patterns and a series of scalloped, shell-like motifs on the wall to his right. The figure’s clothing is rendered with folds and texture, suggesting fabric, and includes a short tunic with a belt and knee-length shorts. The overall surface of the sculpture is weathered, with visible signs of aging and minor damage. The lighting is even, casting soft shadows that define the contours of the figure and the surrounding architecture. The color palette is monochromatic, dominated by light gray and subtle rosy-brown tones, with no strong contrast or vivid hues. The depth of the image is varied, with the figure and his base appearing closest to the viewer, while the background elements recede into the distance, creating a sense of spatial separation."
Northern_Renaissance/albrecht-durer_the-harrowing-of-hell-or-christ-in-limbo-from-the-large-passion-1510.jpg,"The artwork depicts a dramatic, crowded interior scene with multiple figures and monstrous creatures. In the center, a man with a muscular, bare torso and curly hair kneels, his body angled toward the right, his right hand reaching forward as if grasping or pushing something. To his left, another man stands, also bare-chested, with a long beard and muscular build, holding a long pole or staff vertically. Behind him, a group of smaller figures, including children, are clustered, some with hands clasped or raised. To the right, a figure in dark, flowing robes is partially obscured, with a hood or cloak covering their head. Above and around them, grotesque, winged creatures with sharp teeth and claws loom, one appearing to descend from the upper left, another emerging from a dark opening on the right. The scene is framed by a large, arched stone doorway or opening in the background, which is dark and empty. The floor is littered with broken objects, including what appear to be shattered glass, scattered papers, and a small, broken box. The entire composition is rendered in monochrome, with varying shades of gray, suggesting a stone or wood texture in the architecture and rough, detailed linework in the figures and creatures. The lighting is stark, with a bright, almost blinding glow emanating from the central figure’s direction, casting strong shadows and emphasizing the depth of the scene. The depth is uneven, with the central figures and the foreground objects appearing closest, while the background arch and the upper creatures recede into shadow. The overall impression is one of intense, chaotic energy, with figures and objects arranged in a way that suggests movement and confrontation."
Pop_Art/marjorie-strider_rosemarie-s-bag-1973.jpg,"A black handbag lies flat on a light gray surface. It has a strap attached to its left side and a zipper running along its top edge. A large, irregularly shaped blue object, resembling a blob or a stylized cloud, is positioned in the foreground, partially overlapping the lower right side of the handbag. The handbag appears to be made of a smooth, dark material, and the blue object has a matte finish with no visible texture. The background is a uniform light gray, with no other objects or details present. The handbag and the blue object are the only elements in the composition, and they are centered in the frame. The lighting is even, with no strong shadows or highlights, and the surface appears flat and untextured. The depth of the image is shallow, with the handbag and the blue object appearing to be on the same plane, and the background receding into a uniform, unbroken field."
Realism/vincent-van-gogh_woman-with-shawl-over-her-hair-head-1883.jpg,"A woman is depicted in profile, facing left, her head slightly lowered. She wears a dark, draped head covering that obscures her hair and falls over her shoulders. Her facial features are rendered with heavy shading, particularly around the eyes and mouth, suggesting a somber or weary expression. The image is monochromatic, composed of various shades of gray, from deep black to light gray, with no discernible color. The texture appears rough and grainy, consistent with a sketch or charcoal drawing. The woman occupies the center of the frame, with no other figures or objects visible. The background is dark and indistinct, blending into the figure’s form. The depth of the image is moderate, with the woman’s face and shoulders appearing closest to the viewer, while the background recedes into shadow. The overall impression is one of quiet intensity, with the focus entirely on the woman’s form and expression."
Art_Nouveau_Modern/wilhelm-kotarbinski_kiss-of-medusa.jpg,"A central figure, a woman with long, wild hair, dominates the image. She is shown from the chest up, her head tilted slightly upward and to the left, her gaze fixed forward. Her arms are raised, with one hand near her face and the other extended outward, as if in motion or defense. Her body is partially covered by a loose, textured garment that appears to be torn or flowing. Behind her, dark, swirling forms suggest a turbulent or chaotic background, with no clear boundaries between foreground and background. The figure’s face is detailed, with visible eyes, nose, and mouth, and her expression is intense. The image is rendered in grayscale, with varying shades of gray, from light to dark, creating contrast and depth. The texture of the figure’s hair and clothing appears rough and uneven, while the background is more abstract and indistinct. The overall composition is centered on the figure, with no other distinct objects or figures visible. The depth of the image is uneven, with the figure appearing to be in the mid-ground, while the background is more blurred and indistinct. The image is framed as a poster, with text at the bottom left and right corners."
Color_Field_Painting/morris-louis_vav-1960.jpg,"The artwork shows a large, central area of dark brown, bordered on its top and sides by a thin, glowing band of red and orange. This central shape is set against a flat, light tan background that fills the rest of the canvas. The brown area has a vertical texture, suggesting brushstrokes or a layered surface, and its edges are irregular and slightly blurred, especially where it meets the surrounding colors. The red-orange glow is brightest along the top edge and fades inward, creating a subtle halo effect. The overall composition is simple and abstract, with no figures, objects, or clear spatial relationships beyond the central mass and its border. The surface appears to be painted, with visible texture and depth, as indicated by the depth distribution data, which shows most of the image is in the near depth band, with a small portion in the far band. The colors are muted and earthy, with the brown and tan dominating, and the red-orange border providing a sharp contrast."
Realism/vladimir-makovsky_i-will-not-1892.jpg,"A woman and a child stand near a wooden doorway on the left, while a man stands to their right, facing them. The woman, with her head tilted upward and eyes wide, appears to be speaking or reacting to the man. Her left hand is extended toward the door frame. The child, positioned slightly in front of her and to the left, looks up at the man with an open mouth, as if in surprise or questioning. The man, with disheveled hair and a red scarf around his neck, leans slightly forward, his gaze directed at the woman and child. He holds a dark, crumpled object in his left hand. Behind them, the doorway is framed by dark wood, with blue and red signs visible on either side. To the right, a tall wooden fence extends into the background, and beyond that, buildings are faintly visible under a pale sky. The scene is lit by a soft, diffused light, with muted tones of dark gray, silver, and deep blue dominating the palette. The textures suggest rough fabric on the clothing and worn wood on the door and fence. The depth of the scene is varied, with the figures and door in the foreground, the fence and buildings receding into the background."
Realism/vincent-van-gogh_peasant-woman-with-shawl-over-her-head-seen-from-the-side-2-1885.jpg,"A woman stands in the center of the image, her body mostly obscured by a heavy, dark hood that covers her head and drapes down her back. Her face is partially visible, turned slightly to the left, with a neutral or subdued expression. She is wrapped in a thick, layered garment that appears to be a cloak or shawl, with folds and textures suggesting fabric. Her hands are clasped together in front of her, near her waist, and she holds a small, rounded object, possibly a child or a bundle, close to her chest. Her feet are bare or covered by simple, flat footwear, and she stands on a flat surface. The background is plain and light, with no distinct objects or features, and the entire scene is rendered in monochrome tones of gray and dark gray, with no visible color. The image has a sketch-like quality, with visible lines and shading that suggest a charcoal or pencil drawing. The depth of the image is shallow, with the woman appearing to be the only figure in focus, and the background fading into a flat, indistinct space. The overall impression is one of quiet solitude or contemplation."
Early_Renaissance/sandro-botticelli_st-dominic(1).jpg,"A man stands in an open field, his body angled slightly to the left, his head tilted back and upward as he raises his right arm toward the sky. He wears a long, flowing white garment beneath a heavy, dark cloak that drapes over his shoulders and extends to his feet. In his left hand, he holds a small, dark object, possibly a book or a scroll. Behind him, the landscape stretches into the distance, showing rolling hills and a faint horizon line. Above, the sky is painted with soft, muted tones of blue and gray, suggesting an overcast or twilight atmosphere. The ground beneath him is a flat, greenish-yellow field, with no other figures or objects nearby. The overall composition places the figure centrally, with the landscape receding behind him, and the sky occupying the upper portion of the image. The colors are subdued, dominated by dark gray, black, and olivedrab tones, with the white of the garment providing a stark contrast. The texture of the cloak appears heavy and matte, while the field has a flat, uniform surface. The depth of the scene is varied, with the figure in the mid-ground and the landscape receding into the distance, though no sharp depth cues are present."
Art_Nouveau_Modern/alexandre-benois_truffaldino-costume-design-for-goldoni-s-comedy-servant-of-two-masters(2).jpg,"A man stands in profile, facing left, wearing a patterned garment with green floral motifs on a light background, and a dark, striped head covering. He holds a long wooden bat diagonally across his body, resting it on his right shoulder, with the barrel pointing toward the upper left. His left hand is near his waist, gripping the bat’s handle. The figure’s clothing includes a long, loose-fitting robe with wide sleeves and matching trousers, both decorated with the same green pattern. His footwear is dark, with visible soles. The background is plain and light-colored, with no other objects or figures. The depth of the image is mostly far, with the figure appearing to be the only object in focus, and the background fading into a flat, untextured space. The colors are muted, dominated by the light background, the green patterns, and dark tones on the head covering and footwear. The surface of the bat appears smooth and wooden, while the fabric of the garment shows a slightly textured, possibly embroidered, surface."
Post_Impressionism/raoul-dufy_the-beach-and-pier-at-trouville-1905.jpg,"A large wooden pier extends from the left side into the sea, its structure made of thick vertical posts and horizontal beams, with a railing along the top. On the pier, a group of people stands close together, mostly facing away from the viewer toward the water. Below the pier, on the beach, a crowd of people is gathered, many holding large, striped umbrellas that are mostly pink and white with red stripes. The umbrellas are clustered in the lower left and center, with some individuals standing near them or walking away from them. To the right, a few people are scattered across the beach, some standing alone, others in small groups, with one person in a light-colored dress visible on the far right. The sea stretches across the middle of the image, appearing calm and blue, with a distant ship barely visible on the horizon. The sky above is light blue with faint, wispy clouds. The overall scene is bright, with the colors of the umbrellas and clothing contrasting against the blue of the sea and sky. The brushwork is visible, with thick, textured strokes, especially in the foreground and on the pier, suggesting a painterly style. The depth of the image is varied, with the pier and the people on it appearing closer, while the sea and sky recede into the distance. The beach area is filled with people and umbrellas, creating a sense of crowdedness and activity."
Baroque/gabriel-metsu_the-sick-girl-1659.jpg,"The painting shows two figures in a dimly lit interior. On the left, a person in dark clothing stands, their face mostly hidden as they cover their mouth and nose with a cloth. To the right, another person sits in a chair, leaning back against a large white pillow. This seated figure wears a white head covering and a white shawl over dark clothing, with their hands resting on their lap. The chair has a red fabric draped over its armrest. The background is dark and indistinct. The lighting is focused on the seated figure’s face and the pillow, while the standing figure is mostly in shadow. The overall impression is one of quiet, somber stillness. The colors are dominated by black, dark olive green, and white, with a small area of red. The textures suggest fabric, with the white pillow appearing soft and the clothing appearing heavy and worn. The depth is shallow, with most of the image in the near plane, and the figures are positioned close to the viewer."
Art_Nouveau_Modern/aubrey-beardsley_page-preceding-contents-list.jpg,"The artwork shows a full-length illustration of a figure in elaborate, flowing attire, standing in a central position. The figure wears a tall, dark hat with a feather, a heavily decorated garment with polka dots and ornamental patterns, and long, trailing fabric that drapes around the body. The figure’s right arm is raised, holding a large, ornate object that resembles a feathered umbrella or a ceremonial fan, while the left hand is extended outward with an open palm. The figure’s posture suggests movement or gesture, possibly in a theatrical or performative manner. The background is minimal, with no distinct objects or architectural elements, and the figure is surrounded by decorative, swirling patterns at the bottom of the image, which appear to be floral or vine-like motifs. The overall composition is centered on the figure, with no other subjects or objects in the frame. The image is rendered in black and white, with fine lines and shading that suggest texture and depth, though the depth distribution indicates that most of the image is far from the viewer, with only a small portion in the near plane. The figure’s clothing and accessories are detailed with intricate patterns, and the overall impression is one of stylized, theatrical presentation."
Realism/ferdinand-hodler_the-golden-meadow-1890.jpg,"The artwork depicts a natural landscape dominated by a single tree standing in the center-left of the composition, surrounded by tall grass that fills the foreground and extends into the midground. Behind the tree and the grass, a line of other trees and foliage forms a distant background under a pale, hazy sky. The tree has a slender trunk and branches that spread upward, with leaves rendered in patches of green and yellow, suggesting sunlight filtering through. The grass in the foreground is dense and textured, with some blades appearing to bend or sway, and small white flowers or seed heads are scattered throughout. The ground near the bottom of the image appears wet or muddy, with dark, reflective patches. The sky is a uniform pale yellowish-white, with no visible clouds. The painting’s surface shows visible brushstrokes and a cracked texture, indicating age. The colors are mostly muted greens, yellows, and grays, with the tree’s branches appearing dark against the lighter background. The overall impression is one of quiet, natural stillness."
Art_Nouveau_Modern/carl-larsson_brita-and-me-1895(1).jpg,"A man stands in the center of the image, wearing a dark jacket over a red vest and dark trousers, with brown shoes. He has a prominent mustache and is holding a small child on his shoulders. The child, dressed in dark clothing with a red bow in their hair, is smiling and has their arms around the man’s neck. The man’s arms are raised, one hand gripping the child’s legs, the other extended outward with an open palm. Behind them, a wooden wall with shelves and a framed picture on the right side is visible. A small doll sits on a shelf in the upper right corner. The floor is made of light-colored wood, and the overall scene is set indoors with warm, muted tones. The man’s posture suggests he is balancing the child, and the child appears to be enjoying the moment. The lighting is even, with no strong shadows, and the textures are soft, suggesting a painted surface. The depth of the image is varied, with the man and child in the foreground, the shelves and wall in the midground, and the doll and picture in the background. The composition is centered, with the man and child as the focal point."
Realism/ilya-repin_portrait-of-an-italian-woman.jpg,"A woman stands centered in the painting, facing forward. She is wrapped in a dark greenish fabric that drapes over her head and shoulders, with loose, textured edges. Her arms are crossed over her chest, and she wears a light-colored garment with visible embroidery or lace along the sleeves and neckline. A thick, bright red cord is worn around her neck, contrasting with the muted tones of her clothing. Her face is illuminated by a focused light source, highlighting her features against a very dark, almost black background. The fabric around her head appears to have a rough, possibly frayed texture, and the garment she wears has a soft, slightly translucent quality. The background is uniformly dark, with no discernible objects or spatial depth beyond the figure. The lighting creates a strong contrast, emphasizing the woman’s form and the textures of her clothing, while the surrounding area remains shadowed. The overall impression is one of stillness and focus on the subject."
Romanticism/edwin-henry-landseer_not-detected-274943.jpg,"A large bird, likely an eagle, dominates the left side of the scene, its wings spread wide and body angled downward as if in mid-air attack or flight. Its talons appear to be gripping or striking another bird, which is smaller and partially obscured, with its wings splayed and body twisted in a dynamic, chaotic pose. The sky fills the upper half of the image, rendered in a turbulent mix of dark gray, dim gray, and muted purples, suggesting a stormy or overcast atmosphere. In the lower right corner, a figure on horseback is visible, positioned on a barren, uneven ground that appears to be sand or dry earth. The horse is white or light-colored, and the rider is partially obscured, wearing what appears to be a dark cloak or garment. The ground is rough and textured, with visible ridges and depressions, and the horizon line is low, suggesting an open, possibly coastal or desert landscape. The overall impression is one of motion and tension, with the bird’s action commanding the viewer’s attention. The painting’s surface has a rough, textured quality, with visible brushwork and a lack of fine detail, especially in the background and distant elements. The lighting is diffuse, with no strong directional light source, and the colors are muted and earthy, dominated by grays, browns, and dull purples, contributing to a somber and dramatic mood."
Early_Renaissance/pietro-perugino_the-adoration-of-the-magi-1473.jpg,"The artwork depicts a nativity scene set in a rustic stable or barn-like structure, with a group of figures gathered around a central figure holding a child. To the right, a woman in a dark blue robe with a red undergarment sits, cradling a small child who is barefoot and nude, both with halos. Beside her, an older man with a white beard and a staff stands, also with a halo. To the left, a group of men in elaborate, colorful robes and headwear stands in a semi-circle, some holding objects like a chalice or a small container. One man in a red robe kneels on the ground, facing the central figures. Behind the central figures, a large wooden structure with exposed beams and pillars forms the foreground of the stable. A cow’s head is visible behind a woven basket, and a tree stands in the background. The sky above is dark with a radiant star emitting light rays, and the landscape beyond includes hills, trees, and distant mountains. The figures are arranged in a way that draws attention to the central figures, with the kneeling man and the group on the left creating a sense of depth and focus. The colors are rich but muted, with deep blues, reds, and earth tones dominating the scene. The textures suggest fabric, wood, and stone, with the robes appearing heavy and the wooden structure rough and weathered. The lighting is subdued, with the star providing a bright focal point in the upper center, casting a soft glow on the figures below. The depth is clearly defined, with the central figures and the kneeling man in the foreground, the cow and the tree in the mid-ground, and the distant landscape in the background. The overall composition is balanced, with the central figures and the star creating a sense of stability and focus."
Cubism/max-ernst_33-little-girls-chasing-butterflies-1958.jpg,"The artwork shows a dense, abstract composition made of many small, irregularly shaped fragments of color and texture, arranged in a chaotic, radiating pattern. The center is dominated by a bright, glowing area of yellow and white, from which the fragments appear to spread outward in all directions. The fragments vary in size and color, including shades of orange, gray, purple, and green, with some areas appearing darker and more clustered toward the bottom and edges. The overall effect is one of intense, fragmented light and color, with no clear figures or objects identifiable.

The composition is centered on this bright, explosive core, with the fragments radiating outward in all directions. The lower portion of the image contains darker, more clustered areas, suggesting depth, with some fragments appearing closer to the viewer and others receding into the background. The upper portion is filled with a more dispersed, lighter scattering of fragments, giving the impression of a burst or explosion. The spatial arrangement suggests a central point of origin from which the elements are thrown outward, with no clear foreground or background separation.

The visual qualities are dominated by texture and color. The surface appears rough and layered, with visible brushstrokes and impasto suggesting physical material. The colors are varied and intense, with the central area glowing in warm tones, while the surrounding areas are cooler and more muted. The depth is suggested through the variation in fragment size and density, with some areas appearing more compressed and others more spread out, creating a sense of movement and energy. The overall impression is one of chaotic, energetic motion, with no clear focal point beyond the central burst."
Romanticism/francisco-goya_woman-battered-with-a-cane.jpg,"A man stands in the center, holding a long, thin object that resembles a sword or stick raised high in his right hand. He is positioned over a woman who lies on the floor to his right, her body angled upward and her arms raised toward him. Her head is tilted back, and her hands are clasped together near her chest. The man’s left hand is extended toward the woman’s upper body, suggesting contact or restraint. To the left, a third figure is partially visible, seated and facing away, with their head bowed and hands clasped, appearing to be in a state of distress or contemplation. The floor occupies the lower portion of the image, and the background is a flat, dark, indistinct area. The entire scene is rendered in monochrome, with tones ranging from dark gray to light gray, and the image has a rough, sketch-like texture. The depth of the scene is shallow, with most of the image appearing far away, and the figures are clustered in the mid to near plane, with the background receding into shadow."
Rococo/thomas-gainsborough_the-duke-and-duchess-of-cumberland-1785.jpg,"The painting shows a man and a woman standing together in a wooded area, with another woman seated to the right. The man, positioned slightly to the left of center, holds a walking stick and stands facing forward, his body angled slightly toward the woman beside him. The woman next to him, in the center, wears a large, ornate hat and a long, light-colored gown with ruffles and a train that drapes behind her. She stands with her body facing forward, her left hand resting near her waist, and her right hand slightly raised. To the right, a third woman sits on the ground, wearing a large hat and a long, dark green dress, her hands clasped in her lap. A small dog, reddish-brown in color, is visible near the man’s feet on the left side of the composition. The background is filled with dense trees and foliage, with a faint structure, possibly a stone pillar or gate, visible behind the central figures. The foreground is a dirt path or ground surface, with the figures standing on it. The lighting is soft and diffused, with a warm, golden glow illuminating the central figures, particularly the woman’s gown and the man’s face, while the surrounding trees and background are darker, creating a contrast. The colors are dominated by dark greens and browns in the foliage, with the woman’s gown appearing pale, possibly white or light gray, and the man’s clothing in dark tones. The texture of the painting suggests a soft, blended brushwork, with the figures rendered in a way that emphasizes their forms and clothing details, while the background is more impressionistic and less defined. The depth of the scene is varied, with the figures in the foreground appearing closest, the seated woman slightly further back, and the trees and background receding into the distance. The overall composition suggests a formal, posed scene, with the figures arranged in a way that draws attention to the central couple."
Romanticism/caspar-david-friedrich_funeral-scene-at-the-beach.jpg,"The artwork depicts a somber outdoor scene with three figures and a tree at its center. A woman sits on the ground near the tree, her head resting on her hand, appearing distressed or weary. Beside her, a man is seated, leaning forward with his head down, suggesting exhaustion or sorrow. To the left, another figure lies on the ground, face down, with a stick or rod lying beside them. A small dog stands near the woman’s feet. The tree, bare and gnarled, stands in the center of the composition, its branches reaching upward. To the right, a tall, weathered stone cross rises from the ground, with ivy or vines climbing its surface. Behind the cross, a small stone structure is visible. The ground is uneven and rocky, with scattered stones and earth. The sky is pale and hazy, with no visible clouds. The entire scene is rendered in muted, earthy tones—peru, bisque, and saddlebrown—with no strong contrast or bright highlights. The depth of the image is shallow, with most of the scene appearing distant, and the figures and tree positioned in the mid-ground, while the cross and distant structures are farther away. The texture suggests a dry, rough surface, with no visible brushwork or fine detail in the background. The image has a faded, aged appearance, consistent with a historical sketch or watercolor."
Early_Renaissance/benozzo-gozzoli_view-of-the-main-apsidal-chapel-1452-1.jpg,"The artwork shows the interior of a church, viewed from the nave looking toward the altar area. The ceiling is high and arched, covered in painted frescoes with religious scenes, including figures in golden robes and blue backgrounds, arranged in a complex geometric pattern. Below the ceiling, the walls are also painted with large narrative scenes, framed by decorative borders. A large, dark wooden archway dominates the center, leading to a window with multiple panes. Flanking this arch are two tall, ornate wooden pillars, each with a carved figure at its base. Beneath the arch, a dark wooden altar is visible, with a small, open book resting on it. To the left and right of the altar, rows of dark wooden church benches are arranged, facing the altar. The floor is made of stone tiles. The overall color scheme is dominated by muted tones, with the frescoes featuring gold, blue, and earthy browns, contrasting with the dark wood and stone. The lighting appears to come from above, illuminating the ceiling frescoes and casting shadows on the walls and floor. The depth of the space is conveyed through the perspective of the arch and the receding lines of the walls and benches, with the altar and ceiling appearing farthest away."
Art_Nouveau_Modern/carlos-saenz-de-tejada_don-juan-tenorio-seville-street-1946.jpg,"The artwork depicts a large, shadowy interior space with a central staircase leading upward through a series of arches and corridors. Heavy, draped fabric hangs from the top left and top right, partially obscuring the view. The staircase is flanked by walls with windows and architectural details, and a figure is visible in the lower right corner, standing near the base of the stairs. Another figure appears to be seated or crouched in the lower center, near the bottom of the staircase. The overall scene is rendered in monochrome, with deep shadows and lighter areas suggesting a dimly lit, possibly abandoned or neglected space. The depth of the scene is conveyed through layered architectural elements, with the staircase and surrounding structures receding into the background. The fabric drapes create a sense of weight and obstruction, while the figures are small and indistinct, adding to the atmosphere of scale and isolation. The texture of the drawing suggests rough, sketchy lines, with areas of smudging and cross-hatching to imply shadow and form."
Baroque/peter-paul-rubens_bacchanale.jpg,"The painting depicts a group of nude figures in a dark, wooded setting. On the left, a large man with a beard and a woman are seated close together, their bodies angled toward each other. To their right, several other figures are clustered, some appearing to be in motion or struggling, with one figure in the center holding a small animal. In the bottom right corner, a woman is seated with a small child on her lap, and another small animal is near them. A larger animal is visible in the bottom center, partially obscured by the figures. The scene is set in a dense, shadowy forest with dark foliage and indistinct background elements. The lighting is dim, with muted tones of dark gray, tan, and slate gray dominating the composition. The figures are rendered with rough, textured brushwork, and the overall impression is one of chaotic movement and physical closeness. The depth of the scene is varied, with the foreground figures appearing closest to the viewer, while the background remains obscured in shadow."
Art_Nouveau_Modern/michel-simonidy_tulipes-1923.jpg,"A cluster of wilted, drooping flowers in shades of red and pale pink rests in a rounded, blue-green vase. The vase sits on a dark, reflective surface, with its base and the surrounding area appearing to mirror the vase’s form faintly. The flowers, with their limp petals and curled stems, are arranged in a loose, natural mound, with some petals falling away from the vase’s edge. The background is a solid, dark, almost black field, with no discernible objects or features beyond the immediate foreground. The entire scene is rendered with visible brushstrokes, suggesting an impressionistic or expressive style, and the colors are muted and heavy, dominated by dark slate gray, dark olive green, and the subdued tones of the flowers and vase. The depth of the image is shallow, with the vase and flowers sharply defined in the foreground, while the background recedes into a flat, indistinct dark space. The surface beneath the vase reflects its form, but the reflection is soft and blurred, indicating a smooth, dark material. The overall impression is one of stillness and quiet decay, with no movement or action depicted."
Post_Impressionism/henri-de-toulouse-lautrec_the-jockey-1899.jpg,"A dark brown horse is shown in mid-stride, its front left leg lifted and its body angled toward the right, dominating the center of the image. A person wearing a light-colored shirt and pants is seated on the horse, leaning forward with their body low and arms extended, gripping the reins. To the right and slightly behind, another horse and a second person are visible, both appearing to be in motion, though less distinct. The person on the second horse is bent over, their posture suggesting they are either falling or actively controlling the animal. The background is a flat, light-colored expanse, possibly a track or field, with faint, indistinct shapes suggesting distant structures or trees. The entire scene is rendered with rough, sketchy lines and textured strokes, using muted tones of brown, beige, and gray. The surface of the image has a grainy, uneven quality, with visible marks and smudges that suggest it was created with a dry medium like charcoal or pencil. The depth of the image is shallow, with the foreground elements sharply defined and the background fading into a hazy, indistinct area. The horse in the center is closest to the viewer, while the second horse and rider are positioned further back, appearing smaller and less detailed. The overall impression is one of motion and urgency, conveyed through the posture of the figures and the dynamic positioning of the animals."
Post_Impressionism/mario-zanini_vilarejo-com-marinha.jpg,"The painting shows a street scene with a two-story building in the center, flanked by trees and smaller structures. To the left, a boat rests near the water’s edge. Several figures are scattered across the scene: some stand near the building’s entrance, others walk or stand in small groups, with one person moving toward the right side of the frame. The building’s facade is painted a muted green, with windows and doors visible. Trees with dense foliage stand to the left and right of the building. The ground is unpaved and appears uneven. The overall color palette is subdued, dominated by earthy tones like dark khaki and dark olive green, with hints of silver in the building’s trim. The brushwork is loose and impressionistic, with visible strokes suggesting texture in the foliage and building surfaces. The scene is lit by diffuse daylight, with no strong shadows, giving it a flat, even quality. The depth of the image is varied, with the foreground figures and the boat appearing closer, while the background trees and distant water recede into a hazy, indistinct space."
Pop_Art/aldo-mondino_iniziazione-1969.jpg,"A bronze sculpture stands on a dark, rectangular base, positioned centrally on a light-colored wooden floor. The sculpture depicts a fish, rendered in a golden-brown patina, balanced atop two long, slender, greenish-blue legs that extend downward and outward from beneath its body. The fish is oriented with its head tilted upward and to the right, its mouth slightly open. The legs are thick at the base where they meet the dark base and taper toward the feet, which are broad and flat, resting on the base. The sculpture is set against a plain, light gray wall, with no other objects or figures visible in the scene. The lighting is even, casting a soft shadow to the left of the sculpture, and the surface of the bronze shows a rough, textured finish, particularly on the legs and the base. The overall composition is static, with the fish and legs forming a single, unified figure that appears to be standing upright."
Northern_Renaissance/hieronymus-bosch_the-garden-of-earthly-delights-4.jpg,"The artwork consists of two vertical panels, each framed in dark wood with a thin gold inner border, set side by side. Each panel contains a large, circular, half-spherical depiction of a landscape, appearing as if viewed from the inside of a globe or a hollow sphere. The sphere is divided into two halves: the left half shows a landscape with a bright, radiant light source breaking through clouds, illuminating a valley with trees, hills, and scattered structures; the right half shows a similar landscape but under a darker, cloudier sky, with no such light source. Both scenes are rendered in muted tones of silver, black, and dim gray, with the surfaces of the spheres appearing smooth and slightly reflective. The spheres are set against a dark, almost black background that fills the rest of each panel. The overall composition suggests a divided or contrasting view of the same world, with the left side appearing more illuminated and the right side more shadowed. The depth of the image is varied, with the foreground elements of the spheres appearing closer, while the background elements recede into shadow. The surfaces of the spheres have a matte texture, and the surrounding frames are solid and unadorned. There are no figures or human elements visible in the depicted landscapes. The top of each panel contains faint, illegible script in a dark, almost indistinct font. The entire piece is enclosed in a single, dark, ornate frame that runs along the outer edge of the two panels."
Romanticism/ivan-aivazovsky_reval.jpg,"The artwork depicts a wide expanse of choppy water under a vast, cloudy sky, with multiple sailing vessels scattered across the scene. In the foreground, a small boat with several people aboard cuts through the waves, its sail partially unfurled. To the left, a larger sailboat with its sails fully out is visible, moving away from the viewer. Further out, other ships of varying sizes are present, some with masts and sails, others appearing as dark silhouettes. On the right side of the image, a distant shoreline features a cluster of buildings, including a prominent spire and other structures that suggest a fortified or urban area. The sky is filled with soft, diffuse clouds, tinged with pale yellow and gray, suggesting either dawn or dusk. The water is rendered in shades of dark blue and green, with whitecaps indicating movement and wind. The overall impression is one of a busy, active sea with a city in the distance, viewed from a perspective that places the viewer near the water’s surface. The painting’s surface shows visible brushwork, and the colors are muted, dominated by grays, blues, and earth tones. The depth of the scene is conveyed through the layering of elements: the small boat is closest, the distant city is farthest, and the ships in between create a sense of spatial distance. The figures in the small boat appear to be navigating, with some seated and others standing, though their specific actions are not clearly defined. The larger ships are mostly stationary or moving slowly, with no clear indication of direction or purpose. The shoreline buildings are rendered with soft edges, suggesting distance and atmospheric haze. The sky occupies the upper two-thirds of the canvas, with no visible horizon line, emphasizing the scale of the open water and sky. The painting’s signature and date are visible in the lower right corner."
Realism/anders-zorn_mona-1911.jpg,"A woman is depicted in the center of the image, seated and facing forward. She wears a hooded garment with a dark, textured fabric covering her head and shoulders, and her hands are clasped in her lap. The drawing is rendered in monochrome, using dark and light gray tones with visible lines and shading. The background is plain and light, with no distinct objects or features. The woman’s face is detailed with deep lines and shadows, suggesting age and wear. The image has a flat, two-dimensional quality, with no clear sense of depth or perspective. The overall impression is one of stillness and quiet presence."
Realism/vincent-van-gogh_sorrow-1882.jpg,"A nude figure, appearing to be a young woman, is seated with her knees drawn up and her head lowered, resting on her arms. Her body is curled inward, and her hands are clasped near her knees. The figure is positioned in the center of the frame, sitting on a rough, uneven surface that suggests stone or earth. The background is a flat, textured surface, possibly a wall or ground, rendered in a uniform, dark gray tone. The figure’s hair is long and dark, falling over her shoulders and back. The artwork is monochromatic, using shades of gray from light to dark, with no visible color. The surface of the drawing has a grainy texture, consistent with a sketch or print medium. The figure’s posture and the way her body is positioned suggest a state of withdrawal or introspection. The depth of the image is shallow, with the figure appearing to be the primary focus, while the background is indistinct and recedes into shadow. The artist’s signature, “Sorrow,” is visible in the lower right corner, and a small inscription, “1er épreuve,” is in the lower left. The overall impression is one of quiet isolation and stillness."
Mannerism_Late_Renaissance/gregorio-lopes_salom-apresentando-a-cabe-a-do-santo.jpg,"A group of people is gathered around a table covered with a white cloth, set in a room with ornate, dark-toned walls and architectural elements. At the center, a man in a yellow robe with a crown sits at the table, his hands resting on it as he looks down. To his left, a woman in a red dress with a dark bodice is seated, her head turned slightly away, her hands near the table. To the right, a man with a long beard and a yellow robe stands, his hand extended toward the table. Several other figures are positioned around the table and in the background, some seated, some standing, with varied postures suggesting activity or observation. On the table, there are several bowls and containers holding food, including dark, possibly fruit-like items, and a small, dark object that appears to be a basket or container. The table is positioned in the center-right of the composition, with the figures surrounding it. The background includes architectural elements such as a doorway or archway, and a figure in the upper left corner appears to be standing near a doorway. The overall color palette is dominated by dark tones, including tan, gray, and dark slate gray, with the yellow robes of the central figures providing a contrast. The lighting is subdued, with no strong directional light source visible, and the textures suggest a painted surface with visible brushwork, particularly in the areas of the figures and the table. The depth of the scene is varied, with the table and central figures appearing closer to the viewer, while the background elements recede into the distance. The composition suggests a formal gathering, with the central figures as the focus, and the surrounding figures appearing to be engaged in or observing the scene."
Romanticism/francisco-goya_duchess-of-alba-the-white-duchess-1795.jpg,"A woman stands full-length in the center of the painting, facing forward. She has long, dark, curly hair adorned with a large red bow on the left side of her head. She wears a long white dress with a fitted red sash around the waist and a matching red bow at the bodice. Her right arm is extended slightly outward with the hand open, while her left arm hangs by her side. A small, fluffy white dog stands in the lower left corner, near the woman’s feet. The background is a muted, dark gray landscape with indistinct hills and a flat horizon. The lighting is soft and even, with no strong shadows, and the overall color palette is dominated by dark grays and the white of the dress, contrasted by the red accents. The woman’s face is turned slightly to her right, and her expression is neutral. The dog is positioned to the left of the woman, close to the foreground. The ground appears to be a flat, light-colored surface, possibly sand or earth, with no distinct texture. The depth of the scene is varied, with the woman and dog in the mid-ground and the background receding into darkness. The painting has a flat, somewhat muted quality, with no strong visual cues to suggest movement or action."
Romanticism/rudolf-von-alt_a-view-of-monreale-above-palermo.jpg,"The artwork depicts a long, covered walkway with repeating arches and thick, carved pillars, leading the eye toward a large, multi-story stone building in the center background. The walkway is on the right side of the image, with the pillars and arches forming a continuous, receding structure. The building behind is a monastery, with a tall, square tower rising above it, featuring arched windows and a domed section visible to its right. The sky is visible above the tower, showing a pale blue with scattered white clouds. The ground is paved, and the walkway’s edge is lined with low stone walls. The pillars are dark, with ornate, carved capitals, and the arches are rounded and consistent in form. The overall color palette is dominated by earthy tones: deep browns, ochres, and muted reds, with some lighter, almost silver highlights on the stone surfaces. The lighting suggests a bright, possibly late afternoon sun, casting long, soft shadows under the arches and along the pillars. The depth of the scene is clearly defined, with the pillars and arches receding into the distance, creating a strong sense of perspective. The building in the background is positioned centrally, behind the arches, and appears to be the focal point of the composition. The walkway is empty of people or animals, and the scene is still and quiet. The texture of the stone is rough and weathered, with visible cracks and erosion, suggesting age and exposure to the elements. The overall impression is one of grandeur and solemnity, with the architecture dominating the space."
Post_Impressionism/vincent-van-gogh_still-life-bottle-lemons-and-oranges-1888.jpg,"A basket filled with potatoes sits on a table, with a dark green wine bottle standing behind it. Several potatoes are scattered around the basket, some near the bottom left and one to the right. The table surface is textured and colored in pale goldenrod, while the background is a speckled dark seagreen. The basket is woven and positioned in the center of the composition, with the bottle behind it and the scattered potatoes around it. The painting uses thick, visible brushstrokes, and the colors are applied in a way that suggests texture and depth, with the background appearing farthest away and the table and objects closer. The lighting is flat, with no strong shadows, and the overall surface has a grainy, uneven quality."
Symbolism/harry-clarke_tales-of-mystery-and-imagination-by-edgar-allan-poe-1923-19.jpg,"A man and a woman stand in a canoe at the center of the image, surrounded by tall, dense trees that fill the entire foreground and midground. The man is positioned on the left side of the canoe, arms outstretched, facing away from the viewer. The woman stands to his right, facing slightly toward him, with her hands near her chest. The canoe is small and appears to be resting on a flat surface, possibly water, but the surface is not clearly defined. Behind them, the trees rise steeply, forming a dark, jagged wall that extends upward and toward the right side of the image. Above, the sky is dark and empty, with a faint, elongated shape near the top center, possibly a moon or a distant object, and a thin horizontal line of light near the horizon. The entire scene is rendered in a monochromatic, grainy style, with textures made of fine dots, giving the image a rough, stippled appearance. The lighting is dim, with no clear source, and the overall tone is dark, with only the figures and the canoe showing slightly lighter areas. The depth is shallow, with the figures and canoe appearing closest to the viewer, while the trees recede into the background, creating a sense of confinement and isolation."
Ukiyo_e/utagawa-kuniyoshi_the-actor-20.jpg,"A woman is depicted in the center of the image, shown from the chest up. Her head is tilted slightly to her right, and her eyes are wide and directed upward and to the left, with her mouth slightly open. Her hair is drawn in loose, swirling lines, with a dark, smudged patch near the top center of her head. She wears a high, ruffled collar that extends around her neck and shoulders, with decorative, cloud-like patterns along its edges. The collar and the visible parts of her clothing are outlined in dark, sketchy lines, with some areas filled in with faint, textured marks. The background is a flat, light, off-white surface, with no discernible objects or depth cues beyond the figure. The overall impression is one of a stylized, expressive portrait with a focus on the figure’s face and upper body. The image is rendered in a limited palette of dark lines and muted, earthy tones, with no strong lighting or color contrast. The texture appears to be that of a sketch or drawing on paper, with visible marks and smudges. The depth of the image is shallow, with the figure appearing to be the only element in focus, and the background blending into a flat, uniform plane."
Romanticism/gustave-dore_geryon-symbol-of-deceit.jpg,"A large, serpentine creature with wings and a dragon-like head lies coiled in the foreground, its body winding across rocky terrain. Its form is detailed with scales and sharp, angular features. Behind it, on a narrow, sunlit path that cuts through a steep, rocky gorge, stand two figures — one taller, one shorter — facing away from the viewer, looking toward the creature. The path is flanked by jagged rocks and dark, shadowed cliffs. To the right, a plume of smoke or mist rises from the gorge, curling upward into the dark sky. The entire scene is rendered in monochrome, with strong contrasts between light and shadow, emphasizing the textures of stone and the creature’s scales. The figures appear small in comparison to the surrounding landscape and the creature, suggesting scale and isolation. The creature’s head and upper body are positioned near the center of the frame, while the figures are further back, on the path, to the left of center. The smoke rises from the right side of the gorge, near the center-right edge of the image. The lighting is directional, illuminating the path and the figures, while leaving the surrounding cliffs and the creature’s body in deep shadow. The depth of the scene is conveyed through the layered rock formations and the spatial separation between the foreground creature, the mid-ground figures, and the background cliffs. The image is framed by the dark, enclosing rock walls on either side, with the sky above being a solid, dark expanse."
Rococo/bernardo-bellotto_the-imperial-summer-residence-garden-1758.jpg,"The artwork depicts a wide, elevated view of a grand, symmetrical estate with a large building at its center, surrounded by meticulously arranged gardens and pathways. In the foreground, a large, rectangular fountain with a central sculpture is prominent, with several figures gathered around its edges. To the left of the fountain, a smaller building is visible, and a few people are seen near it. The garden is organized into geometric patterns with rows of trees and hedges, leading toward the central building. The sky above is overcast with soft, diffused light, and the overall color palette is muted, dominated by earthy tones like dark olive green, light gray, and dark khaki. The depth of the scene is clearly layered, with the fountain and nearby figures closest, the garden paths and trees in the middle ground, and the distant building and surrounding landscape receding into the background. The figures in the scene are small and appear to be walking or standing in groups, with no clear focal point on any single individual. The surfaces of the buildings and fountain appear smooth and reflective, suggesting stone or polished material, while the trees and hedges have a textured, leafy appearance. The overall impression is one of order and scale, with the viewer’s eye drawn toward the central building and the fountain in the foreground."
Color_Field_Painting/john-hoyland_tiger-walk-3-4-81-1981.jpg,"The artwork shows a composition of overlapping, irregularly shaped blocks set against a vibrant, textured red background. These blocks are not arranged in a natural or realistic scene but are abstract forms, each filled with bold, contrasting colors and outlined with thick, visible brushstrokes. The shapes appear to float or intersect in space, with no clear foreground or background, though the red field dominates the entire canvas. The forms vary in size and orientation, some tilted, others more upright, creating a sense of dynamic, layered depth. The blocks themselves are not figures or objects with defined functions; they are flat, painted surfaces with no discernible action or pose. The surface of the painting is rough and tactile, with visible brushwork and texture suggesting the use of thick paint. The colors within the blocks include deep purples, blues, yellows, greens, and browns, with some areas appearing to be partially obscured or cut off by adjacent shapes. The overall impression is one of energetic, chaotic arrangement, with no central focus or narrative. The depth cues in the image suggest that some areas are closer to the viewer than others, with the majority of the image’s surface appearing to be in the near depth band, while a smaller portion recedes into the mid and far depths. The painting’s surface is not smooth; it is marked by the physical presence of paint, with visible strokes and edges that define the forms."
Symbolism/felicien-rops_satanic-self-portrait.jpg,"A man stands in profile, facing left, with his head slightly bowed. He has dark, curly hair and a beard, and is wearing a dark, loose-fitting garment over a lighter-colored collar. His right hand is near his waist, and his left arm is bent, with the hand resting on his hip or thigh. The figure is centered in the composition, with a faint, blurred background that suggests depth. To the right of the figure, a dark, indistinct shape appears to be a dress or garment, partially visible and hanging or resting against the background. The image is rendered in monochrome, with shades of gray ranging from light to dark, and the texture suggests a sketch or drawing medium, possibly charcoal or pencil. The overall impression is one of quiet stillness, with the figure appearing isolated and somewhat somber. The depth of the image is uneven, with most of the background appearing far away, while the figure is positioned at a moderate distance from the viewer."
Romanticism/ford-madox-brown_the-irish-girl-1860.jpg,"A young person with dark, curly hair is shown from the chest up, facing forward. Their head is slightly tilted, and their gaze is directed toward the viewer’s left. They are wearing a red garment with a patterned border on the shoulder, and they hold a small blue flower in their right hand, positioned near the center of the lower part of the image. The background is a solid, deep red, with no other objects or figures visible. The lighting is soft and even, highlighting the face and the flower, while the rest of the image remains in shadow. The texture of the hair and the fabric appears rough and detailed, with the red tones dominating the entire composition. The depth of the image is shallow, with the subject’s face and the flower in the foreground, and the background receding into a flat, uniform color."
Mannerism_Late_Renaissance/maerten-van-heemskerck_the-triumphal-procession-of-bacchus.jpg,"The painting depicts a crowded, chaotic scene filled with numerous nude or partially clothed figures in various dynamic poses, set within a ruined or classical architectural environment. In the foreground, several figures are clustered together, some standing, some crouching or falling, with one figure on the left appearing to be in motion, possibly running or being thrown. To the right, a large, muscular figure sits atop a structure, holding a staff or weapon, while others around him are engaged in active gestures—some raising arms, others holding objects like baskets or masks. A figure in the center appears to be in a dominant or central position, surrounded by others. In the background, a large, ruined temple-like structure with columns and a dome is visible, partially obscured by figures and debris. To the far left, a tall pillar or column stands, with a figure atop it, and below it, a small figure appears to be kneeling or crouching near a large, dark object that resembles a hoof or foot. The ground is uneven and littered with scattered objects, including what appear to be broken pottery, a large shoe or boot, and other debris. The overall color palette is dominated by dark grays, dim grays, and muted earth tones, with some areas of lighter, almost white, highlights on skin and architectural elements. The lighting is diffuse, with no strong directional light source, and the textures suggest rough surfaces, such as stone, skin, and fabric, though details are not sharply defined. The depth of the scene is varied, with the foreground figures appearing closest, the mid-ground filled with more activity, and the background structure receding into the distance. The composition is dense and layered, with figures overlapping and filling the space, creating a sense of movement and disorder."
Realism/vasily-polenov_upper-pond-in-abramtsevo-1882.jpg,"The artwork shows a rural landscape with a small house partially hidden by dense trees, situated near a calm body of water that reflects the surrounding foliage. The foreground is dominated by the water’s surface, which mirrors the dark, leafy shapes of the trees and the sky above. To the left, a cluster of trees rises from the bank, while another large tree stands centrally, framing the house behind it. The house, with a sloped roof, is nestled among the trees and appears to be surrounded by a low fence or wall. The background is filled with more trees and vegetation, creating a sense of depth. The water occupies the lower portion of the image, with its surface showing muted reflections of the sky and trees. The overall color palette is composed of earthy tones, including sienna, dark gray, and dark slate gray, with the water appearing as a dark, reflective surface. The brushwork suggests a textured, somewhat impressionistic style, with visible strokes that convey the roughness of the trees and the stillness of the water. The depth of the scene is conveyed through the layering of elements, with the foreground water and nearby trees appearing closest, while the house and distant trees recede into the background. The image does not contain any clearly identifiable human figures or animals."
Art_Nouveau_Modern/andrei-ryabushkin_life-for-tsar.jpg,"The artwork shows a central illustration depicting a group of people gathered outdoors in front of a wooden building with a sloped roof and decorative trim. Several individuals are standing in the center, with some raising their arms or tossing objects into the air. Others are watching or standing nearby. The building has windows with colorful, patterned shutters and a visible doorway. The ground is covered with snow or frost, and bare trees are visible in the background. The scene is framed by ornate, symmetrical decorative borders in red and green, featuring stylized floral and knotwork patterns, with a double-headed eagle emblem at the top center. Text in Cyrillic script is printed above the illustration, identifying the work as an opera, and credits are listed below it. The illustration is surrounded by these decorative elements, which extend from the top and bottom edges and along the sides, creating a formal, enclosed frame. The depth of the image is varied, with the central scene appearing to be in the middle ground, while the background elements, including the building and trees, are farther away. The foreground is dominated by the decorative borders, which are closest to the viewer. The colors are muted, with earthy tones like tan, beige, and sienna dominating the illustration, while the decorative borders are bright red and green. The illustration has a flat, illustrative quality, with clear outlines and minimal shading, suggesting it is a printed image rather than a painting. The decorative borders are highly stylized and appear to be hand-drawn, with intricate, repeating patterns. The text is printed in a formal, serif font, and the illustration is rendered in a style that suggests it is a reproduction or a printed image, possibly from a book or a publication. The overall impression is one of a formal, decorative, and somewhat festive scene, with a focus on the central illustration and the surrounding decorative elements."
Art_Nouveau_Modern/zinaida-serebriakova_portrait-of-a-a-cherkesovoy-benoit-and-his-son-alexander-1922.jpg,"A woman sits in the center of the image, holding a baby in her arms. The baby is positioned in the bottom right, resting against her chest with its head tilted slightly upward. The woman’s hands are placed gently on the baby’s body, one on the baby’s shoulder and the other near the baby’s torso. Her head is turned slightly toward the viewer, with her gaze directed forward. She has dark, short hair and is wearing a light-colored garment with a reddish-brown collar and sleeves. Behind her, to the left, there is a table with a white pitcher and bowl on it, and a small orange object next to the bowl. The background is a deep red wall with two framed pictures hanging on it. The lighting is soft and even, with no harsh shadows. The colors in the image are muted, with the dominant tones being shades of brown, red, and off-white. The texture of the woman’s clothing and the baby’s skin is visible, suggesting a soft, fabric-like surface. The overall composition is centered, with the woman and baby as the focal point, and the background elements providing context without distracting from the main subjects."
High_Renaissance/giorgione_musical-instruments-music-1510(1).jpg,"The artwork shows a complex, abstract arrangement of objects on a flat surface, appearing to be a table or platform. Central to the composition is a large, rounded, flat object resembling a lid or a shallow bowl, positioned toward the left. To its right and slightly forward is a long, angular, block-like form with a circular, patterned detail near its center. Below this, a smaller, irregularly shaped object with multiple circular indentations is visible, suggesting a textured or perforated surface. Behind these, a vertical structure with multiple cylindrical segments rises, appearing to be part of a tower or stack. Winding, ribbon-like forms curve around the objects, suggesting movement or connection. The entire scene is rendered in muted tones of tan, gray, and dark olive green, with no strong highlights or shadows. The surface appears rough and textured, with visible brushwork or applied material that gives the objects a solid, tactile quality. The depth of the scene is varied, with some elements appearing closer to the viewer and others receding, but the overall impression is one of a tightly packed, non-figurative arrangement. No figures or human forms are present."
Realism/edouard-manet_eel-and-red-mullet-1864.jpg,"The artwork shows a still life with fish and a knife on a cloth. A long, dark eel lies in the center, coiled and resting on a white cloth that covers the surface. Behind the eel, a larger fish with a lighter, mottled body is partially visible, its head turned toward the right. To the left, a knife with a dark handle rests on the cloth, its blade angled diagonally. The background is a dark, uniform brown, suggesting a wall or backdrop. The cloth beneath the fish and eel appears wrinkled and textured, with folds and creases visible. The overall color palette is dominated by dark browns, maroons, and muted golds, with the white cloth providing a stark contrast. The eel and fish are positioned in the center and slightly to the right, while the knife is in the bottom left. The depth of the scene is shallow, with the cloth and objects in the foreground appearing closest, and the background receding into darkness. The surface of the cloth and the fish’s skin show visible texture, while the knife’s handle appears smooth and solid. The lighting is dim, with no clear source, casting soft shadows that emphasize the forms without creating strong highlights."
Realism/vasily-surikov_the-old-woman-with-a-patterned-headscarf-1886.jpg,"The artwork shows a woman, centered in the frame, wearing a dark, patterned head covering that drapes over her shoulders and down her back. Her face is visible, with deep-set eyes and a neutral, somber expression. The head covering is decorated with a repeating floral or leaf-like pattern in lighter, earthy tones against a dark background. The background is a flat, muted gray, with no other objects or figures present. The woman’s head is positioned in the center, and her gaze is directed forward, meeting the viewer’s eye. Her posture is still, with no movement or action depicted. The painting’s surface has visible brushstrokes, suggesting an oil medium. The colors are predominantly dark, with shades of dim gray, dark slate gray, and earth tones like peru. The texture of the head covering appears thick and tactile, with the pattern rendered in bold, somewhat uneven strokes. The lighting is subdued, with no strong highlights or shadows, giving the image a flat, somber quality. The depth of the image is shallow, with the woman’s face and head covering appearing closest to the viewer, while the background recedes into a uniform, indistinct plane."
Romanticism/edwin-henry-landseer_the-monkey-who-had-seen-the-world.jpg,"A man in formal attire stands in the center of the scene, facing slightly to the left, with one hand resting on his hip and the other holding a cane. He wears a red coat, black breeches, and a tall black hat, with white hair and a dark cravat. Around him, several monkeys are gathered; one sits on a rock to his left, reaching toward him with its hand, while others are clustered nearby, some sitting, some standing. The scene is set outdoors under large, gnarled trees that frame the left and right sides of the composition. A tree trunk dominates the right edge, and another large tree branch extends from the top left. The ground is uneven and rocky, with a shallow depression in the foreground. The lighting is diffuse, with a warm, yellowish glow illuminating the man and the central area, while the background fades into shadow and distant greenery. The overall color palette is dominated by earthy tones: saddlebrown, darkkhaki, and black. The textures suggest rough bark, coarse fur on the monkeys, and the worn fabric of the man’s clothing. The depth of the scene is shallow, with most of the image focused on the central figures, while the background recedes into soft, indistinct forms."
Post_Impressionism/paul-cezanne_bathers-1880.jpg,"The artwork depicts a group of nude figures in an outdoor setting, surrounded by dense green foliage. A central figure, a man, stands with his back to the viewer, holding a cloth or towel. To his left, a woman sits on the ground, her head tilted upward, wearing a white cloth wrapped around her head. To the right, another figure stands with one hand raised to their head, appearing to adjust or cover their face. In the center foreground, a child sits on the ground, arms wrapped around their knees. A park bench is visible in the lower center, partially obscured by figures. The background is filled with thick, leafy trees and bushes, creating a sense of enclosure. The figures are rendered with visible brushstrokes, and the colors are dominated by greens, earth tones, and pale skin tones. The ground appears to be dirt or sand, with some patches of grass or low vegetation. The overall composition suggests a natural, possibly secluded, environment."
Romanticism/camille-corot_the-destruction-of-sodom-1857.jpg,"The painting depicts a group of figures moving through a desolate, rocky landscape under a heavy, overcast sky. In the foreground, three people are clustered together on uneven ground. One woman on the left, wearing a long, loose garment, extends her arm toward the center figure. The central figure, a man with a draped cloak, appears to be supporting or guiding a third person, a woman in a dark dress, who is bent forward with her arms outstretched, carrying a round object. To the right, a solitary, dark silhouette stands near a tree, facing away from the group. Behind them, large, weathered stone structures, possibly tombs or ruins, rise from the ground. The entire scene is bathed in muted, earthy tones—sienna, black, and saddlebrown—with no strong light source. The brushwork is visible, suggesting rough texture and a sense of movement. The figures are positioned in the lower half of the canvas, with the stone structures and distant hills forming a backdrop. The ground is uneven and littered with rocks, and the sky above is dark and turbulent, with faint glows suggesting distant fire or sunset. The depth of the scene is shallow, with most of the image focused on the foreground figures, while the background is blurred and indistinct."
Romanticism/joseph-wright_the-captive-from-sterne.jpg,"A man sits on the floor in a dim, stone-walled room, his body angled slightly away from the viewer, head bowed and hands clasped near his lap. He is barefoot, wearing a loose, tattered garment that drapes over his lower body. Behind him, a rough stone archway frames a brighter, lighter-toned wall, suggesting a passage or opening. To his right, a thick stone pillar rises vertically, partially blocking the view. The floor is uneven and appears worn, with a small, low stool or block visible near his feet. The entire scene is enveloped in deep shadow, with light falling only weakly on the man’s back and the archway behind him, casting the rest of the space into near-total darkness. The dominant colors are dark olive green, black, and sienna, with the light areas appearing as muted, warm browns. The textures suggest rough, aged stone and coarse fabric, with the surfaces appearing worn and unpolished. The man’s posture and the surrounding darkness suggest he is alone and in a confined, possibly underground or subterranean space."
Romanticism/gustave-dore_idylls-of-the-king-5.jpg,"A group of mounted figures, clad in armor and carrying weapons, moves through a dark, tangled forest. The scene is dominated by the central figure on a horse, holding a sword, with other armored riders nearby, some also on horseback, all appearing to advance together. To the left, a large fallen log lies across the ground, partially obscuring the path. The background shows a dark, rocky hillside under a cloudy, dim sky, with tall, dense trees lining the right side of the composition. The figures are positioned in the center and right portions of the image, with the central rider slightly ahead, suggesting movement forward. The entire scene is rendered in shades of dark gray and black, with no bright colors, and the texture appears rough and detailed, especially in the depiction of the forest floor, the horses’ manes, and the armor. The lighting is dim and diffuse, with no clear source, creating a shadowy, ominous atmosphere. The depth is shallow, with most of the image appearing close to the viewer, and the background elements are faint and indistinct."
Pop_Art/burhan-dogancay_walls-v-6-1969.jpg,"The artwork shows a stylized landscape divided horizontally. The upper portion is a solid, deep crimson field that suggests a sky or distant horizon. A thin, jagged line of bright cyan runs diagonally from the top right toward the center, resembling a crack or a lightning bolt. Below this, a horizontal band of lighter, textured crimson separates the upper from the lower section. The lower portion is a solid, bright cyan, suggesting water or a sea. In the center of the lower section, two sharp, triangular shapes in a slightly darker cyan stand upright, resembling stylized mountains or spires. To the left of these triangles, a small, oval-shaped white area with a faint blue center appears, possibly a reflection or a distant object. The entire composition is flat and lacks realistic depth, with the depth values indicating that most of the image is near the viewer, while the farthest areas are still visible but less prominent. The surface has a rough, textured appearance, with visible brushstrokes or smudges, especially in the crimson areas. The colors are bold and saturated, with no soft transitions, creating a stark, graphic effect."
Realism/ivan-kramskoy_portrait-of-leo-tolstoy-1873.jpg,"A man with dark, somewhat disheveled hair and a thick, dark beard is shown in a half-length portrait, seated. He is positioned centrally, facing forward, with his head slightly tilted. His hands are clasped together in his lap, and he wears a dark, loose-fitting garment with a high, stiff collar. The background is a flat, dark brown surface, suggesting a wall or backdrop. To the right of the figure, the back of a wooden chair is visible. The lighting is subdued, with a soft illumination on the man’s face and shoulders, while the rest of the image remains in shadow. The overall color palette is dominated by dark tones, including dark slate gray, black, and muted brown. The texture of the fabric and the roughness of the background suggest a painterly, somewhat coarse surface. The depth of the image is shallow, with the figure sharply defined and the background blurred, emphasizing the subject. The man’s expression is neutral, with a direct gaze toward the viewer."
Realism/valentin-serov_portrait-of-l-k-naryshkin-1910.jpg,"A boy stands in the center of the image, facing forward. He is wearing a long-sleeved shirt and trousers, with his hands placed on his hips. Behind him, a doorway or wall opening is visible, suggesting an interior space. The floor and walls are rendered in muted tones, with no distinct furniture or objects visible. The entire scene is drawn in a sketch-like style, using soft, blended tones of tan, gray, and oldlace. The lines are loose and expressive, with no sharp edges, and the depth of the image is suggested by the way the background recedes, though no clear foreground or background objects are present. The boy’s posture is upright, and his gaze is directed toward the viewer. The image has a flat, two-dimensional quality, with no strong sense of texture or material. A small mark, possibly a signature or initials, is visible in the bottom right corner."
Romanticism/ivan-aivazovsky_darial-gorge-moon-night-1868.jpg,"A lone figure rides a motorcycle along a narrow, winding path that cuts through a deep, shadowed valley. The path is barely visible, barely illuminated, and curves away into the darkness. Towering, steep mountains rise on both sides, their surfaces dark and rugged, with no visible vegetation or detail. Above, a bright, full moon hangs in the upper right corner, casting a pale, cold glow that barely penetrates the thick shadows below. The sky is a deep, heavy blue, streaked with faint, wispy clouds that do not obscure the moon. The figure is small and distant, positioned near the bottom center of the image, moving forward along the path. The overall scene is dominated by darkness, with the moon being the only significant source of light, creating a stark contrast between the illuminated sky and the enveloping shadows of the mountains and path. The texture of the mountains appears rough and solid, while the path is indistinct, suggesting a rough, possibly rocky surface. The image is composed to emphasize the isolation and scale of the landscape, with the figure appearing insignificant against the vast, imposing terrain."
Early_Renaissance/benozzo-gozzoli_tabernacle-of-the-madonna-delle-tosse-assumption-of-the-virgin.jpg,"The artwork depicts a religious scene set within an arched architectural space, likely a church interior. At the top, under the arch, a central figure in flowing, pale robes sits on a raised platform, surrounded by winged figures and other beings in the sky. Below, in the foreground, a group of people stands around a long, low table or altar. Some are kneeling or bowing their heads, others are standing with hands clasped or raised in gesture. To the left, a figure in a dark robe and hat stands with arms raised, facing upward. Behind them, a landscape with trees and distant buildings stretches across the background. The entire scene is framed by the curved stone arch above and the walls on either side, which show signs of age and wear. The colors are muted, dominated by rosybrown, lightgray, and darkolivegreen tones. The surfaces appear flat and painted, with no visible texture or material beyond the painted surfaces. The depth of the scene is varied, with the altar and figures in the foreground appearing closest, while the distant landscape and upper celestial figures recede into the background. The composition is structured, with the central figure and the altar forming the visual focus, and the surrounding figures arranged around them in a way that suggests reverence or worship."
Minimalism/bruce-nauman_perfect-door-perfect-odor-perfect-rodo-1972.jpg,"Three identical neon signs hang on a plain, light-gray wall. Each sign is shaped like an inverted triangle with a horizontal bar across the top, and the letters are arranged in two lines: the top line reads “PERFECT” and the bottom line reads “DOOR,” “ODOR,” or “ROOT,” depending on the sign. The signs glow with different colors: the left one emits a cool white light, the center one a yellowish glow, and the right one a soft pink. Each sign is suspended by thin, dark wires that descend from the top and connect to small, gray, rectangular power units on the floor. These power units are positioned directly beneath each sign, with wires running from them to the signs. The floor is a flat, dark gray surface, and the wall behind the signs is unadorned and uniform in tone. The signs are evenly spaced, aligned horizontally, and appear to be identical in form but differ in their textual content and color. The overall scene is static, with no movement or figures present."
Realism/henri-fantin-latour_roses-2.jpg,"A cluster of flowers, mostly in shades of pale yellow, cream, and deep red, is arranged in a dense, rounded form. The bouquet rests on a dark, flat surface, likely a table, with no visible vase or container holding it. The flowers are tightly packed, with some petals appearing slightly wilted or curled. Dark, shadowy leaves and stems are visible beneath and around the blooms, blending into the dark background. The background is uniformly dark, with no distinct features or objects. The entire composition is centered, with the flowers occupying the middle of the frame. The surface beneath the flowers is flat and dark, with no visible texture or pattern. The lighting is dim, with no clear source, and the colors are muted, dominated by dark browns and blacks, with the flowers providing the only contrast. The texture of the painting is visible, with thick, visible brushstrokes, especially in the petals and shadows, suggesting an oil painting technique. The depth is shallow, with the flowers appearing to be in the foreground, and the background receding into darkness. The overall impression is one of stillness and quietude."
Realism/constant-troyon_cows-in-a-landscape.jpg,"Two cows stand on a dirt path in a wooded area. One cow, with a brown and white coat, is positioned on the right side of the image, facing away from the viewer, its head turned slightly to the right. The other cow, mostly white with some darker patches, is to the left and slightly behind the first, its head lowered as if grazing or resting. The path they stand on is narrow and surrounded by grass and dirt. To the left, a cluster of dark trees rises into the background, and behind the cows, dense foliage and trees form a dark, shadowy backdrop. The sky above is a mix of blue and gray clouds, with some light breaking through. The foreground shows patches of green grass and earth, with the path leading away from the viewer. The overall lighting is dim, with shadows dominating the scene, and the colors are mostly dark greens, browns, and blacks, with some lighter areas where light catches the animals’ bodies and the ground. The brushwork is visible and textured, suggesting an impressionistic style."
Pop_Art/hiro-yamagata_table-tennis.jpg,"A man stands in the center of the image, wearing a blue shirt with pink star shapes and dark shorts. He holds a tennis racket in his right hand and a gun in his left, pointing the gun upward toward the top left corner. A bright, jagged explosion of white and pink light bursts behind him, centered near the upper middle of the frame. To the right, a small white ball appears to be in motion, near the edge of the image. The man is positioned above a dark blue surface that stretches across the bottom, suggesting a table or court. The background is a bold, repeating pattern of red, yellow, and black angular shapes, creating a sense of depth and energy. The image is framed by a vertical strip on the right side, which contains text in a vertical orientation, reading “CENTENNIAL GAMES” from top to bottom, with smaller text below it. The overall color palette is dominated by bright, saturated tones, with high contrast between the figure, the explosion, and the background. The depth of the image is uneven, with the man and the explosion appearing closer, while the background and the text strip are farther away. The surface textures are flat and graphic, with no visible brushwork or fine detail."
Realism/nicholas-roerich_idol-1898.jpg,"A dark, grainy image shows a central, upright log or post, heavily textured and worn, with a human-like figure perched atop it. The figure is small, with a rounded head and no discernible facial features, wearing what appears to be a dark, possibly patterned garment. Its arms are outstretched, one hand holding a curved, horn-like object. To the right of the central figure, a second, smaller, similarly styled figure stands on a lower level, partially obscured. Behind the central figure, a faint, shadowy structure suggests a ruined or dilapidated building, with a dark, arched opening visible in the upper right. The ground is uneven and appears to be dirt or rubble, with shadows cast across it. The entire scene is rendered in muted, desaturated tones of dark gray, tan, and black, with high contrast between light and shadow. The image has a rough, grainy texture, suggesting an old photograph or a heavily processed print. The central log dominates the foreground, while the background elements recede into shadow, creating a sense of depth. The figures appear static, with no clear motion. The overall impression is one of desolation and stillness."
Baroque/rembrandt_portrait-of-an-old-woman-1.jpg,"A person is seated in an armchair, shown from the chest up, facing forward. They wear a dark, wide-brimmed hat that covers the top of their head and casts shadow over their face. Their hands are clasped together in their lap, and the fingers are visible, appearing aged and weathered. The figure is dressed in dark clothing, with a light-colored, possibly white, collar or scarf visible at the neck. The background is a flat, dark, indistinct surface, with no discernible objects or architectural features. The lighting is dim and focused on the face and hands, creating strong contrasts between light and shadow. The overall color palette is dominated by dark tones, including dark slate gray and sienna, with minimal variation in hue. The texture of the clothing and skin appears rough and worn, and the brushwork suggests a heavy, tactile surface. The armchair is partially visible on the left side of the composition, with its curved armrest and backrest discernible only in outline. The depth of the image is shallow, with the figure and chair occupying the foreground, and the background receding into near-total obscurity."
Romanticism/gustave-dore_the-eagle.jpg,"A large bird with outstretched wings dominates the center of the image, soaring through a sky filled with clouds and radiating light. The bird’s wings are wide and detailed, with feathers rendered in fine lines, and its body is draped in a dark, flowing garment. Behind the bird, a bright, circular light source emits rays outward, suggesting a sun or moon. Jagged, dark mountain peaks rise in the background, partially obscured by clouds. The foreground and midground are filled with dense, swirling clouds, and the lower right corner shows the silhouette of a rocky cliff face. The entire scene is rendered in grayscale, with varying shades of gray, from deep black to light white, creating strong contrasts. The bird appears to be moving upward, with its wings spread wide and its body angled slightly forward. The clouds and mountains are arranged to frame the bird, with the light source positioned behind it, enhancing its central position. The depth of the image is varied, with the bird appearing closer to the viewer than the distant mountains, and the clouds and cliffs creating layers of distance. The texture of the bird’s feathers and the clouds is rendered with fine, detailed lines, while the mountains and cliffs are depicted with rougher, more solid forms. The overall impression is one of motion and grandeur, with the bird as the central focus."
Realism/vincent-van-gogh_peasant-lifting-potatoes-1885.jpg,"A man is shown kneeling on the ground in the center of the image, holding a tool that resembles a hoe or spade. He is positioned with his back slightly bent, his head lowered, and his hands gripping the tool near the handle. To his left, in the foreground, is a round, dark object that appears to be a barrel or a large container. The ground is uneven and textured, suggesting dirt or gravel. Behind the man, the background is composed of dark, indistinct shapes that suggest trees or dense vegetation, with a faint, lighter area in the far distance that might be a horizon or open space. The overall image is rendered in shades of gray, dark slate gray, and burlywood, with visible texture and sketch-like lines that give the surface a rough, hand-drawn quality. The depth of the scene is varied, with the man and the barrel in the mid-ground, and the background elements receding into darker, less defined areas. The lighting is subdued, with no strong highlights or shadows, contributing to a somber and grounded atmosphere."
Realism/fyodor-vasilyev_peasant-s-courtyard-1869.jpg,"A woman sits on the ground near the right side of the image, partially under a wooden structure. She is dressed in a dark top and a light-colored skirt, holding a bundle of greenery in her lap. To her left, a large, weathered wooden pillar stands, and behind her, a dark, open barn-like structure is visible. The ground is uneven and covered in dirt and straw. In the center of the scene, a cart with large wheels lies partially hidden under a sloped, tattered roof supported by wooden beams. The roof extends across the upper part of the image, casting shadows over the area beneath it. The overall color palette is dominated by earthy tones: browns, grays, and muted whites. The textures suggest rough wood, dry earth, and the worn fabric of the woman’s clothing. The lighting is dim, with shadows dominating the interior of the barn and the ground, while the upper part of the image shows a pale, overcast sky. The composition is framed within an oval shape, with the woman and the cart positioned in the lower half, and the barn and roof occupying the upper and central areas. The depth of the scene is varied, with the woman and the nearest pillar appearing closest, while the barn and the cart are set further back, creating a sense of spatial separation."
Realism/n.c.-wyeth_the-death-of-guenever.jpg,"A man in a dark, heavy robe stands to the right of a bed, his head bowed and hands holding a small object, possibly a pen or stylus. He is positioned near the center-right of the frame, facing the bed. On the bed, a woman lies on her back, her head resting on a pillow, covered by a white sheet that drapes over her body. Her face is turned upward, and she appears to be looking toward the man. To the left of the bed, near the wall, there are three tall, thin objects that resemble candles, standing upright on a surface. The background is a plain, dimly lit wall with a textured, grainy appearance, and the overall lighting is subdued, with a faint glow emanating from the area around the candles, casting a soft, diffuse light across the scene. The colors are muted, dominated by dark grays, blacks, and a pale, off-white for the bed linens. The textures suggest a rough, possibly aged surface, with the man’s robe appearing thick and heavy, and the bed linens smooth and slightly wrinkled. The depth of the scene is shallow, with the bed and the woman appearing closest to the viewer, while the man and the candles are slightly further back, creating a sense of spatial separation. The overall composition is static, with no movement suggested in the figures or objects."
Symbolism/gustave-moreau_humanity-the-golden-age-depicting-three-scenes-from-the-lives-of-adam-and-eve-the-silver-age-1886.jpg,"The artwork shows a large, arched ceiling and wall panel, framed in ornate, gilded woodwork. Above, a semicircular section depicts a central figure with wings, surrounded by smaller winged figures against a dark, cloudy sky. Below this, a grid of nine smaller rectangular panels, each enclosed in its own decorative frame, is arranged in three rows of three. Each panel contains a distinct scene with figures, often nude or semi-nude, set in natural or mythological landscapes. The figures vary in pose: some stand, some sit, some lie, and some appear to be in motion or interacting with their surroundings. The overall composition is symmetrical and formal, with the central panel in the top row appearing to be the most prominent.

The main figures in the upper semicircular section are positioned centrally, with the central figure elevated and dominant, flanked by smaller figures. The nine smaller panels are arranged in a strict grid, each separated by ornate, carved frames. The figures in the panels are positioned within their respective scenes: some are in the foreground of their scenes, others are in the background, and some appear to be in mid-air or in motion. The depth of the scenes varies, with some figures appearing closer to the viewer and others receding into the background. The panels are arranged in a way that suggests a deliberate, structured composition, with the central panel in the top row being the most prominent.

The artwork is rendered in a dark, somber palette, dominated by black, gray, and dark olive green. The gilded frames are highly reflective and detailed, with intricate carvings that suggest a rich, luxurious material. The surfaces of the paintings appear to be textured, with visible brushwork and varied tones that suggest depth and form. The lighting is subdued, with no strong highlights or shadows, creating a sense of solemnity and mystery. The overall impression is one of grandeur and complexity, with the ornate frames and the detailed scenes creating a sense of awe."
Post_Impressionism/maurice-prendergast_may-day-central-park.jpg,"The artwork shows a large group of people gathered in a park-like setting under the shade of many tall trees. The trees form a dense canopy overhead, with their trunks and branches visible throughout the scene. The ground is covered with grass and appears uneven, with patches of sunlight filtering through the leaves. Many figures are scattered across the scene, mostly clustered in the center and lower half, with some individuals standing or sitting near the edges. A few people are holding umbrellas, some of which are red and others are patterned with bright colors. A small cart or wagon is visible in the bottom left corner, with a person standing beside it. The figures are dressed in clothing that suggests a historical period, with many wearing dresses and hats. The overall impression is one of a busy, crowded outdoor gathering. The colors are dominated by various shades of green, with accents of red, yellow, and blue. The brushwork is loose and impressionistic, with visible strokes and a lack of fine detail. The depth of the scene is suggested by the layering of figures and trees, with some elements appearing closer to the viewer and others receding into the background. The lighting is diffuse, with no strong shadows, and the overall tone is bright and lively."
Baroque/frans-hals_a-young-man-in-a-large-hat-1629.jpg,"The painting shows a man in the center, wearing a large, dark, wide-brimmed hat that covers most of his head. He is turned slightly to his right, looking toward the viewer with a slight smile. His face is partially visible, with his mouth open as if speaking or laughing. He wears a dark brown garment with a white, ruffled collar and a red ribbon or sash tied around his neck. His right hand is visible in the lower left, holding a small object that appears to be a glass or a bottle with a dark liquid. The background is a plain, dark, oval-shaped frame, suggesting the image is presented within a circular or oval border. The overall color palette is dominated by dark browns and muted tones, with a small area of rosy brown on the man’s cheeks. The brushwork is loose and textured, with visible strokes, especially around the face and clothing. The depth of the image is shallow, with the man’s face and hand appearing closest to the viewer, while the background is flat and indistinct. The lighting is soft and even, with no strong shadows or highlights, contributing to a subdued, intimate atmosphere."
Realism/boris-kustodiev_poster-for-the-freedom-loan-1917.jpg,"A central figure, a man with a beard and a fur hat, stands tall on a raised platform, holding a rifle horizontally across his body. He wears a long, dark coat with red trim on the collar and shoulders, a belt around his waist, and dark boots. Behind him, to his left and right, are large red flags with black Cyrillic text. Below him, a crowd of people is visible, some raising their hands or holding objects, though their features are indistinct. The background is a plain, light-colored surface. At the top of the image, large red Cyrillic letters read “ЗАЕМЬ СВОБОДЫ.” The man’s posture is upright and commanding, facing forward. The flags are positioned on either side of him, extending outward. The crowd is clustered at the base of the platform, appearing to look up toward the central figure. The overall color palette is dominated by earthy tones: sienna, dark slate gray, and tan, with the red of the text and flags providing strong contrast. The surface of the image suggests a printed or painted medium, with visible texture and line work, particularly around the figure’s clothing and the rifle. The depth of the image is varied, with the central figure and the platform in the foreground, the crowd in the mid-ground, and the flags and background elements receding into the distance. The lighting is flat and even, with no strong shadows or highlights, giving the image a stark, propagandistic quality."
Mannerism_Late_Renaissance/piero-di-cosimo_the-immaculate-conception-with-saints-1510.jpg,"A central figure, a woman in a dark robe over a red garment, stands elevated on a stone platform, her hands clasped before her, head tilted upward. Above her, a white bird flies against a cloudy sky. To her left, a woman in a dark robe with red sleeves holds a white flower, while another woman in a red robe kneels before the central figure, hands raised. To the right, an older man with a white beard and a younger man with a bald head stand near the central figure, both looking upward. Behind them, a landscape with palm trees and distant buildings is visible. The scene is set in a space with a flat, dark floor. The colors are dominated by dark tones, with reds and browns appearing in the clothing and background. The figures are arranged in a way that suggests a gathering or ceremony, with the central figure as the focal point. The depth of the image is varied, with the central figure and those closest to her appearing closest to the viewer, while the background elements are further away. The lighting is subdued, with no strong highlights or shadows, and the textures are not clearly defined."
Pop_Art/george-segal_blue-girl-on-park-bench-1980.jpg,"A man sits on a dark bench, facing slightly away from the viewer. He is dressed in a full-length, textured garment that appears to be a raincoat or heavy coat, with a hood pulled over his head. His posture is slumped, with his hands resting on his lap or near his knees. To his right, on the bench, lies a crumpled blue fabric item, possibly a jacket or bag. At his feet, in the foreground, rests a brown, worn bag with handles. The bench is simple, with horizontal slats and dark legs, positioned against a plain, light background. The lighting is even, casting a soft shadow beneath the bench and the figure. The overall color palette is muted, dominated by dark tones of the bench and the figure’s clothing, contrasted by the brown bag and the blue fabric. The surface textures of the clothing and bag suggest rough, possibly fabric-like material. The depth of the scene is shallow, with the figure and bench occupying the foreground, and the background receding into a flat, unbroken expanse."
Abstract_Expressionism/sam-francis_sulfur-sails-1969.jpg,"The artwork shows a central white area, framed by a chaotic, splattered border of paint. The paint splatters are scattered across the edges, with colors including red, green, blue, yellow, and brown, appearing in irregular, energetic bursts. The white center is empty and unadorned, suggesting a blank space or canvas. The splatters are densest along the outer edges, with some drips and smudges extending inward, particularly toward the bottom and right sides. The depth of the image is mostly far, with most pixels appearing distant, and only a small portion near the edges suggesting closer proximity. The surface texture appears flat and painted, with no discernible physical objects or figures present. The overall impression is one of abstract energy contained within a defined, empty center."
Pop_Art/patrick-procktor_l-h-m-u-liza-heygate-michael-upton-1964.jpg,"The artwork shows a divided composition. The top portion contains abstract, dark, flowing shapes against a background of blue and green, with vertical lines on the right. The bottom portion is dominated by a central, dark, face-like form with a pale, featureless expression, surrounded by chaotic, tangled strokes in gray, white, and brown. The central figure appears to be seated or standing, partially obscured by surrounding marks. The overall impression is one of layered, textured surfaces with no clear foreground or background, as the depth distribution is evenly spread, with most of the image in the near band. The colors are mostly dark, with the blue and green in the top section contrasting against the gray and brown in the lower section. The surface appears rough and tactile, with visible brushwork and texture."
Post_Impressionism/grã©goire-michonze_cows-at-pasture-1969.jpg,"The artwork depicts a field of green grass in the foreground, with several cattle scattered across it. Some of the animals are standing, while others are lying down. Behind them, a dense line of dark green trees stretches across the background. The cattle are positioned throughout the middle ground, with some closer to the viewer and others further back, creating a sense of depth. The colors are dominated by various shades of green and gray, with the grass appearing as a broad, flat expanse of dark green. The trees in the background are rendered in thick, dark strokes, suggesting a dense forest. The cattle are painted with rough, visible brushstrokes, and their forms are not sharply defined, blending into the surrounding environment. The overall impression is one of a natural, rural scene, with the animals appearing calm and at rest."
Realism/julius-leblanc-stewart_the-ball(1).jpg,"The painting depicts a crowded, opulent ballroom filled with people dancing and socializing. In the foreground, a woman in a yellow dress sits on a chair to the left, while another woman in a green dress sits to the right, both facing away from the viewer. A man in a dark suit sits in the bottom center, his back to the viewer. To the left, a man in a dark suit with a red flower on his lapel stands near a woman in a red dress, who is turned toward him. The center of the scene shows a woman in a white gown with a red sash dancing with a man in a dark suit, their bodies close and in motion. Other figures are scattered throughout the room, some dancing, some standing, some seated, all in formal attire. The background is filled with more people, dimly lit by wall sconces and a large chandelier hanging from the ceiling. The room has heavy, dark curtains and ornate walls, with a dance floor visible in the lower left. The lighting is warm and dim, with highlights on the figures and the chandelier, while the rest of the room is in shadow. The colors are mostly dark, with accents of red, yellow, and white. The textures suggest fabric, wood, and metal, with the figures rendered in a style that emphasizes movement and form. The depth is varied, with the foreground figures closest to the viewer and the background figures receding into the distance."
Realism/pyotr-konchalovsky_still-life-meat-and-poultry-1936.jpg,"The artwork shows a cluttered interior scene with a wooden wall in the background and a table in the foreground. Hanging from hooks on the wall are several slaughtered birds, including a large dark-feathered bird with its wings spread, and a smaller bird with its head down. On the table, there are more birds, some whole and some partially eaten, along with a pot and scattered pieces of meat. A chicken is visible on the table, and another bird is near the bottom left corner. The scene is dominated by dark, earthy tones, including black, dark khaki, and saddle brown. The lighting is dim, with shadows cast across the objects, and the textures suggest rough wood, wet meat, and dull metal. The depth of the scene is shallow, with most objects appearing close to the viewer, and the background wall is slightly out of focus. The arrangement suggests a butcher’s stall or a preparation area, with no clear focal point, and the objects are scattered in a chaotic manner."
Baroque/adriaen-van-ostade_interior-of-a-tavern-with-violin-player.jpg,"The painting shows three men in a dimly lit interior, likely a tavern or rustic room. One man, seated on the left, is playing a violin while leaning forward, his head tilted down. Another man, standing in the center, wears a dark hat and coat and holds a pipe to his mouth, looking down at the seated man. A third man, seated on the right, faces the violinist, his head turned toward him, and appears to be drinking from a glass. A small wooden table sits between the standing man and the seated man on the right, with a bowl and a spoon on it. A stool is positioned near the seated man on the right, and another stool is near the violinist on the left. In the background, through a window with a grid pattern, a dog is visible on a table, and other figures are faintly discernible. The room has dark, rough walls and a wooden door on the left. The floor is uneven and appears worn. The lighting is dim, with a single source illuminating the central figures, casting shadows. The dominant colors are dark olive green, black, and a muted brownish-red. The textures suggest rough wood, coarse fabric, and worn surfaces. The depth is shallow, with most of the image focused on the central group, while the background is blurred and indistinct."
Post_Impressionism/richard-gerstl_meadow-with-houses-in-background-1907.jpg,"A tree dominates the scene, its trunk rising vertically along the right side of the composition. The trunk is dark, with visible vertical striations, and branches extend outward and upward, covered in dense foliage. The leaves are rendered in a variety of green tones, from bright to deep, with some areas showing hints of purple and blue. The ground beneath the tree is a flat, textured green, suggesting grass or earth, and appears to be in the foreground. The background is filled with more greenery and indistinct shapes, suggesting a wooded or garden setting. The overall impression is one of a natural, outdoor environment, with the tree as the central focus. The painting uses thick, visible brushstrokes, giving the surface a textured, tactile quality. The colors are vibrant and saturated, with the greens being particularly prominent. The depth of the image is varied, with the tree trunk appearing closest to the viewer, while the background elements recede into the distance. The composition is not symmetrical, with the tree’s form leaning slightly to the right, creating a sense of natural, unbalanced growth. The brushwork is loose and expressive, with no clear lines defining edges, contributing to a sense of movement and vitality. The image does not contain any human figures or other distinct objects, focusing entirely on the tree and its immediate surroundings. The overall effect is one of a dynamic, living scene, rendered with energy and intensity."
Abstract_Expressionism/joan-miro_not_detected_227940.jpg,"The artwork shows two abstract, stylized figures against a textured, muted background. The figure on the left is large and dominates the center-left, with a black outline, a wide red-orange face, and two large, circular eyes—one red, one blue—set within a black frame. Its mouth is a dark, undefined shape. The figure on the right is smaller, greenish with black markings, and appears to be in motion or gesturing with elongated, curved black limbs. Between them, a thin black line stretches horizontally, suggesting a connection or barrier. The background is a mottled beige with scattered splotches of red, blue, green, and purple, and the surface has a rough, uneven texture with visible brushstrokes and areas of white glare.

The figures are positioned side by side, with the left figure occupying the foreground and the right figure slightly behind and to the right. The central horizontal line separates them visually, and the left figure’s form is more solid and frontal, while the right figure’s limbs curve outward and upward, suggesting movement or tension. The depth of the image is shallow, with most of the visual weight concentrated in the foreground, where the left figure is most prominent. The background elements are less distinct and appear to recede, with only a small portion of the image showing deeper spatial layers.

The visual qualities include a rough, textured surface with visible brushwork and areas of high contrast. The colors are bold and saturated in places—red, blue, green, and yellow—against a muted, earthy background. There are patches of white and silver that appear to be reflective or metallic, particularly around the left figure’s face and limbs, suggesting a glossy or uneven surface. The overall impression is one of energetic abstraction, with no clear narrative or realistic detail."
High_Renaissance/andrea-solario_head-of-st-john-the-baptist.jpg,"A head with closed eyes and curly dark hair rests on a circular, reflective dish that sits on a pedestal. The dish has a thin gold rim and is placed on a wooden surface. The background is dark and uniform. The head is positioned centrally, facing slightly upward and to the right. The neckband, appearing reddish, is visible just below the chin. The entire composition is set against a dark, unadorned backdrop. The surface of the dish reflects the head and the surrounding area. The lighting is focused on the head, creating highlights on the forehead and cheek, while the rest of the scene remains in shadow. The wooden surface beneath the dish shows a grain pattern. The pedestal is metallic and has a reflective surface with a gold rim. The overall depth of the image is shallow, with the head and dish in the foreground and the background receding into darkness."
Post_Impressionism/maurice-denis_the-road-to-calvary.jpg,"A person is shown in the center, carrying a large, dark cross. The figure’s body is mostly in silhouette, with a reddish-orange area visible on the left side, possibly indicating clothing or a wound. The cross is positioned diagonally, extending from the upper left toward the center. The figure’s arms are raised, gripping the cross, and their posture suggests they are walking forward. In the background, a hazy, distant landscape stretches across the top, with faint, indistinct shapes that appear to be trees or structures. The ground is covered with small, yellow flowers scattered across the lower portion of the image. The overall color palette is dominated by dark grays, blacks, and muted tones, with the yellow flowers providing a small contrast. The image has a flat, painterly quality, with no clear sense of texture or material detail. The depth of the scene is shallow, with most of the image appearing close to the viewer, and the background elements are blurred and indistinct."
Baroque/adriaen-brouwer_smallholders-playing-dice.jpg,"The painting shows two figures in a dimly lit interior. One figure, positioned in the center, is seated on a stool and appears to be holding a small object near their face with one hand, while the other hand is raised toward the upper part of the frame. Another figure, to the right, is leaning forward with their head tilted back and mouth open, as if reacting to the central figure’s actions. A third figure is partially visible in the upper left, with their arm raised and holding an object that resembles a skull or a similar rounded item. The background is dark and indistinct, with no clear architectural features. The figures are dressed in dark, muted clothing, with one figure wearing a reddish garment that stands out against the otherwise somber tones. The overall composition is tightly packed, with the figures occupying most of the frame. The lighting is subdued, with no strong directional light source, and the colors are dominated by dark olive green and dark slate gray. The brushwork is visible and rough, suggesting a textured surface. The depth of the image is shallow, with most of the visual weight concentrated in the foreground, where the figures are located. The stool and the chair in the right are positioned close to the central figure, reinforcing the sense of proximity and immediacy. The image lacks clear spatial separation between the figures, creating a sense of claustrophobic intensity."
High_Renaissance/michelangelo_ignudo-7.jpg,"A nude male figure, appearing to be an angel, is depicted reclining on a stone ledge or architectural element. His body is positioned diagonally across the frame, with his left arm resting along his side and his right arm extended outward, hand open and resting on a draped surface. His head is turned slightly to his left, looking toward the viewer with a neutral expression. His legs are bent at the knee, with one foot resting on the ledge and the other slightly raised. Behind him, a large, draped fabric in deep purple and orange tones hangs in folds, partially obscuring the background. To the right, a portion of another figure is visible, with a purple garment and a hand reaching toward the central figure. The background includes architectural elements, such as a pillar or column, and a wall with a recessed area. The lighting is soft and directional, highlighting the contours of the figure’s body and casting subtle shadows. The colors are muted, dominated by earth tones and deep purples, with the skin rendered in natural, warm tones. The texture of the fabric and the stone surface is suggested through careful rendering of folds and surface detail. The depth of the image is varied, with the central figure appearing closest to the viewer, while the background elements recede into the distance. The overall composition suggests a static, contemplative moment, with the figure’s pose and the surrounding elements creating a sense of spatial depth and narrative tension."
Baroque/frans-hals_portrait-of-a-man-nicolaes-pietersz-duyst-van-voorhou.jpg,"A man is depicted in a half-length portrait, centered in the frame. He wears a wide-brimmed black hat that covers the top of his head and extends outward, casting shadow over the upper part of his face. His long, wavy brown hair falls over his shoulders. He has a prominent mustache and a small goatee, and his face is turned slightly to his right, with his gaze directed toward the viewer. He is dressed in a dark, possibly black, garment with a large, ornate white lace collar that extends around his neck and shoulders. The collar is detailed with intricate, lace-like patterns. His right hand is visible, resting near his waist, with the fingers curled inward. The background is a dark, solid color, with no discernible objects or features. The lighting is focused on the man’s face and upper body, creating a contrast with the dark background. The texture of the clothing and the lace collar is visible, with the fabric appearing to have a slightly rough or uneven surface. The overall composition is centered, with the man’s figure occupying the majority of the frame. The depth of the image is shallow, with the man’s face and upper body appearing closest to the viewer, while the background is blurred and indistinct. The colors are predominantly dark, with the white lace collar providing a stark contrast against the dark clothing and background."
Minimalism/michelangelo-pistoletto_door-1976.jpg,"A single, bright yellow door stands open, angled slightly to the right, against a plain white wall. The door is mounted on a thin, silver-colored metal base that rests on a light-colored wooden floor. The door’s frame is also yellow and appears to be made of metal or painted wood, with a smooth, uniform surface. Two small, round, metallic doorknobs are visible on the door’s face, positioned near the center. The door is not fully open; it is slightly ajar, revealing a narrow gap between the door and the frame. The wall behind the door is completely white and unadorned. The floor is a light wood laminate with visible grain. The entire scene is set in a minimalist, uncluttered space with no other objects or furniture visible. The lighting is even and diffuse, casting soft shadows on the floor and wall. The door’s surface is flat and untextured, with no visible patterns or markings. The silver base is thin and appears to be a simple, functional support, not decorative. The overall composition is centered, with the door occupying the central area of the frame. The depth of the image is shallow, with the door and its base appearing closest to the viewer, while the wall and floor recede into the background. The image is static, with no movement or action depicted."
Abstract_Expressionism/sam-francis_untitled-from-papierski-portfolio-sf-355-1992.jpg,"The artwork shows a dynamic, abstract composition filled with splatters and streaks of paint in multiple colors. There is no single figure or object; instead, the entire surface is covered with chaotic, energetic marks in red, yellow, blue, green, and black, scattered across a white background. The paint appears to have been thrown or sprayed with force, creating a dense, textured field of color that dominates the entire visual space. The arrangement of the marks is random and layered, with no clear foreground or background, and no identifiable figures or objects. The colors are vivid and saturated, with some areas appearing more concentrated or darker than others, suggesting variation in paint density or application. The texture is rough and uneven, with visible drips and splashes that give the surface a tactile, almost physical quality. The depth is not clearly defined, as the image lacks distinct spatial layers, but the distribution of marks suggests some variation in intensity and placement, with some areas appearing more prominent or closer to the viewer than others."
Northern_Renaissance/albrecht-durer_st-catherine-and-the-executioner.jpg,"A man with a thick, curly beard and curly hair stands over a woman who is kneeling on the ground. The man holds a sword high in his right hand, pointing upward and to the left. The woman, dressed in ornate clothing with a ruffled collar and a long skirt, is positioned beneath him, her hands raised as if in supplication or surrender. Her head is tilted slightly upward, and her body is angled toward the viewer’s left. The man’s left arm is bent, and his hand rests near the woman’s shoulder. The scene is set on a flat, dark surface that appears to be ground or stone, with no other objects or background elements visible. The entire image is rendered in monochrome, with varying shades of gray and black, and the lines are detailed and precise, suggesting a drawing or engraving. The depth of the image is shallow, with most of the area appearing far away, and the figures are positioned close to the viewer’s perspective."
Northern_Renaissance/robert-campin_the-liturgical-vestments-of-the-order-of-the-golden-fleece-the-cope-of-the-virgin-mary-1442-1.jpg,"The artwork depicts a large, curved, semi-circular panel, resembling a vaulted ceiling or a decorative screen, covered in intricate, repeating geometric patterns. At the center top, a figure sits on a throne, surrounded by a curtain, and appears to be in a position of authority or divine presence. Around this central figure, the panel is divided into many small, hexagonal compartments, each containing a different figure or scene, mostly in religious or allegorical poses. The figures are dressed in robes of various colors, mostly earth tones like peru and dark khaki, with some areas of snow-white or pale yellow. The entire surface is framed by a decorative border with small, repeating floral or star-like motifs. The panel has a golden, aged appearance, with visible signs of wear and cracking, suggesting it is an old, possibly handcrafted object. The depth of the image varies, with most areas appearing far away, and some elements, particularly those near the edges, appearing closer, but no single object is clearly in the foreground. The overall impression is one of complexity and solemnity, with no clear focal point other than the central throne figure."
Post_Impressionism/vincent-van-gogh_portrait-of-armand-roulin-1888.jpg,"A man is depicted in profile, facing left, wearing a wide-brimmed black hat. He is dressed in a dark coat over a light-colored shirt with a loosely tied cravat. The background is a flat, textured green. The figure occupies the center of the composition, with the hat positioned at the top of the frame. The man’s head and shoulders are the most prominent elements, with the hat casting a shadow across his forehead and the left side of his face. The lighting appears to come from the right, illuminating the right side of his face and neck, while the left side remains in shadow. The texture of the paint is visible, with thick, impasto strokes, especially on the face and clothing. The green background is uniform and does not contain any other objects or details. The depth of the image is shallow, with the figure appearing close to the viewer, while the background is slightly receding. The overall impression is one of a static, formal portrait with a strong contrast between the dark clothing and hat and the bright, flat background."
Baroque/gian-lorenzo-bernini_st-longinus(1).jpg,"A statue of a figure stands centrally, positioned on a pedestal beneath a large arched opening. The figure is depicted in a dynamic pose, one arm extended outward with a spear held aloft, the other arm reaching forward. The figure’s body is draped in flowing robes that appear to be caught in motion, with fabric falling in heavy, sculpted folds. The statue is set within a recessed architectural frame, flanked by two vertical pillars on either side, and above it, the archway is adorned with decorative, circular motifs and geometric patterns. The entire structure is made of stone, with visible texture and weathering. The lighting is even, casting subtle shadows that define the form of the figure and the surrounding architecture. The color palette is muted, dominated by shades of gray and dark olive green, consistent with the stone material. The depth of the scene is layered, with the statue and pedestal in the foreground, the archway and its decorations receding into the background, and the pillars framing the composition on the left and right."
Realism/camille-corot_cowherd-and-her-child.jpg,"A woman and a small child stand near the edge of a riverbank, partially obscured by dense foliage and bare tree branches in the foreground. To their right, a cow lies in the grass near the water’s edge. Across the river, a cluster of houses is visible on a hillside, surrounded by trees. The scene is framed by dark, leafless trees on the left and right, with the river stretching horizontally across the middle ground. The woman appears to be holding something in her hand, possibly a stick or tool, and is turned slightly away from the viewer, while the child stands close to her. The cow is positioned on the right side of the composition, near the water’s edge, and is mostly in shadow. The overall lighting is dim and diffuse, with muted tones of gray, brown, and dull green dominating the palette. The brushwork suggests a textured surface, with visible strokes in the foliage and water, and the river appears as a flat, reflective surface. The depth of the scene is layered, with the foreground elements sharply defined and the background houses appearing distant and less detailed."
High_Renaissance/giovanni-bellini_the-assassination-of-st-peter-martyr-1509.jpg,"The painting depicts a chaotic outdoor scene in a wooded area, with several figures in motion. In the foreground, a man in armor stands over a fallen figure who is lying on the ground, wearing a dark robe and white undergarment, with a sword resting near his head. To the right, another man in armor, also wearing a helmet, is lunging toward a standing figure in a white robe and black cloak, who appears to be reaching out with both hands. A third figure, partially visible on the far left, is holding a shield and a staff. The background shows a dense forest with trees and distant figures, suggesting a larger gathering or event. The ground is uneven and covered with dirt, and there are scattered objects including a red circular object near the center and a small plant in the lower right. The overall color palette is dominated by earthy tones, including sienna, dark slate gray, and dark khaki. The lighting is diffuse, with no strong directional light source, and the textures suggest rough surfaces for the armor and clothing, while the ground appears dry and uneven. The depth of the scene is varied, with the foreground figures clearly in focus and the background figures appearing smaller and less detailed."
Northern_Renaissance/pieter-bruegel-the-elder_walls-towers-and-gates-of-amsterdam.jpg,"The artwork depicts a large, fortified castle complex situated along the edge of a wide body of water. The castle is composed of multiple towers and walls, with a central tower rising prominently in the center of the composition. To the left, a smaller, more rounded structure with an arched opening is visible, and to the right, another tower with a pointed top stands near the water’s edge. A wooden bridge or pier extends from the right side toward the center of the castle. The water occupies the lower portion of the image, appearing calm and reflecting the structures faintly. The entire scene is rendered in a monochromatic, sepia-toned palette, with textures suggesting pencil or charcoal work. The image is heavily faded, with visible signs of aging and discoloration across the surface. The depth of the scene is shallow, with most of the image appearing far away, and the foreground elements are minimal, dominated by the water and the distant castle. The castle’s architecture is detailed with windows, battlements, and archways, but the overall impression is one of quiet, imposing stillness."
Romanticism/gustave-dore_don-quixote-118.jpg,"A man lies in a bed, his body curled and resting on pillows. His head is tilted to one side, partially covered by a cloth or bandage, and his face is turned toward the viewer with a weary, possibly pained expression. His hands are clasped together near his chest, and one hand appears to be holding a cigarette. The bed is positioned centrally, with pillows visible behind his head, one on the left and one on the right. The image is rendered in grayscale, with deep shadows and fine lines suggesting texture and depth. The overall impression is one of exhaustion or illness, with the man’s posture and the stillness of the scene conveying a sense of rest or suffering. The depth of the image varies, with the bed and the man’s body appearing closest to the viewer, while the background remains indistinct."
Realism/boris-kustodiev_chairman-of-the-council-of-ministers-i-l-goremykin-1906.jpg,"A woman is shown in the center of the image, facing slightly to the right. Her head is tilted back, and her eyes are closed. Her hair is thick and curly, extending outward from the sides of her head and framing her face. The hair appears to be drawn with heavy, textured lines, giving it a dense, voluminous look. The woman’s shoulders and upper body are visible, and she is wearing a dark garment with a textured, possibly fur-lined collar that extends across the lower part of the image. The background is plain and light-colored, with no discernible objects or details. The image is rendered in black, gray, and white tones, with no visible color. The depth of the image is shallow, with the woman’s face and hair appearing to be the closest elements, while the rest of the image fades into a flat, uniform background. The texture of the hair and the garment is emphasized through heavy, sketch-like lines, giving the image a rough, hand-drawn quality. The overall impression is one of a stylized, exaggerated portrait with a focus on the woman’s hair and facial expression."
Romanticism/ivan-aivazovsky_the-shipwreck-near-mountain-of-aphon-1856.jpg,"The artwork depicts a turbulent sea under a dramatic sky, with a large, dark cliff face dominating the right side of the scene. A ship, its masts and rigging visible, is caught in the stormy waters on the left, appearing to be in distress or already wrecked. In the foreground, the sea churns with white-capped waves, and a small, broken vessel lies partially submerged near the bottom left. On the rocky shore to the right, a group of figures stands near the cliff’s base, appearing small and distant against the massive rock formation. The sky is filled with heavy, swirling clouds, lit from behind by a bright, glowing sun that casts an orange and yellow hue across the horizon and the water’s surface. The overall color palette is dominated by warm, fiery tones in the sky and water, contrasting with the dark, shadowed cliff and the muted, earthy tones of the shore. The texture of the sea suggests rough, churning motion, while the cliff appears rugged and imposing. The figures on the shore are indistinct, their forms blurred and small, emphasizing the scale of the natural elements around them. The depth of the scene is varied, with the foreground waves and the distant ship appearing far away, while the cliff and the figures on the shore are closer, creating a sense of spatial tension."
Baroque/jan-steen_winning-speaker.jpg,"A group of three men is gathered around a wooden table in a dimly lit room. One man, positioned on the left, wears a tall black hat and leans forward, his head tilted down as if reading or examining something. In the center, a man with a white head covering and a beard holds a crumpled piece of paper, his face turned slightly away, appearing to be in the middle of a conversation or reaction. To the right, another man, wearing a red cap with a feather, laughs openly, his mouth wide and eyes squinted, holding a glass. Behind them, a third man is partially visible, his face obscured by shadow and his head turned away. The table in the foreground holds a small object that appears to be a pipe or a similar item. The overall lighting is subdued, with shadows dominating the scene, and the colors are mostly dark, including shades of dark slate gray, sienna, and muted browns. The figures are close together, creating a sense of intimacy and immediacy, with the central figure and the laughing man being the most prominent in the composition. The depth of the image is shallow, with most of the visual focus on the figures in the foreground, while the background remains indistinct."
Ukiyo_e/utagawa-toyokuni_actor-bando-mitsugoro-iii-as-ko-no-moronao-1814.jpg,"A man in traditional Japanese attire sits in a seated position, facing slightly to the viewer’s left. He wears a dark, wide-brimmed hat, a layered robe with a brown outer garment and a purple inner layer, both decorated with white floral patterns. His face is painted with red markings around the eyes and mouth, and he holds a fan in his right hand, which is resting on his lap. A sword with a red-handled scabbard is visible at his side, partially tucked under his robe. The figure’s posture is upright, and his head is tilted slightly upward, with a neutral or slightly stern expression. To the left of the figure, a vertical scroll with Japanese characters is positioned, appearing to be mounted or attached to the image surface. The background is plain and unadorned, with no discernible objects or depth cues beyond the figure and the scroll. The overall color palette is muted, dominated by shades of brown, gray, and black, with small accents of purple and white in the clothing. The texture of the robe appears to be fabric, with visible folds and creases, and the fan and sword have defined edges and details. The depth of the image is shallow, with the figure and scroll appearing closest to the viewer, while the background is indistinct and lacks clear spatial separation."
Post_Impressionism/henri-matisse_odalisque-1.jpg,"A nude figure lies on a bed, positioned diagonally across the center of the composition. The figure’s body is stretched from the lower left toward the upper right, with the head resting on a pillow that is partially visible behind the figure’s shoulder. The figure’s arms are raised, one hand near the head, the other bent across the torso. The bed is covered with a yellowish-green fabric that drapes around the figure’s body and legs. The background consists of a plain, light-colored wall with vertical lines suggesting a window or paneling, and a faintly visible white object in the upper left corner, possibly a curtain or part of a bed frame. The figure’s skin is rendered in muted tones of gray, silver, and dark slate gray, with no distinct facial features or detailed textures. The painting’s surface has a visible texture, with brushstrokes that are thick and uneven, particularly around the figure’s limbs and torso. The overall impression is one of a static, reclined pose, with no movement or action depicted. The depth of the image is varied, with the figure and bed occupying the mid-ground, while the background recedes into a lighter, less defined space. The bottom left corner contains a signature, which appears to be the artist’s name."
Baroque/isaac-van-ostade_the-cut-pig.jpg,"A large, raw animal carcass, appearing to be a lamb, hangs suspended from a crude wooden frame in the center-right of the scene. The carcass is positioned in a dimly lit, rough interior space with a visible brick wall behind it. To the left, a man is crouched near the floor, partially obscured by shadow and a large bundle of dried plant material or straw that leans against the wall. The floor is uneven and littered with scattered objects, including a dark, rounded vessel and what appears to be a broken or discarded bowl. The overall lighting is dim, with a focused, warm glow illuminating the carcass, casting deep shadows around it and the surrounding area. The dominant colors are dark browns, siennas, and black, with the carcass showing reddish-pink flesh tones. The textures suggest rough, unpolished surfaces, with the wooden frame and brick wall appearing coarse and weathered. The man’s posture suggests he is engaged in some task, possibly related to the carcass, though his exact activity is unclear. The depth of the scene is shallow, with most visual elements clustered close to the viewer, and the background recedes into shadow."
Abstract_Expressionism/jay-defeo_the-rose-1966.jpg,"The artwork shows a central, radiating pattern carved into a rough, uneven surface that appears to be concrete or stone. The pattern resembles a sunburst or fan, with multiple thin, straight lines extending outward from a central point, creating a star-like or radial shape. The surface surrounding this pattern is textured and irregular, with visible cracks, lumps, and variations in tone, suggesting a weathered or aged material. The central pattern is lighter in color, appearing as a pale, almost white or light gray, contrasting with the darker, more mottled gray and dark slate-gray tones of the surrounding material. The depth of the image varies, with the central pattern appearing to be slightly recessed or carved into the surface, while the surrounding area is more raised or uneven. The overall impression is one of a deliberate, geometric design imposed upon a rough, naturalistic background."
Pop_Art/hiro-yamagata_telephone-1987.jpg,"The artwork depicts a bustling, rain-slicked street scene at night, viewed from a low angle. In the foreground, a dark green vintage taxi with a checkered pattern on its side is parked on the right, its front end angled toward the viewer. To the left, a group of people holding colorful umbrellas—red, blue, green, and black—walk along the wet pavement, their figures blurred and indistinct. A telephone booth stands near the center, its glass front reflecting the neon glow of the surrounding buildings. Behind them, a row of brightly lit storefronts stretches across the background, each with distinct signage: “CASINO DE PARIS,” “PATISSERIE,” “NICOLE’S,” and “STELLA BY STARL” are visible. The buildings are rendered in bold, saturated colors—reds, blues, pinks, and yellows—contrasting sharply with the dark, reflective street. The wet pavement mirrors the lights and signs, creating distorted, shimmering reflections. The overall impression is one of a vibrant, chaotic urban night, with the rain and neon lights creating a sense of motion and energy. The depth is shallow, with most of the image focused on the street level, and the buildings receding into the background. The colors are vivid and saturated, with strong contrasts between the bright signs and the dark surroundings. The texture of the pavement appears wet and glossy, while the buildings have a flat, painted surface. The figures are stylized and simplified, with no fine details, suggesting a graphic or illustrative style."
Pop_Art/erro_the-final-selection-1961.jpg,"The artwork shows a dense, swirling composition of abstract, organic forms that appear to float and twist across the canvas. These forms are mostly elongated, with some resembling distorted faces or creatures, and are rendered in a palette of dark gray, slate gray, and muted tones, with occasional flashes of green, red, and blue. In the lower portion, a large, green, segmented creature with a wide, open mouth and a single prominent eye dominates the foreground. To its right, a smaller, leaf-like form with circular patterns is visible. The forms are layered, with some appearing closer to the viewer and others receding into the background, creating a sense of depth. The overall impression is one of chaotic movement and layered complexity, with no clear focal point. The surface texture appears flat, with no visible brushwork or material texture, and the lighting is even, with no strong highlights or shadows. The depth distribution suggests a mid-range focus, with most elements appearing at a moderate distance from the viewer, while some forms are positioned closer or farther away."
Symbolism/nicholas-roerich_christ-1933.jpg,"A glowing figure, appearing as an angel, stands centered in the image, surrounded by jagged, dark blue mountain peaks. The figure is illuminated from within by a bright, pale yellow light that radiates outward, casting a soft glow on the surrounding rock faces. Above, the sky is a deep, muted greenish-blue, with a single small star visible in the upper right corner. In the bottom right corner, a man is seated, facing slightly toward the angel, with his head lowered and hands resting on his lap. The foreground consists of dark, angular rock formations, with the man positioned on the right side of the composition, near the base of the mountains. The overall color palette is dominated by dark slate blue and gray, with the angel’s light providing the only significant contrast. The image has a strong sense of depth, with the mountains and foreground rocks appearing close, while the angel and distant peaks recede into the background. The texture of the rocks is rough and jagged, while the angel’s form is smooth and luminous, creating a stark visual contrast."
Ukiyo_e/katsushika-hokusai_ocean-waves.jpg,"The artwork depicts a turbulent sea with two small boats navigating through massive, crashing waves. A large wave dominates the center, curling upward with white foam and textured crests. In the upper left, a boat with a person at the stern is shown moving away from the viewer, partially obscured by the wave. In the lower left, another boat is positioned near the foreground, with a person standing at its bow, facing the wave, and another figure seated near the center of the boat. The boat in the lower left has a visible wooden structure and appears to be moving through the water. The background shows a rocky shoreline on the right, with sparse vegetation. The image is rendered in a style that uses strong contrasts between deep blue water and white foam, with the boats appearing in a muted yellowish-brown. The wave’s surface is detailed with fine lines and dots, suggesting motion and texture. The overall composition conveys a sense of movement and danger, with the boats appearing small against the vastness of the sea."
Pop_Art/eduardo-paolozzi_yours-till-the-boys-come-home-1951.jpg,"The artwork is a collage composed of multiple images arranged in a grid-like structure, with three vertical panels on the left and two horizontal panels on the right. The left side contains three stacked images, each showing a damaged or burning aircraft, with visible wreckage, smoke, and figures near or on the planes. The right side contains two stacked black-and-white photographs of a woman in a bikini and stockings, posing in stylized, dramatic poses with one hand covering her face and the other extended. The images are mounted on a surface that appears aged, with torn edges and a faded, stained lower section. The overall color palette is dominated by dark gray, silver, and black, with the left images showing some purple and green tints. The depth of the images varies, with the aircraft scenes appearing more layered and the woman’s images more flat, though the collage itself has a consistent, slightly textured surface."
Cubism/raoul-dufy_the-trapeze-artists-1922.jpg,"The artwork depicts a dynamic, crowded scene with multiple figures and large, stylized umbrellas dominating the upper portion. A woman in a bright red dress stands prominently in the center-left, her arms outstretched, appearing to move or gesture. To her right, another figure, partially obscured, holds a large umbrella. Above and around them, several oversized umbrellas—some white, some dark—are arranged in a chaotic, overlapping pattern, suggesting a dense, possibly rainy or sunlit outdoor setting. In the lower left corner, a bicycle is sketched in simple black lines. The ground is rendered in warm, flat tones of sienna and rosybrown, with a dark, angular shape in the bottom center. The overall composition is layered, with the umbrellas and figures appearing to float or be suspended above the ground plane, creating a sense of depth. The brushwork is loose and expressive, with visible strokes and smudges, and the colors are bold and contrasting, especially the red dress against the muted background. The depth of the image is uneven, with the central figures and the bicycle appearing closest, while the umbrellas and distant elements recede into the background."
Baroque/rembrandt_the-crucifixion-an-oval-plate-1640.jpg,"The artwork depicts a scene centered on a large cross at the top, with three figures nailed to it. One figure is positioned at the center, with arms outstretched, and another figure is to the left, also with arms outstretched. A third figure is above the central one, with a head tilted back. Below the cross, a group of people is gathered, some kneeling or sitting on the ground, while others stand nearby. To the left, a man in a dark robe stands with his back to the viewer. On the right, a figure with a head covering is visible, and a small animal is present near the bottom right corner. The scene is framed within an oval shape, and the overall tone is dark, with shading suggesting depth and form. The image is rendered in monochrome, with varying degrees of contrast and texture, indicating a sketch-like quality. The depth of the scene is uneven, with the central figures appearing closer and the background figures and elements receding into the distance."
Art_Nouveau_Modern/henri-de-toulouse-lautrec_reine-de-joie-1892.jpg,"The artwork depicts a stylized scene with three figures against a warm, yellow-orange background. A woman in a red dress is shown leaning forward and kissing a man who is seated, his head tilted back. The man is dressed in dark clothing with a white collar and appears to be embracing her. To the right, a third figure, a man in a dark suit and white shirt with a bow tie, stands with his back partially turned, looking away. The figures are rendered with bold outlines and flat areas of color, characteristic of early 20th-century poster art. The composition places the kissing couple centrally, with the third figure to the right. The background is a solid, textured yellow-orange with faint, overlapping circular shapes. The foreground contains a large, stylized object resembling a table or counter with decorative elements, including a greenish shape and a red circular form. Text in a stylized font is overlaid across the lower portion of the image, reading “Reine de joie par Victor Joze chez tous les libraires.” The overall impression is one of a commercial poster, with the figures arranged to convey intimacy and a sense of theatricality. The colors are saturated and high-contrast, with the red of the woman’s dress and the dark tones of the men’s clothing standing out against the warm background. The surface appears to be printed on paper, with visible signs of age and wear."
Symbolism/jacek-malczewski_death-of-ellenai.jpg,"A man lies on his back on a wooden floor, his body stretched out, head tilted upward, eyes closed, and arms splayed loosely. His clothing is light-colored, possibly linen or cotton, with a loose, unbuttoned shirt and dark trousers. His bare feet are visible, one slightly raised. To his left, another man lies on his side, facing the first man, with his head resting near the first man’s foot. This second man’s hand is near the first man’s foot, and his face is turned toward it, suggesting a gesture of care or concern. The floor is made of light-colored wood planks. In the upper right corner, a large, dark, furry animal hangs from the ceiling, its body partially visible. The background is dim and indistinct, with a dark, shadowy area above the first man’s head, and a faint suggestion of a fireplace or hearth in the far background. The lighting is subdued, with a warm, yellowish glow illuminating the figures from above and slightly to the side, casting soft shadows. The textures are rendered with visible brushwork, suggesting rough fabric, the grain of the wood, and the coarse fur of the hanging animal. The overall impression is one of stillness and quiet intensity, with the figures positioned in a way that suggests intimacy or vulnerability."
Post_Impressionism/jean-hugo_la-conversation-au-puits-1934.jpg,"The painting shows a wide, open landscape with a dirt field in the foreground and rolling hills in the distance under a pale blue sky. A tall, slender cypress tree stands on the left side of the scene. In the center foreground, a woman in a bright yellow dress and a red head covering stands facing away from the viewer, toward the right. Beside her, a man in light-colored clothing sits on a low stone or wooden structure, looking toward the woman. To the right, a small white building with a dark doorway is visible, surrounded by sparse bushes and trees. In the far background, another cypress tree rises from a hill, and a few scattered trees and rocks are visible across the midground. The ground is mostly brown and earthy, with some scattered rocks in the foreground. The sky is a flat, muted blue with no clouds. The painting has a textured surface, with visible brushstrokes and a subdued palette dominated by earth tones and gray. The figures are small in scale relative to the landscape, emphasizing the vastness of the setting. The depth of the scene is suggested by the placement of objects: the woman and man are closest, the building and trees are farther away, and the hills and sky form the farthest layer. The lighting is even and diffuse, with no strong shadows or highlights, giving the scene a flat, quiet atmosphere."
Mannerism_Late_Renaissance/paolo-veronese_end-wall-of-the-stanza-del-cane-1561.jpg,"The artwork shows a painted interior space with a central framed landscape scene, flanked by two sculpted figures standing on pedestals, each positioned between tall, fluted columns. Above this, a painted panel depicts a group of figures under a draped canopy, with one central figure holding a child. The ceiling above is arched and decorated with ornate carvings and small sculpted faces set into recesses. The central landscape shows a distant building, trees, and water under a cloudy sky, framed by the columns and flanked by the statues. The statues are nude and standing, one on the left and one on the right, with their bodies facing inward toward the center. The columns are tall and cylindrical, with decorative capitals and bases. The overall color scheme is muted, dominated by gray, dark slate gray, and silver tones. The painted surfaces appear flat and smooth, while the sculpted figures and columns have a textured, three-dimensional quality. The depth of the scene is suggested by the perspective, with the central landscape appearing farthest away, while the columns and statues are positioned closer to the viewer. The ceiling and upper panel are higher in the composition, while the central landscape and statues are at eye level. The painting appears to be on a wall, with the central panel framed by the columns and the upper panel set above the central one. The overall impression is one of a formal, architectural space with religious or allegorical content."
Romanticism/gustave-dore_expulsion-of-ishmael-and-his-mother.jpg,"The artwork depicts a desolate, open landscape under a flat, overcast sky. In the center stands a tall, robed figure with a long beard and a staff, pointing forward with his right hand. To his right, a woman in a draped garment carries a large, two-handled vessel on her head, her gaze lowered. A small child stands beside her, holding her arm. To the left, a tent is visible, with a man seated near it, holding a child, and another figure lying on the ground nearby. The ground is uneven and barren, with faint tracks or footprints. The overall tone is monochromatic, rendered in shades of gray, with no strong highlights or shadows. The figures are detailed with folds in their garments and textures suggesting fabric and stone, but the scene lacks vibrant color or dramatic lighting. The depth is uneven, with the central figures appearing closer and the background elements, including the tent and distant horizon, receding into the distance. The composition suggests a journey or a moment of pause in a harsh environment."
Art_Nouveau_Modern/boris-kustodiev_meeting-on-the-corner-1920.jpg,"A woman in a dark coat and a checkered headscarf stands in the center, facing slightly toward the viewer, with her right hand raised as if gesturing or holding something. To her left, a man in a dark coat stands partially behind her, looking toward her with a smile, his left hand extended toward her. Behind them, a large, ornate panel with a greenish-blue background shows a chaotic, colorful illustration of food items like bread, cakes, and books, with some items appearing to spill or float. The ground is covered in snow, and in the background, to the right, there is a snowy landscape with buildings, including one with a red and white striped roof and a cross on top, and a bright sun in the sky. The scene is set in a snowy environment, with the figures and the panel in the mid-ground, and the distant buildings and sky in the far background. The colors are mostly muted, with dark tones on the figures and a warm, orange glow from the sun. The snow appears textured and uneven, and the panel has decorative, ornate framing. The overall depth is moderate, with the figures and the panel in the mid-ground, and the background elements receding into the distance."
Art_Nouveau_Modern/boris-kustodiev_king-wearing-a-crown-and-purple-1925.jpg,"A figure, appearing to be a king or nobleman, stands in the center of the image, wearing a crown and a robe. The figure holds a spear-like object in the left hand, which extends upward toward the top left corner. The robe is draped over the figure’s body, with its edges falling to the ground, and it appears to be decorated with a pattern of red fruit-like shapes. The figure’s right hand is resting on the hip, and the figure’s feet are planted firmly on the ground. The background is a plain, reddish-brown color, with no other objects or figures visible. The figure’s face is partially obscured by the crown, and the figure’s eyes are not visible. The figure’s posture is upright, and the figure’s arms are positioned in a way that suggests a sense of authority or power. The image is rendered in a style that suggests a painting, with visible brushstrokes and a somewhat rough texture. The colors used in the image are primarily tan, dark slate gray, and sienna, with some red and blue accents. The depth of the image is relatively shallow, with most of the figure appearing to be in the mid-ground, and the background appearing to be slightly farther away. The figure’s robe and the spear-like object are the most prominent objects in the image, and they are positioned in the center of the image. The figure’s face is not visible, and the figure’s eyes are not visible. The figure’s posture is upright, and the figure’s arms are positioned in a way that suggests a sense of authority or power. The image is rendered in a style that suggests a painting, with visible brushstrokes and a somewhat rough texture. The colors used in the image are primarily tan, dark slate gray, and sienna, with some red and blue accents. The depth of the image is relatively shallow, with most of the figure appearing to be in the mid-ground, and the background appearing to be slightly farther away. The figure’s robe and the spear-like object are the most prominent objects in the image, and they are positioned in the center of the image. The figure’s face is not visible, and the figure’s eyes are not visible. The figure’s posture is upright, and the figure’s arms are positioned in a way that suggests a sense of authority or power. The image is rendered in a style that suggests a painting, with visible brushstrokes and a somewhat rough texture. The colors used in the image are primarily tan, dark slate gray, and sienna, with some red and blue accents. The depth of the image is relatively shallow, with most of the figure appearing to be in the mid-ground, and the background appearing to be slightly farther away. The figure’s robe and the spear-like object are the most prominent objects in the image, and they are positioned in the center of the image. The figure’s face is not visible, and the figure’s eyes are not visible. The figure’s posture is upright, and the figure’s arms are positioned in a way that suggests a sense of authority or power. The image is rendered in a style that suggests a painting, with visible brushstrokes and a somewhat rough texture. The colors used in the image are primarily tan, dark slate gray, and sienna, with some red and blue accents. The depth of the image is relatively shallow, with most of the figure appearing to be in the mid-ground, and the background appearing to be slightly farther away. The figure’s robe and the spear-like object are the most prominent objects in the image, and they are positioned in the center of the image. The figure’s face is not visible, and the figure’s eyes are not visible. The figure’s posture is upright, and the figure’s arms are positioned in a way that suggests a sense of authority or power. The image is rendered in a style that suggests a painting, with visible brushstrokes and a somewhat rough texture. The colors used in the image are primarily tan, dark slate gray, and sienna, with some red and blue accents. The depth of the image is relatively shallow, with most of the figure appearing to be in the mid-ground, and the background appearing to be slightly farther away. The figure’s robe and the spear-like object are the most prominent objects in the image, and they are positioned in the center of the image. The figure’s face is not visible, and the figure’s eyes are not visible. The figure’s posture is upright, and the figure’s arms are positioned in a way that suggests a sense of authority or power. The image is rendered in a style that suggests a painting, with visible brushstrokes and a somewhat rough texture. The colors used in the image are primarily tan, dark slate gray, and sienna, with some red and blue accents. The depth of the image is relatively shallow, with most of the figure appearing to be in the mid-ground, and the background appearing to be slightly farther away. The figure’s robe and the spear-like object are the most prominent objects"
Realism/m.c.-escher_san-gimignano.jpg,"The artwork depicts a town at night, rendered in stark black and white. Dominating the upper portion of the image are several tall, slender towers, standing in a cluster toward the left and center. Below them, a dense collection of lower buildings fills the middle ground, their forms dark and blocky, with some windows faintly illuminated. The foreground consists of a flat, textured surface, possibly representing ground or a field, with sparse, dark shapes that suggest vegetation or low structures. The entire scene is set against a solid black background, creating a strong contrast with the lighter, though still dark, forms of the architecture. The towers appear to be the most prominent vertical elements, rising sharply from the lower structures. The buildings are tightly packed, with no clear separation between them, and the overall impression is one of a dense, imposing urban landscape. The depth is suggested by the varying tones and textures, with the foreground appearing closest and the towers receding into the background, though the distinction is subtle. The image lacks any visible figures or movement, and the lighting is minimal, with only a few small, faint glows suggesting windows or distant light sources. The texture is rough and grainy, consistent with a print or etching medium."
