file,caption
Baroque/rembrandt_a-woman-weeping.jpg,"The artwork shows a woman with her head tilted downward and to her right, her hand resting near her mouth. She is wearing a light-colored, possibly sheer, fabric draped over her shoulders and arms, with a darker, reddish-brown garment visible beneath. Her hair is dark and pulled back, with a small red accent near the crown. The background is a flat, dark, neutral tone, with no distinct objects or scenery. The woman is centered in the composition, with her body slightly angled away from the viewer. Her gaze is directed downward and to the side, not toward the viewer. The lighting is soft and comes from the left, illuminating the left side of her face and shoulder, while the right side and background remain in shadow. The brushwork is visible and textured, especially in the fabric and hair, suggesting a painterly, tactile surface. The edges of the painting are framed by a visible, worn wooden frame."
Post_Impressionism/maurice-prendergast_new-england-harbour.jpg,"This artwork depicts a lively, sunlit coastal village scene. In the foreground, a group of people, including adults and children, are gathered in a grassy area near buildings. Some are standing, others are sitting or crouching, and a few appear to be interacting with each other or with objects like baskets or barrels. A few figures are near or on horses, suggesting movement or activity. Behind them, several houses with varied roof colors and styles are clustered together, some with visible chimneys. Beyond the houses, a wide body of blue water stretches across the middle ground, with a few sailboats visible. On the far side of the water, more landmasses with trees and buildings can be seen. The sky above is a mix of blue and white, with clouds and hints of yellow, suggesting daylight. The entire scene is rendered with thick, textured brushstrokes, giving the surface a rough, impasto quality. The colors are bright and varied, with strong contrasts between the blues of the water and sky, the greens and browns of the land, and the whites and pastels of the buildings and clothing. The artist’s signature, “J. Prendergast,” is visible in the lower right corner."
Northern_Renaissance/albrecht-durer_pattern-from-the-series-of-six-knots-1507-2.jpg,"This artwork shows a large, dark circular design filled with intricate, interwoven patterns that resemble knots and flowing lines. The circle is surrounded by decorative, leaf-like shapes at the top left, top right, bottom left, and bottom right corners. These shapes are stylized and appear to be part of a frame or border. Below the circle, centered at the bottom, is a small, stylized symbol that looks like a letter “A” with a horizontal line through it. The entire image is in black and white, with the circle and its patterns appearing as dark areas against a lighter background. The patterns inside the circle are dense and symmetrical, with no clear figures or actions. The design is static and does not suggest movement. The texture is flat and graphic, with no visible surface material or lighting effects."
Color_Field_Painting/doug-ohlson_two-four-1983.jpg,"This artwork shows a vertical composition made of bold, flat areas of color. At the top, a horizontal red bar spans the width. Below it, the center is split into two vertical rectangles: the left is a solid blue, and the right is a solid black. At the bottom, a horizontal blue bar spans the width, matching the red bar’s position. All these colored shapes are framed by a thick, uneven green border that has a rough, brushstroke texture. The entire piece is set against a plain, off-white background. The colors are vivid and saturated, with the green border appearing to be applied with a thick, textured brush, giving it a slightly raised, uneven edge. The shapes are arranged in a rigid, geometric layout with no figures or movement."
Art_Nouveau_Modern/alexandre-benois_truffaldino-costume-design-for-goldoni-s-comedy-servant-of-two-masters(2).jpg,"The artwork shows a single figure, a man, standing in profile facing left, holding a long wooden stick or pole diagonally across his body. He is dressed in a loose, patterned garment that covers his torso and arms, with wide sleeves and a hood-like collar. The garment is decorated with greenish patterns on a light background, and the edges are trimmed with a dark green border. He also wears matching patterned trousers and dark shoes. His head is covered with a striped, possibly turban-like headwrap, and he has a visible facial expression with a wide smile. His right hand is near the stick, and his left hand is tucked into the garment’s sleeve. The figure is positioned in the center of the image, with no other figures or objects around him. The background is plain and light-colored, with no discernible details. The image has a slightly faded, aged appearance, with visible pencil or ink lines and some smudges, suggesting it is a sketch or drawing. The lighting is flat and even, with no strong shadows or highlights, and the colors are muted, primarily consisting of off-white, green, and dark tones. The texture appears to be that of paper with ink or pencil marks, and the figure’s clothing suggests fabric, though the material is not clearly defined. The stick appears to be made of wood, with a rough surface. The figure’s posture is upright, and he seems to be walking or standing still, with his feet slightly apart. There is a faint shadow under his feet, suggesting a light source from above. The image does not contain any other objects or figures. The figure’s face is clearly visible, with a wide smile and a somewhat exaggerated expression. The headwrap is detailed with stripes and appears to be wrapped around the head in a specific pattern. The overall impression is that of a stylized, possibly caricatured, depiction of a person in a specific costume or role. The image does not contain any text or writing, except for faint, illegible markings in the upper corners, which may be names or labels. The figure’s clothing and accessories suggest a specific cultural or historical context, but the exact nature is not clear from the image alone. The image is not a photograph, and the style suggests it is a drawing or sketch, possibly from a historical or artistic context. The figure’s pose and expression suggest a sense of confidence or playfulness, but this is not explicitly stated. The image does not contain any other elements that would suggest a specific setting or environment. The figure’s clothing and accessories are the most prominent features, and they are clearly visible in the image. The image does not contain any other objects or figures, and the background is plain and unobtrusive. The figure’s posture and expression are the most important elements, and they are clearly visible in the image. The image does not contain any other elements that would suggest a specific setting or environment. The figure’s clothing and accessories are the most prominent features, and they are clearly visible in the image. The image does not contain any other objects or figures, and the background is plain and unobtrusive. The figure’s posture and expression are the most important elements, and they are clearly visible in the image. The image does not contain any other elements that would suggest a specific setting or environment. The figure’s clothing and accessories are the most prominent features, and they are clearly visible in the image. The image does not contain any other objects or figures, and the background is plain and unobtrusive. The figure’s posture and expression are the most important elements, and they are clearly visible in the image. The image does not contain any other elements that would suggest a specific setting or environment. The figure’s clothing and accessories are the most prominent features, and they are clearly visible in the image. The image does not contain any other objects or figures, and the background is plain and unobtrusive. The figure’s posture and expression are the most important elements, and they are clearly visible in the image. The image does not contain any other elements that would suggest a specific setting or environment. The figure’s clothing and accessories are the most prominent features, and they are clearly visible in the image. The image does not contain any other objects or figures, and the background is plain and unobtrusive. The figure’s posture and expression are the most important elements, and they are clearly visible in the image. The image does not contain any other elements that would suggest a specific setting or environment. The figure’s clothing and accessories are the most prominent features, and they are clearly visible in the image. The image does not contain any other objects or figures, and the background is plain and unobtrusive. The figure’s posture and expression are the most important elements, and they are clearly visible in the image. The image does not contain any other elements that would suggest a specific setting or environment. The figure’s clothing and accessories are the most prominent features, and they are clearly visible in the image. The image does not contain any"
Rococo/canaletto_capriccio-the-grand-canal-with-an-imaginary-rialto-bridge-and-other-buildings.jpg,"This artwork shows a wide canal in a city, with large buildings on both sides and boats in the water. On the left, a massive domed building stands tall, with smaller structures around it. In the center, a long bridge with multiple arches spans the canal, connecting the two sides. The bridge has a covered walkway with windows and decorative elements. Many small boats, including gondolas and sailing vessels, are in the water, some docked at the edges, others moving or being tended to. People are visible on the docks and in the boats, some standing, some sitting, some working with the boats. The sky is pale and overcast, with no strong shadows. The colors are muted, mostly in shades of gray, brown, and dull blue, with a few small touches of red and white on the boats. The surface of the water is dark and reflects the buildings and sky. The overall impression is of a busy, active waterway with significant architecture."
Post_Impressionism/edouard-vuillard_romain-coolus-writer-in-la-revuew-blanche.jpg,"The artwork shows a man sitting in a chair, looking toward the right side of the image. He is dressed in dark clothing, with his hands resting on his lap or near his chest. To his right, there is a small table with a lamp that has a red and white patterned shade. The background is filled with warm, blurred colors, suggesting a room with curtains or wallpaper. The man is positioned in the center-left of the frame, and the lamp and table are to his right, slightly behind him. The lighting is soft and warm, with a strong glow coming from the lamp, casting a yellowish hue over the scene. The textures appear rough and painterly, with visible brushstrokes, especially in the man’s clothing and the surrounding environment. The overall impression is one of a quiet, indoor setting with a focus on the man and the lamp."
Post_Impressionism/jean-hugo_la-conversation-au-puits-1934.jpg,"This artwork shows a rural landscape with two people in the foreground, a small white building in the distance, and a few trees scattered across rolling hills under a pale blue sky. The two figures are positioned near the center of the painting, with one standing and facing away, wearing a bright yellow garment and a red head covering, and the other sitting on a low stone or wooden structure, dressed in light-colored clothing. To the left, a person is bent over in a field, appearing to work, while a line of small, dark figures or animals stretches across the middle ground. A tall, slender tree stands on the left side of the scene, and another similar tree is visible on a hill in the far distance. A small, reddish tree is located near the center-right, and a white building with a dark doorway is situated on the right side of the painting, partially surrounded by bushes. The ground is mostly brown and earthy, with scattered rocks in the foreground. The sky is a flat, muted blue with faint, wispy clouds. The painting has a textured surface, suggesting it was created with paint on canvas, and the colors are subdued, with the yellow garment standing out as the most vivid element. The overall impression is quiet and open, with no strong action or movement depicted."
Post_Impressionism/maurice-prendergast_beach-at-st-malo-1.jpg,"This artwork depicts a lively seaside scene with many people gathered on a sandy shore near a body of water. In the foreground, a group of figures in colorful, varied clothing are clustered together, some standing, some sitting or crouching, suggesting casual social interaction or rest. To the right, a small group of figures in dark blue and orange clothing stands close together, facing away from the viewer. Further back, other individuals are scattered across the beach, some sitting, others standing, with one figure lying down near the water’s edge. The beach is lined with small buildings and structures, including a yellow-roofed building on the left and a tall tower-like structure nearby. Beyond the shore, the water stretches across the middle ground, with several small boats visible, some appearing to be sailboats or rowboats. In the far background, a distant shoreline with buildings and possibly cliffs can be seen under a sky filled with swirling, abstract clouds in shades of purple, orange, and blue. The sky dominates the upper portion of the image, with its turbulent, cloud-filled appearance. The colors are bold and saturated, with the beach rendered in warm browns and oranges, contrasting with the cooler blues and purples of the water and sky. The texture appears to be painted with visible brushstrokes, giving the image a textured, expressive quality. The artist’s signature is visible in the lower right corner."
Romanticism/francisco-goya_not-for-those-1814.jpg,"This artwork depicts a violent confrontation in a dark, outdoor setting. A central figure, wearing a head covering and holding a long blade, stands over a person lying on the ground, who appears to be struggling or being subdued. To the left, several other figures are gathered around the fallen person, some reaching toward them, while one figure in the background appears to be watching or reacting. The scene is set against a dark, shadowy background with a faint outline of a building or structure on the far left. The ground is uneven and rough, and the overall impression is one of chaos and physical struggle. The image is rendered in monochrome, with strong contrasts between light and dark areas, suggesting a dramatic, high-contrast style. The texture appears rough and grainy, typical of a print or etching medium. The figures are depicted with dynamic, tense postures, emphasizing movement and conflict."
High_Renaissance/vittore-carpaccio_the-triumph-of-st-george-1502.jpg,"This artwork depicts a large, open public square filled with many people and buildings. In the center, a man in armor stands over a fallen, winged creature that lies on the ground. To his left, a group of armed men on horseback stands in formation, facing the center. To his right, a group of people, including some on horseback, are gathered, with some appearing to be in conversation or observing. Behind them, a large domed building dominates the center background, flanked by other buildings, including a tall tower on the left and a structure with a statue on top on the right. The entire scene is drawn in reddish-brown lines on aged, textured paper, with visible creases and marks. The drawing is divided into sections by faint horizontal and vertical lines, and there is handwritten text at the bottom left corner. The figures are mostly in profile or facing each other, with the central figure in a dynamic pose, arms raised, and the creature on the ground with wings spread. The buildings are detailed with architectural features like columns, arches, and domes, but the drawing is not fully finished, with some areas left as sketchy outlines. The overall impression is of a busy, possibly ceremonial or confrontational scene in a city square."
Romanticism/dante-gabriel-rossetti_image-of-artist-and-his-exotic-pet-1871.jpg,"This artwork shows a large, round, furry animal, likely a groundhog or similar rodent, sitting upright and holding a smaller, similarly furry animal in its paws. The larger animal is positioned in the center of the image, resting on a soft, curved surface that appears to be a blanket or cushion. Its paws are wrapped around the smaller animal, which is nestled against its chest. The smaller animal’s limbs are visible, and it appears to be held securely. The background is plain and unadorned, with no distinct features. At the top of the image, there is printed text and two circular emblems, one of which contains a tree and the other a mushroom, with the word “CHELSEA” beneath them. At the bottom right corner, there is handwritten text that appears to read “W. B. S. 9.2.24. 10.21.” The entire image is rendered in pencil or charcoal, with visible texture and shading that suggest fur and fabric. The paper has a slightly aged, off-white appearance."
Pop_Art/erro_chinese-petroleum-1978.jpg,"The artwork depicts a chaotic, crowded scene with multiple figures in motion, set against a backdrop of billowing red flags and a turbulent, snowy or icy landscape. In the foreground, a nude woman lies on her back on a patterned blue and white rug, her body relaxed, one arm bent near her head, her legs slightly apart. To her left, a woman wearing a white headscarf and a green jacket sits cross-legged, holding a long, dark object that resembles a rifle or a staff, her gaze directed toward the center of the scene. Behind them, a group of men and women are gathered in a dynamic, crowded arrangement. One man in the center, wearing a dark coat and red scarf, stands with his arm extended, holding a long, dark object that appears to be a spear or pole, his body angled forward as if leading or commanding. Other figures around him are in various poses: some appear to be running or shouting, others are holding weapons or flags, and one figure to the right is raising their arms in a gesture of excitement or alarm. The background is filled with more figures, red flags waving violently, and a sense of movement and disorder. The colors are vivid, with strong reds, blues, and earth tones dominating the scene. The textures suggest rough, chaotic surfaces, with the snow or ice appearing uneven and the clothing and flags showing sharp, jagged edges. The lighting is dramatic, with bright highlights on the figures and the flags, contrasting with darker, shadowed areas, creating a sense of urgency and intensity. The overall composition is dense and layered, with figures overlapping and moving in different directions, suggesting a moment of high tension or action."
Art_Nouveau_Modern/aubrey-beardsley_juvenal-scourging-woman.jpg,"This artwork shows a large, slender woman standing upright on a tall, ornate pedestal, her body wrapped in a thin, flowing garment that drapes around her limbs and hangs loosely from her shoulders. To her right, a smaller figure, possibly a man, stands beside her, looking up at her with an expression of awe or admiration. He is dressed in a loose, draped garment and has his hands clasped near his chest. Behind the woman, a classical-style column with decorative elements and a draped cloth is visible on the left side of the image. The entire scene is rendered in black and white line art, with no color or shading to indicate light or texture. The figures are positioned centrally, with the pedestal and column framing the scene on the left and right. The woman’s posture is upright and static, while the smaller figure is slightly angled toward her, suggesting a dynamic interaction. The drawing uses fine lines to define form and movement, with no indication of depth or perspective beyond the flat, two-dimensional layout."
Romanticism/gustave-dore_the-children-destroyed-by-bears-1866.jpg,"This artwork depicts a chaotic scene of people fleeing from two large, menacing bears in a wooded area. The bears are central to the composition, one standing upright on the right side of the image, the other crouched lower near the center. Around them, many figures in ancient-style clothing are in various states of panic, running, falling, or clinging to trees. Some are reaching for branches, others are crawling or lying on the ground. A tall, cloaked figure stands in the background on the left, observing the scene. The setting is a forest with gnarled, leafless trees on both sides, and the ground is uneven and rocky. The image is rendered in black and white, with detailed line work creating texture and depth. The lighting is dim and atmospheric, with shadows and highlights suggesting a cloudy or overcast sky. The overall impression is one of intense movement and danger."
Post_Impressionism/paul-gauguin_dogs-running-through-a-field-1888.jpg,"This artwork shows a rural landscape with a wide, grassy field stretching across the foreground, leading toward a cluster of tall, slender trees in the middle ground. Behind the trees, on the right side, stands a large, dark red-brown building with a chimney, set on a gentle slope. The sky above is pale and cloudy, with a soft, muted purple-gray area near the center. The field is textured with visible brushstrokes, suggesting tall grass and wildflowers, and a small, dark, indistinct shape appears near the bottom center, possibly a small animal or object. The painting is signed in the lower right corner with the name “Gauguin” and the year “88.” The colors are mostly earthy tones—browns, greens, and muted yellows—with the building and sky providing contrast. The brushwork is thick and textured, giving the scene a tactile, physical quality. The composition guides the eye from the foreground field toward the trees and building, creating a sense of depth. No people or animals are clearly visible or identifiable."
Realism/ferdinand-hodler_the-golden-meadow-1890.jpg,"This artwork shows a sunlit meadow with tall grass and wildflowers, dominated by a single tree with thin, dark branches and sparse green leaves. In the background, a line of darker, denser trees stretches across the horizon under a pale, hazy sky. The foreground is filled with thick grasses, some with white flowers, and a small, dark, possibly muddy patch near the bottom center. The artist’s signature, “E. Hodel,” is visible in the lower right corner. The scene is arranged with the tree centered slightly to the left, the grassy foreground occupying the bottom half, and the distant treeline and sky filling the upper portion. The light is bright and even, casting no strong shadows, and the colors are dominated by greens, yellows, and pale blues, with visible brushstrokes giving the surface a textured, slightly rough feel. The painting appears to be on canvas, with fine cracks visible across the surface."
Mannerism_Late_Renaissance/jacopo-pontormo_scene-with-cherubs-on-papal-coat-of-arms-1515.jpg,"This artwork shows a painted panel with two small, nude, winged figures, likely cherubs, positioned on either side of a central shield. The shield is shield-shaped, with a dark background and features several red circular marks and one small blue and white emblem in the center. Above the shield sits a crown-like object with ornate details. Each cherub holds a long, decorated staff or scepter. The entire scene is framed by a complex, ornate border made of repeating geometric and floral patterns in muted earth tones. Below the central panel, there are two smaller rectangular sections, each containing stylized, swirling floral or foliate designs in pink, white, and dark backgrounds. The surface shows visible cracks and signs of aging. The lighting appears flat and even, with no strong shadows, and the colors are subdued, dominated by browns, beiges, and faded reds and blues. The textures suggest a painted surface, possibly fresco or tempera, with some areas appearing worn or flaking."
Realism/vasily-polenov_vasily-petrovich-schegolenok-schegolenkov-narrator-1879.jpg,"This is a monochrome sketch of a man with a long, thick beard and dark hair, looking directly forward. He is wearing a jacket with a visible cuff and a buttoned front, and his hands are clasped together in front of him. The background is plain and indistinct, with no clear objects or scenery. The man is centered in the image, and his posture is upright and still. The sketch uses shading and line work to create depth and texture, particularly in the beard and clothing, and the overall tone is dark and muted, with no bright or colorful areas. The paper has a visible grain, and the image appears to be an old or faded reproduction."
Ukiyo_e/utagawa-kuniyoshi_shimamura-danjo-takanori-riding-the-waves-on-the-backs-of-large-crabs.jpg,"The artwork depicts a samurai warrior in full armor, standing in turbulent, crashing ocean waves. He is shown in a dynamic, forward-leaning pose, gripping a long pole or staff with both hands, his body angled as if moving through the water. His armor is ornate, with intricate patterns in gold, blue, and brown, and he wears a helmet with a decorative crest. Arrows are visible in the air around him, suggesting he is in the middle of a battle or a dramatic action. The waves are rendered with swirling, stylized lines, showing motion and power, and the background is filled with these waves, making the water the dominant environment. The warrior is centered in the composition, with the waves surrounding him on all sides. The colors are bold and flat, typical of Japanese woodblock prints, with strong contrasts between the dark blue and green waves and the bright, detailed armor. The texture of the image suggests it is printed on paper, with visible lines and areas of color that define form. The text on the right side of the image, in red, identifies the subject as “Yamamura Tadatsugu,” and another red seal at the bottom right contains additional text. A small seal is also visible in the bottom left corner."
Cubism/stuart-davis_g-w-1944.jpg,"This artwork is a colorful, abstract composition divided into vertical and horizontal sections by thick black lines, creating a grid-like structure. The dominant background color is a bright, uniform yellow. Across the canvas, there are many flat, geometric shapes in various colors including blue, green, orange, purple, black, and white. Some shapes are solid, others have patterns like dots or grids. In the upper left, there are large, bold black symbols that resemble stylized letters or abstract marks. A wide, solid orange horizontal band cuts across the middle of the piece. The lower right corner contains a signature that reads “Shuart Davis.” The overall impression is one of fragmented, non-representational forms arranged in a structured, grid-based layout. The colors are vivid and saturated, and the surfaces appear flat, with no visible texture or depth, suggesting a painted or printed surface. There are no recognizable figures or scenes; the work is composed entirely of abstract shapes and patterns."
Pop_Art/andy-warhol_the-last-supper-camel-57.jpg,"This artwork depicts a long table with many figures seated around it, appearing to be in a formal gathering. At the center of the table, a figure is shown with their head bowed and hands clasped, suggesting they are in a state of distress or deep contemplation. To the right side of the image, a camel stands on the floor, with the word “CAMEL” written beneath it. Above the central figure, a large circle contains the number “57.” The figures are dressed in robes and are seated on chairs, with plates and other items on the table. The scene is rendered in black and white, with clear lines and shading that define the forms and textures of the figures and objects. The overall composition is horizontal, with the table stretching across the width of the image, and the figures arranged along its length. The camel is positioned to the right, away from the central group, and the number “57” is placed above the central figure, near the center of the image. The lighting is not explicitly defined, but the shading suggests a source of light from the front or slightly above, casting shadows that help define the forms. The texture of the drawing is consistent with a line drawing, with no visible color or surface detail beyond the outlines and shading."
Mannerism_Late_Renaissance/gregorio-lopes_salom-apresentando-a-cabe-a-do-santo.jpg,"This artwork depicts a formal banquet scene with multiple figures gathered around a long table covered in a white cloth. At the center, a woman wearing a crown and ornate clothing sits at the table, her hands resting on the surface as she appears to be serving or arranging food. To her left, another woman in a red dress is seated, her hands near the table, possibly receiving or preparing food. To the right, a man in a yellow robe with a long beard stands beside the table, his hands also near the food items. Several other figures surround the table: some are seated or standing near the table, others are positioned in the foreground, appearing to be in distress or asleep, with one figure lying on the floor and another slumped over. The background shows a richly decorated interior with architectural elements, including a doorway and a hanging curtain. The lighting is even, illuminating the scene from above, and the colors are rich and saturated, with prominent reds, golds, and dark tones. The table holds various food items, including bowls and what appear to be fruits or game, and the figures are dressed in elaborate, detailed clothing that suggests wealth and status. The overall composition is crowded, with figures positioned in a way that suggests a moment of social interaction or a ceremonial gathering."
Symbolism/gustave-moreau_arabian-poet-persian-1886.jpg,"The artwork depicts a large, winged figure with a halo, dressed in ornate robes, riding a dark, armored horse. Beside them, a second figure in a white turban and armor rides the same horse, holding a staff or spear. The winged figure holds a staff with a blue and red banner. The horse is moving forward along a path through a landscape with trees and bushes. In the background, a large, bright moon hangs in a pale sky, with distant hills and a faint glow on the horizon. A bird, possibly a hawk or eagle, is visible in the lower right, flying near the ground. The scene is set at dusk or dawn, with the sky showing a mix of pale yellow, gray, and dark blue tones. The ground is uneven and rocky, with vegetation on both sides. The figures and horse are positioned in the center of the composition, with the winged figure slightly ahead. The painting has a textured surface, with visible brushstrokes and a somewhat muted, atmospheric quality. The lighting is soft and diffuse, with the moon providing a bright focal point in the upper right. The colors are rich but subdued, with deep blues, reds, golds, and dark greens dominating the scene. The horse’s armor and the figures’ robes show intricate, detailed patterns, suggesting metal and fabric. The overall impression is one of movement and solemnity, with the figures appearing to be on a journey or mission. The artist’s signature is visible in the lower right corner."
Romanticism/francisco-goya_the-same.jpg,"This artwork depicts a chaotic, violent scene with multiple figures engaged in a struggle. A central figure, standing and raised, holds a large axe above their head, poised to strike. Around them, several other figures are on the ground, some lying or rolling, with one person raising their hands in a gesture of surrender or fear. The figures are drawn in a rough, sketchy style with heavy lines and shading, suggesting movement and tension. The composition is crowded, with the central figure dominating the right side of the image, while the fallen or struggling figures are clustered to the left and center. The background is plain and unadorned, with no clear indication of a specific location. The image is monochromatic, using black ink on a textured, off-white surface, with visible grain and roughness in the paper or print medium. The lines are bold and uneven, creating a sense of urgency and physicality."
Minimalism/bruce-nauman_perfect-door-perfect-odor-perfect-rodo-1972.jpg,"The artwork consists of three identical neon signs mounted on a plain white wall. Each sign displays the word “PERFECT” above the word “DOOR,” “ODOR,” or “ROOT,” respectively, with the letters arranged in a stylized, angular shape that resembles a door frame or a geometric outline. The signs are illuminated with different colors: the left one glows with a cool white light, the center one with a yellowish glow, and the right one with a soft pinkish light. Each sign is connected to the floor by a thin, beige cord that runs down from the sign to a small, gray, rectangular power unit placed on the floor. The floor is a flat, neutral gray surface, and the wall behind the signs is smooth and unadorned. The signs are evenly spaced, with the leftmost on the far left, the center one in the middle, and the rightmost on the far right. The cords hang straight down from each sign, and the power units are positioned directly beneath them, aligned with the signs’ vertical centers. The overall setup is symmetrical and orderly, with no movement or action depicted. The light from the signs is bright and distinct, casting a soft glow on the wall around them, while the cords and power units are unobtrusive and grounded. The materials appear to be neon tubing for the signs and plastic or metal for the power units and cords."
Early_Renaissance/domenico-ghirlandaio_coronation-of-the-virgin-1490.jpg,"This artwork shows a large, arched ceiling fresco depicting a heavenly scene with many figures. At the top center, two central figures sit on thrones, surrounded by angels and other figures in golden and red robes. Below them, a group of seated figures in robes of orange, green, and blue are arranged in rows, some holding books or looking upward. On the lower left and right, more figures are seated or standing, dressed in varied colors, with some appearing to be in prayer or contemplation. A stained glass window is visible in the center below the fresco, showing a blue and gold scene with a central figure and surrounding figures. The entire scene is framed by an arched stone structure with decorative carvings and a blue painted ceiling above. The colors are rich and varied, with gold, red, orange, and blue dominating, and the figures are painted with detailed robes and expressive poses. The fresco appears to be on a curved wall, with the central figures positioned at the apex of the arch, and the lower figures arranged symmetrically around the center. The stone frame around the fresco has intricate carvings and a patterned border. The stained glass window below is set within a stone archway, and the overall structure suggests a church interior. The fresco shows signs of age, with some areas faded or cracked, and the paint appears to be applied to a plaster surface. The light in the scene is not directly visible, but the colors suggest a bright, heavenly illumination. The textures are not clearly visible, but the figures are rendered with detailed clothing and facial expressions. The materials appear to be paint on plaster, with the stained glass window made of colored glass and lead cames. The overall composition is symmetrical and hierarchical, with the central figures at the top and the lower figures arranged in rows. The fresco is framed by a stone arch with decorative carvings, and the stained glass window is set within a stone archway. The scene is not a single event but a complex arrangement of figures, suggesting a religious or ceremonial context. The figures are not moving, but their poses suggest a moment of stillness or contemplation. The fresco is not a single image but a series of scenes, with the central figures at the top and the lower figures arranged in rows. The stained glass window is not part of the fresco but is a separate element, set within a stone archway. The fresco is not a single image but a series of scenes, with the central figures at the top and the lower figures arranged in rows. The stained glass window is not part of the fresco but is a separate element, set within a stone archway. The fresco is not a single image but a series of scenes, with the central figures at the top and the lower figures arranged in rows. The stained glass window is not part of the fresco but is a separate element, set within a stone archway. The fresco is not a single image but a series of scenes, with the central figures at the top and the lower figures arranged in rows. The stained glass window is not part of the fresco but is a separate element, set within a stone archway. The fresco is not a single image but a series of scenes, with the central figures at the top and the lower figures arranged in rows. The stained glass window is not part of the fresco but is a separate element, set within a stone archway. The fresco is not a single image but a series of scenes, with the central figures at the top and the lower figures arranged in rows. The stained glass window is not part of the fresco but is a separate element, set within a stone archway. The fresco is not a single image but a series of scenes, with the central figures at the top and the lower figures arranged in rows. The stained glass window is not part of the fresco but is a separate element, set within a stone archway. The fresco is not a single image but a series of scenes, with the central figures at the top and the lower figures arranged in rows. The stained glass window is not part of the fresco but is a separate element, set within a stone archway. The fresco is not a single image but a series of scenes, with the central figures at the top and the lower figures arranged in rows. The stained glass window is not part of the fresco but is a separate element, set within a stone archway. The fresco is not a single image but a series of scenes, with the central figures at the top and the lower figures arranged in rows. The stained glass window is not part of the fresco but is a separate element, set within a stone archway. The fresco is not a single image but a series of scenes, with the central figures at the top and the lower figures arranged in rows. The stained glass window is not part of the fresco but is a separate element, set within a stone archway. The fres"
Art_Nouveau_Modern/konstantin-somov_book-of-the-marquise-illustration-5-1918.jpg,"This artwork shows a scene with four figures in a street-like setting. On the left, a woman in a large, ornate dress with a floral pattern and a tall, dark hat stands with her arms outstretched, facing away from the viewer. In the center, a man in a white coat with black buttons is being held by two other men. One of these men, wearing a jester costume with a red-and-yellow diamond pattern and a mask, holds a wooden stick and is pressing the man’s head to the ground. The other man, also in a jester costume but without a mask, stands to the right, smiling and holding the man’s arm. A red ribbon lies on the ground near the woman’s feet. The figures are drawn with clear outlines and flat areas of color, with no visible shadows or depth cues. The background is plain and unadorned. The woman’s dress has a textured, lace-like pattern on the upper part, and the jester costumes have bold, geometric designs. The overall impression is one of a staged, theatrical confrontation or performance."
Post_Impressionism/pyotr-konchalovsky_leningrad-the-embankment-of-the-neva-1931.jpg,"This artwork depicts a river scene with buildings along the bank and a bridge crossing the water. A boat is moored near the left side of the riverbank, and several other vessels are docked or resting along the shore. The bridge spans the river from the center-right toward the right edge of the image, with its arches and structure clearly visible. The buildings line the far bank, appearing as a row of multi-story structures with varied rooflines and windows. The sky above is overcast, with muted, grayish tones and a faint yellowish glow near the horizon. The water in the foreground is rendered with visible, choppy strokes, suggesting movement or roughness. The painting has a textured surface, with visible brushstrokes and a somewhat faded, aged appearance. The artist’s signature and the year “1931” are visible in the bottom right corner."
Baroque/annibale-carracci_butcher-s-shop.jpg,"This artwork depicts a bustling, dimly lit meat market or slaughterhouse. Several men are gathered around a central table piled with raw meat. One man in a white apron stands in the center, holding a knife and a small object, possibly a scale or a piece of meat. To his left, a man in a red tunic and feathered hat holds a long pole or staff. Behind the central figure, another man in a dark shirt raises his arm, looking upward. To the right, a man in a dark shirt and white apron is bent over, working on the floor near a pile of meat. Above them, large, hanging carcasses of animals, stripped of skin and flesh, hang from the ceiling. The scene is crowded, with figures in various poses—standing, bending, looking up, or observing. The lighting is dramatic, with a strong light source illuminating the central figures and the meat, while the background and periphery remain in deep shadow. The colors are mostly earthy and muted, with reds, browns, and whites dominating, and the textures suggest rough fabric, raw flesh, and wooden surfaces. The overall impression is one of intense, physical labor in a dirty, crowded space."
Realism/vasily-perov_yaroslavna-s-lament-1881.jpg,"The artwork shows a person standing on a high place, looking upward with their head tilted back and eyes closed, as if gazing at the sky or in deep thought. They are wrapped in layered clothing — a long, light-colored outer garment with a red and dark green inner layer, and a gold-embroidered garment visible beneath. Their arms are crossed over their chest, and their posture suggests stillness or contemplation. Behind them, the sky is painted with soft, fading colors — pale yellow near the horizon, blending into purple and blue higher up — suggesting either dawn or dusk. In the lower left, dark, pointed shapes suggest the tops of buildings or a fortress. To the right, a faint outline of a building with a flagpole is visible. Several white birds are scattered in the sky, mostly near the horizon. The painting has a soft, atmospheric quality, with light appearing to come from above and behind the figure, casting a gentle glow on their face and clothing. The textures of the fabric are suggested through brushwork, with visible strokes indicating folds and layers. The signature “B. Mirov” is visible in the lower left corner."
Mannerism_Late_Renaissance/tintoretto_st-nicholas.jpg,"The artwork shows a man dressed in elaborate, layered robes, standing in profile and facing left. He wears a tall, pointed white hat with a red band, and his face is partially visible, showing a beard and a serious expression. He holds a long staff with an ornate top in his right hand, and in his left hand, he carries a small wooden tray holding three round, golden objects. His robes are richly decorated with gold embroidery and red patterns, with a white undergarment visible beneath. The background is dark and turbulent, suggesting a stormy sky or a shadowy landscape, with indistinct shapes that appear to be rocks or trees. The figure is positioned in the center of the frame, with the staff and tray clearly in the foreground. The lighting is dim, with some highlights on the gold and red fabrics, and the textures suggest heavy, draped material. The overall impression is one of solemnity and authority, with the figure appearing to be walking or standing still in a dramatic, possibly outdoor setting."
Realism/boris-kustodiev_akaky-akakiyevich-returned-from-the-party-1905.jpg,"The artwork shows a lone figure walking away from the viewer on a snowy path at night. The figure is dressed in a heavy, dark coat and a hat, and is moving toward the right side of the image. To the left, there is a wooden post or fence, and the ground is covered in snow, with some areas appearing disturbed or uneven. In the distance, a bright, glowing light appears in the upper right portion of the scene, suggesting a distant source of illumination. The entire image is rendered in black and white, with a grainy texture that suggests it was created with a medium like charcoal or pencil. The figure’s posture is upright and forward-moving, indicating purposeful motion. The light source is distant and isolated, contrasting with the dark, shadowy surroundings. The composition places the figure on the left side of the frame, with the path leading toward the light on the right, creating a sense of direction and movement through a cold, quiet environment."
Art_Nouveau_Modern/michel-simonidy_tulipes-1923.jpg,"This artwork shows a still life of flowers in a vase, set against a dark background. The vase, which is the central object, is round and appears to be made of a smooth, possibly ceramic material, with a muted greenish-blue color. It holds a cluster of flowers that are mostly reddish-orange and pale yellow, with some petals appearing wilted or drooping. The flowers are arranged in a loose, naturalistic cluster, with stems and leaves curling around the vase. The vase sits on a dark, reflective surface, which shows faint, blurred reflections of the flowers and vase. The background is uniformly dark, with no distinct features, and the overall lighting is dim, with subtle highlights on the vase and flowers, suggesting a single light source from the upper left. The texture of the painting is visible, with thick, visible brushstrokes, especially around the vase and flowers, indicating an impasto technique. The composition is centered, with the vase and flowers occupying the middle and lower half of the frame, and the dark background surrounding them. The flowers appear to be in a state of decay or wilting, with some petals drooping downward and others slightly curled. The stems and leaves are green and appear to be tangled around the vase, adding to the sense of natural disorder. The overall impression is one of quiet stillness, with the dark background and dim lighting emphasizing the forms and textures of the flowers and vase."
Ukiyo_e/utagawa-kuniyoshi_lacquered-boxes-against-rain.jpg,"This artwork depicts a group of figures, likely soldiers or warriors, moving forward in a line. Each figure is carrying a long, heavy-looking weapon, possibly a rifle or a similar firearm, with a boxy component near the top, and they are dressed in what appears to be traditional or historical military attire, including wide, fur-lined garments and sandals. The figures are shown in a staggered formation, with their bodies angled forward, suggesting movement or marching. Their heads are mostly obscured or turned away, and their faces are not clearly visible. The background is minimal, with a few faint lines suggesting rain or motion, and there is some handwritten Japanese text in the upper right corner. The image is in black and white, with strong contrasts between the dark figures and the light background, and the texture of the fur and clothing is rendered with fine, sketchy lines. The overall impression is one of a group advancing together, carrying weapons, in a possibly harsh or rainy environment."
Baroque/pietro-da-cortona_ceiling-fresco-in-the-hall-of-saturn-1665.jpg,"The artwork shows a ceiling decorated with ornate gold frames and painted scenes. The central painting depicts a dynamic, heavenly scene with multiple figures in motion, some flying or falling through clouds, suggesting a dramatic, possibly divine event. Flanking this central image are two oval paintings, each enclosed in a heavy gold frame, showing darker, more subdued scenes with figures in landscape settings. Below the central painting, a smaller circular painting is set within a decorative gold frame, surrounded by sculpted figures in dynamic poses. The entire ceiling is framed by elaborate gold moldings, with sculpted figures and decorative elements like shells and scrolls. The gold surfaces are highly reflective and detailed, with intricate carvings. The central painting uses bright, dramatic colors like blue, red, and white, contrasting with the darker tones of the surrounding paintings. The overall impression is one of grandeur and complexity, with a strong emphasis on gold and movement."
Art_Nouveau_Modern/andrei-ryabushkin_life-for-tsar.jpg,"This artwork is a decorative cover for an opera. At the top, large stylized red letters spell out the title “ХАЗНИ ЗА ЦАРЯ” (The Tragedy of the Tsar). Below that, smaller text identifies it as an opera with spoken dialogue, credits the music to the composer, and lists the decorator, illustrator, and painter. In the center, there is a small rectangular illustration showing a group of people in traditional clothing gathered outside a wooden building with ornate windows. Several figures are raising their arms, and hats are falling from above, suggesting a festive or celebratory scene. The entire design is framed by elaborate red and green ornamental patterns, including two stylized faces on the left and right sides, and a crest with a double-headed eagle at the top center. The illustration has a flat, painted look with visible brushstrokes, and the colors are muted, with earth tones and some bright accents. The overall layout is symmetrical, with the central image surrounded by decorative borders. The artist’s signature is visible in the bottom right corner."
Mannerism_Late_Renaissance/maerten-van-heemskerck_the-triumphal-procession-of-bacchus.jpg,"This artwork depicts a chaotic, crowded scene filled with many nude or partially clothed figures in various states of motion and interaction. The central area is dominated by a group of muscular, bare-chested men and women engaged in physical activity, some wrestling, others running or reaching for objects. To the left, a dark-skinned figure stands atop a pedestal, holding a staff, while another figure is suspended in mid-air, seemingly being lifted or thrown. A small child is visible near the bottom left, and a large stone foot rests on a pedestal nearby. On the right, a large, muscular man with a dark beard sits atop a cart or wheeled object, holding a staff, while other figures surround him, some carrying objects like a basket or a large leafy branch. In the background, a classical-style building with columns and a dome is visible, along with other figures and structures that suggest a public or ceremonial space. The scene is set outdoors under a cloudy sky, with some trees and architectural elements visible. The lighting is diffuse, with no strong shadows, and the colors are muted, dominated by earth tones, browns, and grays, with occasional darker and lighter areas suggesting depth. The textures appear rough and detailed, with visible brushwork and varied surface qualities, especially in the depiction of skin, clothing, and architectural elements. The overall impression is one of intense, physical activity and disorder, with figures in dynamic, often awkward or exaggerated poses."
Northern_Renaissance/albrecht-durer_all-saints-picture-1511.jpg,"This artwork depicts a large, circular scene showing Jesus Christ crucified at the center, with a figure in a golden robe and crown above him, holding a green and blue banner. Around the cross, many figures in colorful robes are gathered, some kneeling, some standing, some holding objects like books or staffs. Below the central scene, a group of people in elaborate, richly colored garments, including red, gold, and brown, are shown in various poses, some reaching upward, others looking toward the center. The entire scene is set against a sky with clouds and a distant landscape of hills and trees at the bottom. The painting is signed in the lower right corner with text that appears to read “ALBERTUS DURER NORICVS FACIE BAT ANNO AVIR GINIS PARTV 1511.” The colors are vivid, with strong contrasts between the bright reds, golds, and blues, and the darker tones of the figures’ clothing and the background. The figures are detailed, with visible textures in their robes and facial features, and the scene is illuminated by a bright light source from above, casting shadows and highlighting the central figures."
Realism/vasily-surikov_yermak-s-conquest-of-siberia-1895.jpg,"This artwork depicts a chaotic and violent river battle between two groups of soldiers. On the left, a group of men in dark and varied clothing, some wearing helmets, are in small wooden boats, firing muskets that emit smoke and sparks. One man in a red coat is prominently positioned in the center-left, leaning forward with a musket aimed. To the right, another group of soldiers, some with shields and bows, are also in boats, facing the first group. The water is choppy and brown, with splashes and debris visible. In the background, a large, steep embankment is crowded with more soldiers, and beyond that, a distant city skyline with towers can be seen under a cloudy sky. A large banner with a painted face is visible on the left, hanging from a pole. The scene is filled with movement, smoke, and the tension of combat. The painting uses a muted color palette dominated by browns, grays, and dark tones, with the red coat providing a stark contrast. The brushwork suggests rough textures and the chaotic motion of the battle. The artist’s signature and the year 1892 are visible in the bottom right corner."
Northern_Renaissance/gerard-david_two-legends-of-st-nicholas-1.jpg,"This artwork depicts a bishop standing on the left side of the scene, dressed in ornate, richly patterned robes and a tall, decorated mitre, holding a golden staff. He is looking down toward three nude children seated in a large wooden tub. The children are positioned in the center-right of the image, with one sitting on the edge of the tub, another partially inside, and the third behind them, all facing the bishop. The bishop’s right hand is extended toward the children, as if gesturing or speaking to them. The setting appears to be indoors, with a checkered floor in the foreground and a window with wooden framing visible in the background on the right. The lighting is even, with no strong shadows, and the colors are muted, dominated by earth tones, golds, and the pale skin of the children. The textures of the bishop’s robes and the wooden tub are visible, suggesting fabric and wood, while the children’s skin appears smooth and unadorned. The overall composition is framed within an arched top, suggesting it is a panel painting."
Cubism/pablo-picasso_mediterranean-landscape-1952.jpg,"This artwork depicts a vibrant, stylized coastal village scene. On the left, a cluster of buildings with red-tiled roofs and green shutters rises from a steep, terraced slope. A narrow staircase winds down the hillside, passing through a garden area with yellow and green patterned ground cover. In the center, a white building with a balcony and arched doorway stands prominently, surrounded by dense green foliage. To the right, a sailboat with a white sail and dark hull floats on deep blue water, with two small human figures standing on its deck. Behind the boat, a tall palm tree rises against the sky. The sky is a solid, deep blue with white streaks suggesting clouds or birds. The entire scene is rendered with bold, flat areas of color and sharp, angular lines, giving it a fragmented, geometric feel. The colors are intense and saturated, with strong contrasts between the warm tones of the buildings and the cool tones of the sea and sky. The textures appear flat and painted, with no visible brushwork or physical surface detail. The composition is tightly packed, with no clear horizon or distant background, emphasizing the density of the scene."
Realism/maxime-lalanne_innenansicht-der-b-rse-handelsbeurs-von-antwerpen.jpg,"This artwork shows a large, ornate interior hall with multiple levels, high ceilings, and intricate architectural details. The space is long and wide, with a central open area flanked by rows of arched openings and decorative columns. The upper level has a balcony with railings and more arches, and the ceiling features complex, repeating patterns and decorative elements. Several small figures are scattered throughout the hall, mostly near the center and along the sides, appearing to walk or stand in small groups. The figures are small in comparison to the scale of the room, suggesting the space is vast. The drawing is in black ink on a light-colored paper, with fine lines and cross-hatching used to create texture and depth. The lighting is not clearly defined, but the overall impression is one of a dimly lit, enclosed space with shadows and highlights created by the artist’s technique. The paper has some visible wear and a signature in the lower right corner."
Realism/mihaly-munkacsy_still-life-with-flowers-and-fruits-1882.jpg,"This artwork shows a still life arrangement on a dark surface, featuring a large, vibrant bouquet of flowers in a dark vase, alongside various fruits and a broken plate. The flowers, mostly red and white, are clustered in the upper center, with some stems and leaves extending toward the left and right. To the left of the flowers, a clear glass is partially visible, and below it, a pineapple and a red fruit lie on the surface. In the center foreground, clusters of grapes and a round, pale object, possibly cheese or a fruit, are present. To the right, a broken white plate with a blue pattern lies on its side, partially covered by a dark, rounded object that appears to be a fruit or vegetable. The background is a dark, muted greenish-brown, with no distinct figures or movement. The lighting is dim, with highlights on the flowers, glass, and fruit, creating contrast against the dark surroundings. The textures suggest rough surfaces for the table and vase, smooth surfaces for the glass and plate, and varied textures for the fruits and flowers. The overall composition is dense and clustered, with no clear focal point beyond the central floral arrangement."
Pop_Art/andy-warhol_spam.jpg,"This artwork shows a grid of identical canned food products, each labeled “SPAM” in bold yellow letters on a dark background. The cans are arranged in six rows and seven columns, forming a uniform, tightly packed rectangular pattern. Each can features an image of sliced meat on a plate, with a small garnish of green herbs and a reddish-orange sauce or garnish beside it. The cans are positioned flat and side by side, with no variation in orientation or spacing. The entire surface is covered by this repeating pattern, with no foreground, background, or central focus beyond the uniformity of the arrangement. The colors are consistent across all cans: bright yellow text, dark blue or black background, and muted tones for the food image. The texture appears smooth and metallic, as is typical for tin cans, and the edges of the cans are slightly raised, suggesting a physical, three-dimensional object. The lighting is even, with no shadows or highlights, making the image appear flat and uniform."
Art_Nouveau_Modern/jacek-malczewski_self-portrait-with-death.jpg,"The artwork shows two people standing outdoors, with a man in the foreground and a woman behind him. The man is bald with a beard, wearing a light-colored shirt and a dark vest, and he holds a glass in his right hand while his left hand rests on his hip. He is carrying a long, wide object over his shoulder, which appears to be a tool or a blade. The woman, partially obscured behind him, has dark hair and is wearing a head covering with flowers; she is also holding a similar long object over her shoulder. The background is a blurred green, suggesting foliage or grass. The man is centered in the foreground, with the woman positioned to his left and slightly behind him. The lighting is bright and even, with no strong shadows. The colors are mostly earthy and muted, with the green background contrasting against the man’s clothing and the woman’s darker attire. The textures suggest oil paint, with visible brushstrokes, especially in the background and on the clothing. The glass in the man’s hand is transparent with a patterned base, and the object he carries has a metallic or wooden appearance. The overall impression is of a moment captured in an outdoor setting, with the figures appearing to be in motion or preparing for something."
Romanticism/ford-madox-brown_the-irish-girl-1860.jpg,"This artwork shows a close-up portrait of a young person with dark, curly hair, looking slightly to the side. They are wearing a red garment with a patterned design on the shoulder, and they are holding a small blue flower in their hand, positioned near their chest. The background is a solid, deep red, with no other objects or figures visible. The person’s face is centered in the frame, and their head is tilted slightly, with their gaze directed away from the viewer. The lighting is soft and even, highlighting the face and the flower, while the red fabric and background are rendered with a textured, painted surface. The flower appears to be a small, delicate bloom with visible petals and a green stem. The fabric has a raised, patterned texture, suggesting it is made of a woven or embroidered material. The overall composition is intimate and focused on the subject’s face and the flower they hold."
Realism/ilya-repin_judas-1885.jpg,"The artwork shows a single figure, cloaked in dark, heavy fabric, seated and facing slightly toward the viewer. The figure’s face is partially illuminated by a focused, warm light that highlights the eyes, nose, and lips, while the rest of the face and body remain in deep shadow. The figure’s right hand is raised to their mouth, with fingers curled near the lips, suggesting they are holding or touching something small and red, possibly a cigarette or a piece of fruit. The background is a solid, dark, indistinct mass, with no clear separation from the figure, creating a sense of enclosure. The surface of the painting has a rough, textured quality, with visible brushstrokes that add depth and weight to the dark areas. The light source appears to come from the front and slightly above, casting strong shadows and emphasizing the figure’s facial features and hand. The overall impression is one of intimacy and stillness, with the figure’s posture and the focused lighting drawing attention to their face and hand."
Realism/antã³nio-de-carvalho-da-silva-porto_t-te-de-jeune-fille.jpg,"This artwork shows a portrait of a young person, likely a woman, looking slightly to the right of the viewer. She is wearing a red headscarf that is tied around her head and drapes down her neck, and a light-colored garment with a visible collar or scarf around her neck. The figure is positioned centrally in the frame, facing forward but with her gaze directed away. Her expression is neutral, with a calm, perhaps thoughtful look. The background is plain and light-colored, with no distinct objects or details. The painting has visible brushstrokes, suggesting it is an oil or similar medium. The colors are muted, with the red of the headscarf being the most prominent, contrasting with the pale tones of the clothing and background. The texture appears rough and expressive, with visible marks from the paint. A signature, possibly “S. P.”, is visible in the lower left corner."
Baroque/peter-paul-rubens_bacchanale.jpg,"This artwork depicts a chaotic, crowded scene with many nude human figures and some with animal-like features, set in a dark, wooded environment. In the center-left, a large, bearded man sits with a woman beside him, both facing away from the viewer. To their right, a group of figures, some with horns or distorted faces, are in dynamic, aggressive poses, appearing to attack or surround others. In the lower right, a woman is lying down with a small child on her lap, while another child lies nearby. The figures are arranged in a dense, overlapping composition, with no clear separation between them. The lighting is dim and uneven, with some areas of the figures illuminated by a soft, localized glow, while much of the background and surrounding area is dark and shadowy. The textures suggest rough, earthy surfaces and the skin of the figures, with some areas appearing smudged or blurred. The overall impression is one of intense physicality and disorder, with figures in various states of movement or stillness."
Baroque/anthony-van-dyck_studies-of-a-man0s-head.jpg,"This artwork shows two male faces in profile, side by side, looking in opposite directions. The figure on the left is turned toward the viewer’s left, with a visible eye and nose, while the figure on the right is turned toward the viewer’s right, with eyes closed or looking downward. Both have thick, curly hair and long, thick beards that extend from their chins to their necks. The background is dark and indistinct, with no clear objects or scenery. The figures are positioned close together, almost touching, with their heads and shoulders occupying the central area of the image. The lighting is dim and focused, illuminating parts of their faces and beards, while leaving much of the scene in shadow. The texture appears rough and heavy, with visible brushstrokes, especially in the hair and beard, suggesting a painting medium. The colors are mostly dark browns, blacks, and muted flesh tones, with some lighter areas where light hits the skin and hair. The overall impression is one of intense, close-up portraiture with a strong sense of depth created by the contrast between light and shadow."
Realism/isaac-levitan_evening-path-1882.jpg,"This artwork shows a winding dirt path cutting through a grassy field, bordered on the right by a dense, dark tree or bush. In the distance, a few dark, indistinct shapes suggest trees or possibly small structures. The sky above is pale and cloudy, with no clear sun or shadows. The path curves from the lower right toward the center and then away into the distance, leading the eye toward the distant shapes. The foreground is dominated by the path and the dark vegetation on the right. The grass is painted in broad strokes of green and yellow, with some darker patches. The tree on the right is thick and dark, with visible brushstrokes suggesting rough bark and dense foliage. The sky is rendered in light, muted tones, with some white and gray areas that suggest clouds. The overall texture is thick and impasto, with visible brushstrokes throughout, especially in the tree and the path. The colors are mostly earthy and muted, with the green and brown of the landscape contrasting with the pale sky. The path appears to be wet or reflective in places, with lighter, almost white streaks suggesting water or light. There are no people or animals visible. The composition is asymmetrical, with the dark mass on the right and the open field to the left. The path is the central focus, leading the viewer’s attention into the distance. The artwork does not show any clear horizon line or distinct landmarks. The brushwork is rough and expressive, with no fine detail. The overall impression is one of a quiet, natural landscape, viewed from a low angle, with a sense of depth created by the path and the distant shapes."
Symbolism/nicholas-roerich_way-to-shambala-1933.jpg,"This artwork shows a mountain range under a twilight sky, with the highest peak glowing with warm orange and yellow light against a purple and pink sky. The mountains in the background are painted in muted purples and blues, fading into the distance. In the foreground, dark, jagged rock formations are visible, rendered in deep purples, blacks, and hints of teal. The sky is a smooth gradient of soft purple and pink, suggesting either sunrise or sunset. The painting has a textured surface, with visible brushstrokes and layered colors, especially around the glowing peak, which appears to be the focal point. The composition places the brightest part of the scene toward the upper right, while the foreground rocks occupy the lower right and left edges, framing the view. No figures or moving elements are present."
Pop_Art/andy-warhol_dollar-sign.jpg,"The artwork shows a large, stylized dollar sign, rendered in bold red and pinkish-white lines against a solid light blue background. The dollar sign is not a clean, simple shape; it is layered with overlapping, broken, and scratched lines that give it a rough, textured appearance. The red forms the main body of the symbol, while the pinkish-white lines appear to be scratched or drawn over the red, creating a sense of depth and distortion. The entire image is centered, with no other objects or figures present. The background is uniform and flat, with no variation in tone or texture. The surface appears to be printed or screen-printed, with visible, uneven edges and a slightly grainy quality to the lines. The artist’s signature is located in the bottom right corner, written in a cursive script."
Romanticism/fyodor-bronnikov_bellagio-1875-1.jpg,"This artwork shows a wide, calm lake bordered by steep, rocky mountains under a pale blue sky with soft, wispy clouds. On the left, a sandy beach curves along the shore, with a few small figures standing or sitting near the water’s edge. A small boat with one person is visible in the center of the lake, moving toward the right. In the distance, across the water, a small cluster of buildings appears nestled at the base of the mountains. The mountains rise sharply on both sides, their slopes covered in dark green vegetation, with the far right side showing a more distant, hazy mountain range. The water is a clear, light blue-green near the shore, fading to deeper blue farther out. The sky is mostly clear, with a few faint, pinkish clouds near the horizon. The overall impression is peaceful and expansive, with natural light suggesting a bright, clear day. The textures suggest a painted surface, with visible brushwork in the mountains and water, and the beach appears rough and uneven."
Post_Impressionism/vincent-van-gogh_three-cicadas-1889.jpg,"This artwork shows three hand-drawn illustrations of cicadas, arranged vertically in a column. Each cicada is depicted in a side profile, facing left, with wings extended and legs visible. The drawings are done in black ink on a light-colored, textured surface that appears to be paper, with visible grain and slight wear along the bottom edge. The cicadas are not identical; their wing patterns and body markings vary slightly, suggesting different species or individual variations. The drawings are not detailed with shading or color, relying on line work to define form. The cicadas are positioned one above the other, with no other objects or background elements present. The paper has a slightly uneven edge at the bottom, suggesting it may have been torn or folded. The overall impression is that of a scientific or observational sketch, focused on the anatomical features of the insects."
Northern_Renaissance/albrecht-durer_portrait-of-a-man-damia-van-der-goes.jpg,"This is a black-and-white drawing of a man’s head and shoulders. He is looking slightly to his left, with his gaze directed away from the viewer. He wears a wide, soft-brimmed hat that covers the top of his head and extends outward on the sides. His hair is curly and falls around his ears and neck. He has a full beard and mustache, with visible stubble. Around his neck and shoulders, he wears a thick, fluffy garment that appears to be made of fur, with the texture of individual hairs clearly drawn. The background is dark and plain, with no other objects or figures visible. The drawing uses shading to create depth and form, with light appearing to come from the front-left, highlighting the right side of his face and the fur. The lines are detailed and precise, especially in the rendering of the fur and the hat’s fabric."
Early_Renaissance/sandro-botticelli_adoration-of-the-magi-1500(1).jpg,"This artwork depicts a large gathering of people around a central figure who is seated under a stone structure, with many others standing or kneeling nearby. The central figure is wrapped in a blue and gold robe, holding a small child, and is surrounded by people in various poses—some kneeling, some standing, some gesturing toward the center. To the left and right, groups of people are clustered, with some figures appearing to be in motion or interacting with each other. The scene is set outdoors, with large stone ruins framing the center, and a distant landscape visible behind them. The light is bright and appears to come from above, illuminating the central figures and casting shadows around them. The colors are rich and varied, with deep reds, blues, and golds dominating the clothing of the figures, while the stone structures and ground are rendered in earthy tones. The textures suggest rough stone and fabric, with the figures’ clothing showing folds and movement. The overall composition is crowded, with figures filling the space around the central area, creating a sense of urgency or importance."
Art_Nouveau_Modern/boris-kustodiev_show-booths-1917.jpg,"This artwork depicts a lively winter fair or festival scene, bustling with people and decorated with snow-covered trees and festive structures. In the center, a large wooden stage with red curtains is surrounded by a crowd of onlookers. Above the stage, a banner with the word “THEATRE” in red letters is visible, and people are gathered on a raised platform behind it. To the left, a carousel with colorful decorations is partially visible, and in the foreground, several horse-drawn sleds with ornate carriages are present, some occupied by people. The trees are heavily laden with snow, creating a dense, white canopy that frames the scene. The sky is a pale, cool blue, and flags with red, white, and blue stripes flutter above the stage. The crowd is dense and varied, with people dressed in winter clothing, some standing, others moving, and a few children visible near the center. The overall impression is one of festive activity in a cold, snowy environment. The painting uses bright, contrasting colors, with the reds of the stage and sleds standing out against the white snow and pale sky. The brushwork is visible and textured, suggesting a lively, energetic scene. The lighting appears to be daylight, with shadows cast by the trees and structures. The snow on the trees and ground is rendered with thick, textured strokes, giving a sense of cold and weight. The figures are mostly indistinct, with clothing and features blurred or simplified, but their presence and movement are clear. The scene is crowded and dynamic, with no clear focal point, but the stage and the carousel are the most prominent elements. The artist’s signature and the year “1919” are visible in the lower left corner."
Northern_Renaissance/albrecht-durer_st-catherine-and-the-executioner.jpg,"This artwork shows a man with a thick, curly beard and a muscular build, standing over a woman who is kneeling on the ground. The man is holding a sword high in his right hand, pointing upward, and his left hand is gripping the woman’s shoulder or upper arm. The woman is dressed in elaborate, ornate clothing with a high collar and decorative cuffs, and she is looking up at the man with her hands raised slightly, as if in supplication or fear. Her body is positioned on the ground, with her legs bent and her head tilted back. The man’s feet are planted firmly on the ground, and his body is angled slightly toward the viewer. The background is plain and unadorned, with no other objects or figures visible. The artwork is rendered in black and white, with fine lines and cross-hatching used to create texture and depth, particularly in the clothing and the man’s muscular form. The surface of the paper appears to be textured, and the lines are sharp and deliberate, suggesting it is a drawing or etching. There is a small circular mark in the bottom right corner, which appears to be a signature or stamp. At the top center, there is a line of characters that appear to be a title or label, but they are not legible in this description."
High_Renaissance/giovanni-bellini_the-assassination-of-st-peter-martyr-1509.jpg,"This artwork depicts a violent scene in a wooded area, where several armored men are attacking a man in a white robe and black cloak who is kneeling on the ground. One man in armor is raising a sword above his head, another is stepping on a red object near the kneeling man’s feet, and a third is holding a sword to the kneeling man’s neck. The kneeling man’s head is tilted back, his eyes closed, and his hands are clasped together. To the right, a man in a white robe and black cloak, with a halo around his head, is reaching out with both arms toward the central figures, appearing to try to stop the attack. In the background, there are more figures, some on horseback, and a distant path leading into a brighter area. The ground is dirt with scattered objects, including a red circular object near the feet of the kneeling man and a small white object near the right edge. The trees are tall and dense, forming a dark canopy overhead, with a bright light source visible through the trees in the distance. The colors are mostly earthy tones, with the red of the object and the white of the robes standing out. The textures suggest painted surfaces, with visible brushwork and a somewhat rough, detailed style. The overall impression is one of chaos and confrontation, with the central figures in the foreground dominating the scene."
Northern_Renaissance/robert-campin_the-liturgical-vestments-of-the-order-of-the-golden-fleece-the-cope-of-the-virgin-mary-1442-1.jpg,"This artwork is a large, curved, golden panel with a complex, repeating pattern of small, hexagonal compartments. At the top center, there is a single, larger, circular medallion containing a figure seated on a throne, wearing a crown and robes, with one hand raised. Around this central figure, along the top edge, are several smaller, rectangular panels, each containing a different scene with figures. The rest of the panel is filled with dozens of hexagonal compartments, each containing a different figure or scene, mostly dressed in robes and standing or sitting in various poses. The figures are arranged in rows, with some facing inward toward the center and others facing outward. The entire surface is framed by a decorative border with repeating geometric and floral motifs. The material appears to be a fabric or textile, with visible stitching and a slightly worn, aged texture. The colors are mostly gold, red, and muted earth tones, with some areas of green and blue. The lighting is even, with no strong shadows, and the overall impression is one of a densely packed, ornate, and symmetrical composition."
Cubism/rufino-tamayo_the-woman-with-red-mask-1940.jpg,"The artwork shows a seated figure, mostly dark in tone, holding a stringed instrument. The figure is draped in a bright red cloth that covers their head and body, with the red fabric flowing around their legs and the instrument. The figure’s face is partially visible, with a red mask-like area covering the eyes and nose, and a dark, flat area for the mouth. The figure’s hands are on the instrument, suggesting they are playing it. The instrument is large, with a rounded body and strings, and appears to be held in a seated position. The background is a dark, reddish-brown, with a curved arch shape behind the figure, and a small, dark, indistinct shape to the right of the figure’s head. The figure’s body is mostly black, with some lighter areas suggesting form, and the red cloth has a smooth, slightly reflective surface. The overall image is dominated by red and black tones, with the red appearing to be a solid, vibrant color, and the black appearing to be a deep, matte tone. The texture of the surface suggests a painted canvas, with visible brushstrokes and a rough, uneven surface. The lighting is dim, with no clear source, and the figure is mostly in shadow, with only the red cloth and the instrument being more illuminated. The figure’s posture is upright, with their body facing forward, and their hands positioned on the instrument. The instrument is held in a way that suggests it is being played, with the figure’s fingers on the strings and the body of the instrument resting on their lap. The background is a solid, dark color, with no other objects or figures visible. The overall composition is centered on the figure and the instrument, with the red cloth and the dark background creating a strong contrast. The figure’s face is partially obscured, with the red mask-like area covering the eyes and nose, and the dark, flat area for the mouth. The figure’s body is mostly black, with some lighter areas suggesting form, and the red cloth has a smooth, slightly reflective surface. The overall image is dominated by red and black tones, with the red appearing to be a solid, vibrant color, and the black appearing to be a deep, matte tone. The texture of the surface suggests a painted canvas, with visible brushstrokes and a rough, uneven surface. The lighting is dim, with no clear source, and the figure is mostly in shadow, with only the red cloth and the instrument being more illuminated. The figure’s posture is upright, with their body facing forward, and their hands positioned on the instrument. The instrument is held in a way that suggests it is being played, with the figure’s fingers on the strings and the body of the instrument resting on their lap. The background is a solid, dark color, with no other objects or figures visible. The overall composition is centered on the figure and the instrument, with the red cloth and the dark background creating a strong contrast. The figure’s face is partially obscured, with the red mask-like area covering the eyes and nose, and the dark, flat area for the mouth. The figure’s body is mostly black, with some lighter areas suggesting form, and the red cloth has a smooth, slightly reflective surface. The overall image is dominated by red and black tones, with the red appearing to be a solid, vibrant color, and the black appearing to be a deep, matte tone. The texture of the surface suggests a painted canvas, with visible brushstrokes and a rough, uneven surface. The lighting is dim, with no clear source, and the figure is mostly in shadow, with only the red cloth and the instrument being more illuminated. The figure’s posture is upright, with their body facing forward, and their hands positioned on the instrument. The instrument is held in a way that suggests it is being played, with the figure’s fingers on the strings and the body of the instrument resting on their lap. The background is a solid, dark color, with no other objects or figures visible. The overall composition is centered on the figure and the instrument, with the red cloth and the dark background creating a strong contrast. The figure’s face is partially obscured, with the red mask-like area covering the eyes and nose, and the dark, flat area for the mouth. The figure’s body is mostly black, with some lighter areas suggesting form, and the red cloth has a smooth, slightly reflective surface. The overall image is dominated by red and black tones, with the red appearing to be a solid, vibrant color, and the black appearing to be a deep, matte tone. The texture of the surface suggests a painted canvas, with visible brushstrokes and a rough, uneven surface. The lighting is dim, with no clear source, and the figure is mostly in shadow, with only the red cloth and the instrument being more illuminated. The figure’s posture is upright, with their body facing forward, and their hands positioned on the instrument. The instrument is held in a way that suggests it is being played, with the figure"
Symbolism/odilon-redon_eye-balloon-1898.jpg,"The artwork shows a large, dark, balloon-like shape floating in the sky, with a detailed eye inside its upper portion. The eye has a dark pupil, a lighter iris, and radiating lines around its outer edge that resemble eyelashes or hair. Below the balloon, a dark, flat surface stretches across the bottom of the image, possibly representing water or land, with some faint, indistinct shapes that might be vegetation or debris. The background is a textured, mottled grayish-brown sky, with no clear horizon or distinct features. The balloon is centered in the composition, hanging above the lower surface. The entire image is rendered in monochrome, with heavy, rough textures and deep shadows, suggesting it was created with a medium like charcoal or ink on rough paper. The surface has visible scratches and smudges, indicating age or the nature of the medium. There are no figures or other objects in the scene."
Baroque/rembrandt_the-anatomy-lesson-of-dr-nicolaes-tulp-fragment-1632.jpg,"This artwork shows a close-up of a surgical procedure. A person’s hands are visible, one holding a pair of metal surgical scissors and cutting into exposed flesh and muscle tissue. The other hand is raised, fingers slightly curled, as if holding or preparing something. The body being operated on is partially visible, showing skin and muscle layers, with the cut area clearly exposed. The background is dark, with a few small, faint light points that might be distant candles or reflections. The lighting is focused on the hands and the surgical site, making them stand out against the dark background. The texture of the skin and muscle appears detailed and realistic, with visible veins and tissue layers. The hands are wearing a white, stiff cuff, suggesting formal attire. The overall scene is tightly framed, emphasizing the precision and intimacy of the procedure."
Symbolism/kuzma-petrov-vodkin_bathing-boys-1926.jpg,"The artwork shows a young, nude boy standing on a wooden surface near water, with his right hand on his hip and his left arm raised behind his head. He is wearing a light-colored swim cap. Behind him, in the water, another nude figure is partially submerged and appears to be moving or gesturing with one arm raised. Further in the background, another figure is visible in the water, seemingly swimming or floating. The water is rendered in shades of blue and purple, with dark green and brown foliage surrounding the scene on the left and right edges. The boy’s skin is painted in warm, reddish-orange tones, contrasting with the cool blues and purples of the water and background. The surface of the painting has visible brushstrokes, suggesting it is an oil painting on canvas. The wooden surface the boy stands on is in the lower right corner, with visible planks and texture. The overall composition places the boy as the central focus, with the other figures and the surrounding environment receding into the background."
Symbolism/arnold-bã¶cklin_self-portrait-with-death-as-a-fiddler-1872.jpg,"This artwork shows a man with dark hair and a beard, wearing a dark jacket over a white collar, holding a paintbrush in his right hand. In front of him, on the lower right, is a paint palette with visible paint splotches and a crumpled piece of paper or cloth nearby. Behind him, to his right, is a skeletal figure holding a violin, with the skull’s teeth visible and the instrument’s strings and bow clearly depicted. The man is looking slightly to his left, away from the viewer, with a serious expression. The background is dark and shadowy, with no other discernible objects or figures. The lighting is focused on the man’s face and the paintbrush, while the skeleton and the violin are dimly lit. The colors are mostly dark, with the white collar and the paint palette offering contrast. The textures suggest oil paint, with visible brushwork, especially around the man’s face and the skeleton’s features. The palette and paintbrush appear to be made of wood and metal, respectively. The skeleton’s bones are rendered with a rough, uneven texture, and the violin has a reddish-brown body with visible strings and bow. The man’s clothing appears to be made of a heavy, dark fabric. The overall composition places the man in the center-left, the skeleton in the center-right, and the palette in the lower right corner. The man’s hand is positioned in the lower left, holding the brush. The skeleton’s head is slightly tilted, and its hand is gripping the violin. The man’s gaze is directed away from the viewer, and his posture is upright. The palette is resting on a surface that is not clearly visible, but it is positioned in the foreground, near the man’s lap or knee. The paintbrush is held horizontally, with the bristles pointing toward the palette. The crumpled paper or cloth is near the palette, suggesting it may be a rag or a used paper towel. The lighting is focused on the man’s face and the paintbrush, while the skeleton and the violin are dimly lit. The colors are mostly dark, with the white collar and the paint palette offering contrast. The textures suggest oil paint, with visible brushwork, especially around the man’s face and the skeleton’s features. The palette and paintbrush appear to be made of wood and metal, respectively. The skeleton’s bones are rendered with a rough, uneven texture, and the violin has a reddish-brown body with visible strings and bow. The man’s clothing appears to be made of a heavy, dark fabric. The overall composition places the man in the center-left, the skeleton in the center-right, and the palette in the lower right corner. The man’s hand is positioned in the lower left, holding the brush. The skeleton’s head is slightly tilted, and its hand is gripping the violin. The man’s gaze is directed away from the viewer, and his posture is upright. The palette is resting on a surface that is not clearly visible, but it is positioned in the foreground, near the man’s lap or knee. The paintbrush is held horizontally, with the bristles pointing toward the palette. The crumpled paper or cloth is near the palette, suggesting it may be a rag or a used paper towel. The lighting is focused on the man’s face and the paintbrush, while the skeleton and the violin are dimly lit. The colors are mostly dark, with the white collar and the paint palette offering contrast. The textures suggest oil paint, with visible brushwork, especially around the man’s face and the skeleton’s features. The palette and paintbrush appear to be made of wood and metal, respectively. The skeleton’s bones are rendered with a rough, uneven texture, and the violin has a reddish-brown body with visible strings and bow. The man’s clothing appears to be made of a heavy, dark fabric. The overall composition places the man in the center-left, the skeleton in the center-right, and the palette in the lower right corner. The man’s hand is positioned in the lower left, holding the brush. The skeleton’s head is slightly tilted, and its hand is gripping the violin. The man’s gaze is directed away from the viewer, and his posture is upright. The palette is resting on a surface that is not clearly visible, but it is positioned in the foreground, near the man’s lap or knee. The paintbrush is held horizontally, with the bristles pointing toward the palette. The crumpled paper or cloth is near the palette, suggesting it may be a rag or a used paper towel. The lighting is focused on the man’s face and the paintbrush, while the skeleton and the violin are dimly lit. The colors are mostly dark, with the white collar and the paint palette offering contrast. The textures suggest oil paint, with visible brushwork, especially around the man’s face and the skeleton’s features. The palette and paintbrush appear to be made of wood and metal, respectively. The skeleton’s bones are rendered with"
Post_Impressionism/georges-lemmen_julie-lemmen-sleeping-in-an-armchair.jpg,"The artwork shows a woman sitting in a dark, upholstered armchair, her head resting on her hand as she looks down. She is wearing a long, light-colored dress that drapes to the floor. Behind her, to the left, is a dark, tall object that appears to be a piece of furniture, possibly a cabinet or a fireplace mantel. The background is dim and indistinct, with warm, muted tones. The woman is positioned toward the center-right of the composition, with the chair’s armrest and back visible on the right side. Her posture suggests she is seated and possibly tired or contemplative. The surface of the painting has a textured, rough quality, with visible brushstrokes or smudges, and the colors are mostly subdued, with the woman’s dress being the only bright area, contrasted against the dark surroundings. The lighting seems to come from the left, casting soft shadows and highlighting the woman’s form. The overall impression is one of quiet stillness and solitude."
Ukiyo_e/utagawa-kuniyoshi_the-actor-11.jpg,"This artwork shows two separate, vertically oriented panels, each depicting a person in traditional Japanese clothing, framed by dark, textured borders that suggest they are hanging scrolls or screens. The left panel features a woman with a dark, ornate headdress decorated with blue flowers, wearing a colorful kimono with orange, black, and blue patterns. She is shown in profile, looking toward the right, with her head slightly tilted. The right panel shows a man with a high, black coiffed hairstyle, wearing a dark blue kimono with white floral patterns and a light blue collar. He is also in profile, looking toward the left, with a serious expression. Both figures are partially obscured by the dark, rough-textured vertical elements that frame them, suggesting they are viewed through a gap or opening. Above each figure, there is handwritten Japanese text in black ink, arranged in vertical columns, with small red seals or marks near the text. The overall color palette is muted, with the figures’ clothing providing some contrast against the dark background and the off-white paper. The texture of the paper appears aged and slightly uneven, and the ink lines are distinct but not overly sharp. The figures are rendered with clear outlines and flat areas of color, typical of woodblock prints."
Baroque/canaletto_a-regatta-on-the-grand-canal-1732.jpg,"This artwork shows a wide canal in a city, filled with many boats and people. On both sides of the canal, tall buildings line the waterway, with windows, balconies, and architectural details visible. The canal is crowded with various types of boats, including long, narrow gondolas and larger, decorated vessels with ornate decorations and people on them. Many people are on the boats, some rowing, others standing or sitting, and many are gathered on the stone embankments along the canal’s edges. Some figures are standing on the docks, looking toward the water, while others are seated or moving along the walkways. The sky above is light blue with scattered white clouds. The lighting is bright and even, suggesting a daytime scene. The colors are mostly muted earth tones for the buildings and water, with occasional brighter colors on clothing and boat decorations. The textures suggest stone, wood, and fabric, with the water appearing dark and reflective. The overall impression is one of a busy, active urban waterway with many people and vessels moving through it."
Color_Field_Painting/gene-davis_niagara-1979.jpg,"This artwork shows a long, wide pathway or ramp that stretches from the foreground toward the background, covered in parallel stripes of many colors. The stripes run in a straight line, alternating in hue and width, and appear to be painted or installed on a flat surface. On either side of the pathway, there is grassy or dirt ground with sparse trees or shrubs. A single pole with a small device on top stands near the center of the pathway, closer to the foreground. In the foreground, two dark, rounded shapes are visible, possibly the tops of trees or bushes, positioned near the center of the image. The colors are bright and varied, including shades of blue, green, yellow, pink, and purple, arranged in a repeating pattern. The surface of the pathway appears smooth and uniform, with no visible texture or roughness. The lighting is even, suggesting an overcast day or diffuse sunlight, and there are no strong shadows. The image is taken from a high angle, looking down at the pathway, which gives a sense of scale and perspective. The edges of the image show a white border, indicating it is a printed photograph or reproduction. The text at the bottom identifies the artist as Sara Darn, dated 1979, and notes it is a work on cement, located in New York."
Symbolism/franz-stuck_dissonance-1910.jpg,"The artwork shows a large, muscular, bare-chested man with a beard and wild hair, sitting on a dark, rocky surface with his hands behind his head and his mouth open in a roar or scream. To his right, a small child with red hair and pale skin sits on the same rock, holding a striped, rectangular object that looks like a musical instrument or a toy. The background is a flat, light blue, suggesting sky or water. The man is positioned on the left side of the composition, while the child is on the right, both sitting on the same dark, uneven rock surface. The man’s body is angled slightly away from the viewer, and his arms are raised behind his head. The child is facing forward, holding the object with both hands, and appears to be looking at the viewer or slightly to the side. The painting uses thick, visible brushstrokes, and the colors are muted and earthy, with the man’s skin tone being dark brown and the child’s skin being pale. The background is a uniform, flat blue, and the rock surface is dark and textured, suggesting rough stone. The object held by the child has vertical stripes in alternating dark and light colors. The overall impression is one of contrast: the large, powerful, agitated figure next to the small, still, passive child."
Art_Nouveau_Modern/aubrey-beardsley_the-barge.jpg,"This artwork shows three women seated on a decorated balcony or balcony-like structure, framed by heavy, ornate curtains. The central woman is seated upright, holding a large, lace fan, and appears calm and composed. To her left and right are two other women, both with elaborate, curly hair, who are leaning forward and appear to be interacting with the central figure, possibly in conversation or gesture. The balcony is adorned with intricate, repeating patterns along its front edge, including stylized suns with faces and decorative garlands. The background behind the women is dark, suggesting a night scene or a shadowed interior, with the curtains and balcony framing the scene. The artwork is in black and white, using fine lines and dot patterns to create texture and depth, with no visible color. The overall impression is one of a formal, possibly theatrical or aristocratic, indoor or semi-outdoor setting."
Ukiyo_e/ito-jakuchu_tiger-1755.jpg,"The artwork depicts a large tiger in a crouching position, facing slightly toward the left, with its head turned to look forward. The tiger’s body is covered in bold, dark orange and black stripes, with white fur on its underbelly, chest, and the tips of its tail. Its mouth is slightly open, revealing a red tongue and teeth, and its eyes are wide and round, appearing alert. Behind the tiger, there is a gnarled, leafless tree branch that curves upward from the lower right toward the top left, with dark, rough bark and thin, spindly limbs. The background is a flat, pale yellowish-brown, with no other objects or figures. On the right side of the image, there is a vertical column of Chinese characters, with a red seal stamp beneath them. The entire image is framed by a dark, textured border. The surface appears to be painted on paper or canvas, with visible brushstrokes and a slightly aged, uneven texture. The lighting is even and flat, with no strong shadows or highlights, and the colors are muted and earthy, dominated by browns, oranges, and black."
Symbolism/felicien-rops_tienne-soubre.jpg,"This is a black-and-white lithograph showing a caricature of a man with a large, bulbous head, wild hair, and a thick beard. He is sitting on the ground, leaning forward, holding a large, open book in his hands. The book has the words “DISOINE” and “PÉPERONS BLANCS” visible on its cover. The man’s body is thin and skeletal, with long, thin limbs, and he is wearing a simple shirt. His head is tilted slightly to the right, and his eyes are directed toward the viewer. The background is plain and unadorned, with no other figures or objects. Below the image, there is printed text in French, followed by handwritten notes that identify the artist as “Felicien Rops” and the date as “8 juin 1856.” The image is framed by a thin border, and the top of the image has the text “GALERIE D’UYLENSPIEGEL.” The artwork is printed on paper with a slightly textured surface, and the lines are rendered in a dark, solid ink. The lighting is flat, with no strong shadows or highlights, and the image is monochromatic."
Color_Field_Painting/john-hoyland_tiger-walk-3-4-81-1981.jpg,"This artwork shows a composition of overlapping, tilted squares and rectangles set against a vibrant red background. The shapes are arranged in a scattered, non-linear pattern across the canvas, with no clear focal point or central figure. Some shapes are positioned toward the left, others toward the right, and several are clustered near the center, creating a sense of dynamic, chaotic movement. The forms appear to float or intersect, with no clear foreground or background, as they are all placed at similar depths. The surfaces of the shapes are painted with visible, thick brushstrokes, giving them a textured, tactile quality. The colors are bold and saturated, including deep purples, bright yellows, teal, blue, orange, and dark gray, all contrasting sharply with the dominant red field. The edges of the shapes are irregular and uneven, suggesting they were applied with forceful, expressive strokes. The overall impression is one of energetic, abstract forms interacting in a visually loud and emotionally charged space."
Symbolism/william-blake_melancholy-1820.jpg,"The artwork shows a central, tall figure in a long, dark robe standing on a grassy area, surrounded by several smaller figures in lighter clothing. Above the central figure, a winged figure with golden wings and a flaming tail is positioned on a platform. To the left and right of the central figure, there are smaller figures in various poses: some standing with arms crossed, one with arms raised, and others in prayer-like stances. Behind the central figure, there are two large, rounded shapes that appear to be trees or bushes, with small figures in flames visible within them. Above the central figure, to the left, a figure is seated on a crescent moon with a dragon-like creature nearby. To the right, a winged figure is shown in a curled, dynamic pose. The background is a dark blue sky with stars. The central figure’s robe is long and flows downward, and the surrounding figures are mostly in light-colored robes. The sky is dark blue with stars, and the ground is green with some yellow areas. The artwork appears to be painted with watercolor and pencil, with visible brushstrokes and smudges. The central figure is the most prominent, and the surrounding figures are arranged around them, with some on the left and some on the right. The figures in the background are smaller and less detailed. The overall scene suggests a gathering or a moment of significance, with the central figure as the focus. The lighting is dim, with some areas appearing brighter, especially around the central figure and the figures in the background. The colors are mostly muted, with some areas of bright yellow and orange, particularly in the wings and flames. The texture appears to be rough, with visible brushstrokes and smudges. The artwork is signed in the bottom right corner."
Pop_Art/marjorie-strider_rosemarie-s-bag-1973.jpg,"The artwork shows a black handbag lying flat on a plain, off-white surface. The handbag has a strap attached to its side and a zipper running along its top edge. A large, irregularly shaped blue object, resembling a blob or a cloud, is positioned in the foreground, partially overlapping the lower right side of the handbag. The blue object has a smooth, solid appearance with no visible texture or detail. The background is a uniform, slightly textured off-white surface with no other objects or features. The handbag is centered in the composition, while the blue object is to its right and slightly below it. The lighting is even and flat, with no strong shadows or highlights. The colors are stark: the handbag is black, the blue object is a solid, bright blue, and the background is a neutral, pale tone. The materials appear to be painted, with the handbag rendered in a way that suggests a fabric or leather texture, while the blue object has a smooth, non-textured surface."
Abstract_Expressionism/richard-diebenkorn_untitled-albuquerque.jpg,"This artwork shows a large, abstract composition made of broad, uneven patches of color. The dominant area is a large, central mass of orange-brown paint, which fills most of the canvas. Above this, a thick, dark black band stretches across the top, broken by a thin, light-colored stroke that appears to be white or off-white. Below the central orange-brown area, a solid red band runs along the bottom edge. On the left side, a small, bright pinkish-red patch is visible near the bottom. The edges of the painted areas are rough and irregular, with visible brushstrokes and texture. The surface appears to be painted on a flat, rigid material, and the paint has a matte finish. The overall impression is one of layered, gestural marks with no clear figures or objects."
Ukiyo_e/utagawa-kuniyoshi_keyamura-rokusuke-under-the-hikosan-gongen-waterfall.jpg,"This artwork depicts a dramatic scene centered on a figure with long, dark hair and a fierce expression, surrounded by a massive, swirling mass of blue and white waves. Above this central figure, a dark, monstrous creature with multiple limbs and a glowing, possibly golden, face hovers in the upper right corner, appearing to descend or attack. To the left, a vertical panel contains dense Japanese text in black ink on a yellowish background, with a red box containing additional characters near the top. The entire composition is set against a deep blue background, with the waves radiating outward from the center, creating a sense of motion and chaos. The figure in the center appears to be struggling or being overwhelmed by the waves, while the creature above seems to be descending toward them. The colors are primarily deep blue, white, and black, with a small area of yellow and red text. The texture suggests a printed image, with sharp lines and flat areas of color typical of woodblock prints. The waves are rendered with stylized, jagged patterns, and the central figure is shown with arms raised or outstretched, suggesting a moment of intense action or confrontation."
Realism/vincent-van-gogh_peasant-lifting-potatoes-1885.jpg,"The artwork depicts a person kneeling on the ground in a field, holding a tool that looks like a hoe or a similar farming implement. The person is positioned in the center of the image, bent forward with their hands gripping the tool, suggesting they are working the soil. To their left, on the ground, is a round, shallow object that appears to be a stone or a bowl. The background shows a dark, indistinct area that suggests a fence or a line of trees, with a faint, distant tree visible on the left. The ground is uneven and covered with sparse vegetation, and the overall scene is rendered in dark, earthy tones with visible texture from the medium used, which appears to be charcoal or a similar dry medium on paper. The lighting is flat and even, with no strong shadows or highlights, and the image has a rough, sketchy quality. The person’s face is obscured, and their clothing is simple and dark, blending into the surroundings. The composition is focused on the act of labor, with the figure and the tool as the central elements."
Post_Impressionism/salvador-dali_self-portrait-figueres.jpg,"The artwork shows a close-up of a person’s face and upper body, viewed from the side. The person is wearing a wide-brimmed hat that casts deep shadow over the top of their head and the upper part of their face. Their face is partially illuminated, revealing one eye, a nose, and lips, with a faint red glow along the cheek and jawline. A small, bright green object, possibly a cigarette or a pipe, is held near their mouth. The person’s clothing appears dark, with a small, distinct red stripe visible near the neck area. The background is dark and indistinct, with no clear shapes or objects. The surface of the painting has a textured, grainy appearance, suggesting it was created with visible brushstrokes. The lighting is uneven, with a strong contrast between the illuminated parts of the face and the surrounding darkness. The overall impression is one of a dimly lit, intimate portrait with a focus on the person’s profile and the small, glowing object near their mouth."
Art_Nouveau_Modern/boris-kustodiev_king-wearing-a-crown-and-purple-1925.jpg,"The artwork shows a large, cartoonish figure dressed as a king, seated on a throne or chair. The figure has a round, chubby body, wears a crown with red and gold details, and holds a long staff in one hand. The figure is draped in a white robe with a blue sash across the chest, and a long, patterned cloak that has red fruit-like shapes on it. The figure’s feet are in large, ornate boots, and the cloak’s lower edge is red with black tips. The background is a simple, warm-toned interior with a curved archway visible on the right side. The figure is seated, facing slightly to the left, with one hand resting on the staff and the other on the lap. The scene is set indoors, with the figure occupying the center of the composition. The colors are bright and saturated, with reds, blues, and golds dominating. The textures suggest painted surfaces, with visible brushwork and a somewhat rough, illustrative quality. The lighting appears to come from the front, casting soft shadows behind the figure."
Romanticism/edward-burne-jones_the-garden-court-1890.jpg,"This artwork shows a group of women resting in an outdoor, possibly garden-like setting with wooden structures and vines. Several women are lying down or sitting, appearing to be asleep or resting. One woman on the left is curled up on a stone ledge, another is slumped over a wooden surface, and a third is seated upright with her head down. To the right, a woman in a dark dress sits leaning forward, while another lies on a bench with her head down. A woman in a pinkish dress is curled up on a wooden bench, and another is sitting with her head bowed. The setting includes wooden beams, a small wooden bucket, and scattered vines and leaves. The ground is wet and reflective, with some scattered petals. The lighting is soft and diffused, with warm tones dominating the scene, and the textures suggest fabric, wood, and stone. The overall impression is one of quiet rest or exhaustion in a rustic, possibly industrial or workshop-like environment."
Post_Impressionism/vincent-van-gogh_self-portrait-1887-9.jpg,"This is a portrait of a man with a reddish-orange beard and mustache, looking directly at the viewer. He has light-colored hair, thinning at the sides, and is wearing a dark, textured jacket with a white collar. Behind him is a background filled with dense, swirling patterns of green, red, and blue dots, suggesting foliage or a wildflower field. The man’s face is centered in the composition, with his head slightly turned to his right, and his expression is serious and direct. The painting uses thick, visible brushstrokes, with bright, contrasting colors and a textured surface that gives the image a tactile, almost vibrating quality. The lighting appears to come from the front, illuminating his face and the front of his clothing, while the background remains darker and more chaotic. The overall impression is one of intense focus and emotional presence, with the subject occupying the entire frame."
Symbolism/nicholas-roerich_all-ridge-1924.jpg,"This artwork shows a mountain range with snow-covered peaks against a solid blue sky. The mountains are layered, with the tallest and most detailed peaks at the top center, and lower, less defined ridges receding into the distance. The foreground consists of a flat, snow-covered plain with a few dark, low-lying shapes that suggest distant, smaller hills or rock formations. The entire scene is rendered in various shades of blue and white, with white used to indicate snow and lighter blues for sunlit areas, while darker blues create shadows and depth. The surface of the painting has a visible texture, likely from the canvas weave or brushstrokes, which adds a rough, tactile quality to the image. A small, dark mark, possibly a signature, is located in the bottom right corner."
Baroque/hendrick-terbrugghen_the-singing-lute-player-1624.jpg,"The artwork shows a man with a mustache, wearing a large, feathered hat and a dark coat with a red lining, holding a stringed instrument resembling a lute. He is singing or shouting with his mouth open, and his hands are positioned on the instrument as if playing it. The background is dark and plain, with no other figures or objects visible. The man is centered in the composition, with the instrument held across his body, his left hand near the neck and his right hand near the body of the instrument. The lighting is focused on the man’s face and the instrument, creating strong contrasts with the dark background. The colors are mostly earthy and muted, with the red lining of his coat and the light-colored fabric of his shirt providing some contrast. The textures suggest fabric, wood, and skin, with the instrument’s strings and the man’s clothing showing detailed rendering. A small signature, possibly “IB,” is visible in the upper right corner."
Art_Nouveau_Modern/raphael-kirchner_single-items.jpg,"The artwork shows a woman standing in the center of an oval frame, set against a snowy, wintry background. She is bare-chested, wearing a red headband with a large red bow, and a skirt made of green mistletoe leaves. She also wears black stockings with red bands at the top and black shoes. Behind her, to the upper right, a windmill is visible through the snow. The ground is covered in snow, and snowflakes appear to be falling. The woman is facing forward, looking at the viewer, with her arms at her sides. The oval frame is set against a plain, off-white background. The colors are muted, with the red of the headband and stockings contrasting against the green of the mistletoe and the pale, snowy tones of the background. The texture of the mistletoe is leafy and dense, while the snow appears as small, scattered white dots. The lighting is even, with no strong shadows, suggesting a diffuse, overcast sky. The image has a vintage, printed quality, with slight fading and a soft, slightly grainy appearance."
Early_Renaissance/benozzo-gozzoli_view-of-the-main-apsidal-chapel-1452-1.jpg,"This artwork shows the interior of a chapel or church, with a large, arched ceiling and walls covered in painted scenes. The ceiling is divided into sections by painted ribs, and the center features a central figure surrounded by smaller figures and decorative patterns. The walls are filled with painted panels depicting various scenes, including figures in religious or narrative settings, with some scenes showing people in groups or in landscapes. A large, dark window is visible in the center of the back wall, framed by an arched structure. In the foreground, there is a wooden structure with two pillars, each topped with a small painted figure, and a central opening that leads to a dark area. The walls are painted in a variety of colors, including blues, reds, and golds, with some areas appearing to be faded or worn. The overall impression is one of a richly decorated, sacred space with detailed painted scenes. The lighting appears to be dim, with some areas illuminated by natural light from the window. The materials visible include painted plaster, wood, and possibly stone or metal fixtures. The texture of the walls and ceiling appears to be smooth, with some areas showing signs of wear or damage. The overall atmosphere is one of solemnity and reverence, with the painted scenes suggesting a focus on religious or spiritual themes."
Abstract_Expressionism/sam-francis_firewood-1973.jpg,"This artwork shows a chaotic, energetic explosion of color on a light background. There are no clear figures or objects; instead, the surface is filled with splatters, drips, and broad strokes of paint. The most prominent colors are deep red, bright yellow, and intense blue, mixed with black and some white. These colors are scattered across the entire canvas, with no single area dominating. The paint appears to have been thrown or sprayed, creating a dense, textured surface with many small dots and larger smears. The composition is symmetrical in its chaos, with color clusters appearing in all directions, especially concentrated toward the center and edges. The texture suggests thick paint, possibly with some areas appearing slightly raised or uneven. The background is a uniform, pale surface, which makes the vibrant, chaotic marks stand out sharply. There are no discernible poses or actions, as the work is abstract and non-representational."
Realism/theodore-gericault_anatomical-pieces.jpg,"This artwork shows a still life of animal carcasses, likely from a slaughtered animal, lying on a dark surface. The carcasses are arranged in a tangled, overlapping manner, with parts of the body exposed and covered by a torn, stained cloth. The cloth is white with red stains, and beneath it, a large, reddish mass suggests internal organs or muscle tissue. The scene is set against a very dark background, with the objects clustered in the center and foreground. The lighting is dim and focused, casting shadows that emphasize the rough, uneven surfaces of the flesh and the texture of the cloth. The colors are mostly muted earth tones—browns, yellows, and deep reds—with the red stains standing out as the most vivid element. The overall impression is one of raw, unprocessed meat, presented in a way that suggests it is being prepared or displayed for consumption."
Northern_Renaissance/lucas-cranach-the-elder_samson-s-fight-with-the-lion-1525.jpg,"The artwork shows a man with a beard and curly hair, wearing a red and gold patterned tunic, kneeling beside a large lion. The man is holding the lion’s head with both hands, appearing to be in the act of killing or subduing it. The lion is lying on its side, its body partially obscured by dark foliage, with its tail extending upward and to the right. The man’s feet are bare, and he is positioned to the left of the lion, with his body angled toward it. In the background, a steep cliff rises, topped with a fortified castle or town with multiple towers and red-tiled roofs. Below the cliff, a body of water reflects the sky and distant land, with faint outlines of buildings and hills visible. The sky is pale blue with soft clouds. The foreground is dominated by dark, dense trees and bushes, which frame the central figures. The lighting is subdued, with shadows cast across the man and the lion, suggesting an overcast or dimly lit environment. The colors are muted, with the red of the man’s clothing standing out against the darker browns and greens of the surrounding foliage and the lion’s fur. The texture of the painting appears rough, with visible brushstrokes and a slightly aged surface."
Symbolism/mikalojus-ciurlionis_consert-1904.jpg,"The artwork shows a large, dark, arched structure that dominates the center, resembling a tomb or a doorway. Inside the arch, there is a large, open mouth-like shape, and above it, a small, bright yellow star. The arch is framed by a blue border on the left and right sides, and above the arch, there are two flame-like shapes, one on each side, with a blue sky background. At the bottom of the image, the word ""KUNST"" is written in green. The texture of the artwork is rough and grainy, with a mix of dark and light areas. The colors are mostly muted, with the blue border and the yellow star being the most vivid elements. The overall impression is one of a dark, mysterious, and somewhat ominous scene."
Baroque/anthony-van-dyck_rubens-mourning-his-wife.jpg,"This artwork shows a group of people gathered around an open coffin in a dimly lit room. A man in dark clothing kneels beside the coffin, holding a small child’s hand while covering his face with one hand, appearing to weep. A young girl in a white dress kneels beside him, kissing his cheek. To the right, a woman in a white headdress sits on a chair, looking down at the coffin. To the left, a man in a red tunic and ruff stands, holding a book, while another figure in a white dress stands behind him, head bowed. A dog lies on the floor near the left edge. A crucifix hangs on the wall in the background, and a candle is lit on a stand nearby. The room has a patterned rug, and a portrait of a man is visible on the far right wall. The scene is lit by a single candle, casting shadows and highlighting the figures around the coffin. The colors are muted, with dark tones dominating the background and the figures’ clothing, contrasted by the white dress of the girl and the red of the man’s tunic. The textures suggest fabric, wood, and metal, with the coffin appearing to be made of dark wood with a red lining. The figures’ poses suggest grief and mourning."
Early_Renaissance/fra-angelico_st-stephen-being-led-to-his-martyrdom-1449.jpg,"This artwork depicts a scene with several figures gathered in a narrow, arched passageway leading to a large, fortified cityscape in the background. At the center, a man with a halo, dressed in ornate robes of dark blue and gold, stands facing slightly to the right. He is being held back by a man in a purple robe who extends his hand toward him, as if restraining or guiding him. To the left, two other men stand close together; one is older with a long white beard and wears a reddish-orange robe, while the other, partially obscured, wears a gray robe. On the right, a man in a dark blue robe with a beard stands near a stone archway, his hand resting on the central figure’s arm. The background shows a massive stone wall with arched openings and towers, rising against a hillside with distant buildings and sparse trees under a dark sky. The foreground is a rough, earth-toned floor. The figures are rendered with flat, stylized forms and solid colors, typical of medieval or early Renaissance painting. The scene is framed by an arched architectural element on the left, which has decorative patterns along its edge. The lighting is even and flat, with no strong shadows, and the surfaces appear to be painted on a wall or panel, with visible cracks in the paint."
Baroque/rembrandt_the-crucifixion-a-square-small-plate-1634.jpg,"This artwork depicts a scene of a crucifixion. A figure is nailed to a cross, positioned centrally and towering over the scene. Below and around the cross, a group of people is gathered. Some are standing, others are sitting or lying on the ground. One figure in the center foreground is seen from behind, wearing a long garment and a head covering. To the left, a woman stands with her hands clasped, looking upward. To the right, several figures are clustered together, some with raised hands, others leaning forward. In the background, faint outlines of buildings or structures are visible, suggesting an open area. The image is rendered in monochrome, with dark lines and shading creating contrast. The texture appears grainy, consistent with a print medium. The overall composition is crowded, with figures arranged around the central cross, emphasizing its dominance. The lighting is not clearly defined, but the contrast between dark and light areas suggests a source of illumination from above, casting shadows. The image is signed in the upper right corner, though the inscription is not legible."
Post_Impressionism/henri-matisse_woman-with-mandolin-1922.jpg,"The artwork shows a woman standing indoors, near a window, holding a stringed musical instrument. She is dressed in a yellow top with black floral patterns and a white skirt, with a white collar and a beaded necklace. Her dark hair is short and styled, and she is looking directly forward with a neutral expression. Behind her, through the window, a view of palm trees and a distant landscape is visible, suggesting a warm, possibly coastal location. To her right is a window with dark, vertical panes, and to her left is a low wall or railing. The room has muted, earthy tones, with the woman’s yellow top standing out as the most vivid color. The surface of the painting has a textured, slightly uneven quality, typical of watercolor or mixed media, and the edges of the canvas are visible, suggesting it is a physical object. The woman’s posture is upright and still, and she holds the instrument in her right hand, with her left hand resting near her side. The overall composition places her centrally, with the window and outdoor view framing her on the right and left, respectively. The lighting appears flat and even, with no strong shadows, and the colors are subdued except for the yellow garment. The painting is signed in the lower left corner, though the signature is not clearly legible."
Realism/ilya-repin_taking-christ-into-custody-1886.jpg,"The artwork depicts a group of people moving through a dark, outdoor setting at night, illuminated by several bright, fiery torches. The torches cast intense, glowing light that contrasts sharply with the surrounding deep shadows. Figures are visible in the center and to the left, some appearing to be running or gesturing with arms raised. One figure in the foreground on the right is shown in silhouette, moving forward with a torch held in one hand. The ground is uneven and appears to be covered in earth or rough terrain, rendered in dark, textured strokes. The overall impression is one of urgency and movement, with the light sources creating a sense of danger or mystery. The painting uses thick, visible brushstrokes and a limited palette of dark browns, blacks, and bright oranges and yellows from the torchlight. The artist’s signature is visible in the lower right corner."
Symbolism/konstantin-bogaevsky_memories-of-mantegna-1910-1.jpg,"This artwork depicts a dramatic, rocky landscape with towering, jagged cliffs dominating the center and background. The cliffs are rendered in warm, earthy tones of orange, red, and yellow, contrasting with the deep blue sky and white clouds above. In the foreground, there are scattered rocks, patches of vegetation including a tree with orange fruit on the left and a large, leafy plant on the right, along with a small body of water that appears to flow through a narrow valley. The terrain is uneven and layered, with visible ridges and slopes. The overall composition suggests a remote, rugged natural environment, with no human figures or animals present. The colors are bold and saturated, with visible brushstrokes that give the surface a textured, painted quality. The sky is dark blue with scattered white clouds, and the lighting appears to come from above, casting shadows that emphasize the steepness and contours of the cliffs."
Romanticism/francisco-goya_saturn-devouring-one-of-his-children-1823.jpg,"The artwork shows a large, hairy, monstrous figure with a wide, open mouth, holding a small, pale, human-like figure in its hands. The large figure’s face is contorted, with wide eyes and a gaping mouth, and its body is twisted and muscular. The small figure is limp, with its limbs dangling, and appears to be in the grip of the larger figure’s hands. The scene is set against a dark, featureless background, with the figures positioned in the center of the composition. The large figure is seated or crouched, with its body angled slightly to the left, and its arms wrapped around the small figure. The small figure is held upright, facing forward, with its body suspended between the large figure’s hands. The lighting is dim, with a faint glow illuminating the figures from the front, highlighting the texture of the large figure’s fur and the pale skin of the small figure. The colors are mostly dark browns and blacks, with the small figure appearing almost white or pale against the dark surroundings. The texture of the large figure’s fur is rough and coarse, while the small figure’s skin appears smooth and fragile. The overall impression is one of tension and confrontation, with the large figure dominating the space and the small figure appearing vulnerable and helpless."
Romanticism/edwin-henry-landseer_the-monkey-who-had-seen-the-world.jpg,"This artwork shows a man in formal 18th-century clothing standing in a wooded area, surrounded by several monkeys. The man is dressed in a red coat, black breeches, and a tall black hat, and he holds a walking stick. He is facing slightly to the left, with his body turned toward the monkeys, and appears to be speaking or gesturing toward them. One monkey, positioned to his left, is sitting on a rock and reaching out toward him with its hand. Other monkeys are clustered around the man, some sitting, some standing, and one appears to be crouching near the man’s feet. The scene is set under the branches of large trees, with a rocky ground and a distant, hazy landscape visible through the trees. The lighting is warm and focused on the man and the monkeys, with shadows cast around them. The colors are dominated by earthy browns, greens, and the bright red of the man’s coat, which contrasts with the darker tones of the surrounding foliage and the monkeys. The textures suggest rough bark, rocky ground, and the fur of the monkeys, while the man’s clothing appears smooth and structured. The overall composition places the man in the center-right of the frame, with the monkeys surrounding him on the left and behind him, creating a sense of enclosure."
Baroque/adriaen-brouwer_youth-making-a-face.jpg,"The artwork shows a man seated at a table, wearing a tall, dark, furry hat with a small object on top, and a dark coat. He is holding a small object near his mouth with both hands, appearing to be eating or chewing. To his right, on the table, is a small, dark, rounded object that looks like a jug or container. The background is a plain, light gray wall. The man is positioned in the center of the frame, with the table in front of him. The lighting is dim, with a soft glow on the man’s face and hands, while the rest of the scene is in shadow. The textures suggest rough fabric on the coat and hat, and a smooth, possibly glazed surface on the jug. The overall tone is muted, with dark and grayish colors dominating the image."
Pop_Art/roy-lichtenstein_brattata-1962(1).jpg,"The artwork shows a close-up of a pilot’s face in profile, looking to the left, with a serious, focused expression. The pilot is wearing a helmet with a visor and has a headset or communication device on. To the left of the pilot’s face, there is a speech bubble with the text “NO. 4! ONE MORE TO MAKE ACE!” and above that, a line of text that reads, “THAT WAS THEIR MISTAKE -- BECAUSE IT GAVE ME MORE TARGETS THAN I COULD SHOOT AT--.” Below the pilot’s chin, the word “BRATTATA” is written in large, red, bold letters. The pilot’s hand is visible, holding a small, square object that appears to be a clock or timer, with a white face and black markings. The background is mostly black and white, with some red accents. The overall style is graphic and stylized, with bold lines and high contrast. The pilot’s face is detailed with shading and texture, suggesting a sense of tension or intensity. The objects are arranged in a way that draws attention to the pilot’s face and the text, with the speech bubble and the word “BRATTATA” positioned to emphasize the action and the message. The artwork uses a limited color palette, with black, white, and red being the dominant colors, and the texture is flat and graphic, typical of comic book art. The spatial arrangement places the pilot’s face in the center-right of the image, with the speech bubble and the word “BRATTATA” to the left, and the clock-like object in the lower left corner. The pilot’s hand is positioned near the clock, suggesting that the pilot is using it to time or track something. The overall composition is dynamic, with the text and the pilot’s expression creating a sense of urgency and action. The artwork does not include any other figures or objects, and the focus is entirely on the pilot and the text. The style is consistent with comic book art, with bold lines and high contrast, and the use of text is prominent, suggesting that the message is as important as the visual elements. The artwork does not include any other visual elements, and the focus is entirely on the pilot and the text. The style is consistent with comic book art, with bold lines and high contrast, and the use of text is prominent, suggesting that the message is as important as the visual elements. The artwork does not include any other visual elements, and the focus is entirely on the pilot and the text. The style is consistent with comic book art, with bold lines and high contrast, and the use of text is prominent, suggesting that the message is as important as the visual elements. The artwork does not include any other visual elements, and the focus is entirely on the pilot and the text. The style is consistent with comic book art, with bold lines and high contrast, and the use of text is prominent, suggesting that the message is as important as the visual elements. The artwork does not include any other visual elements, and the focus is entirely on the pilot and the text. The style is consistent with comic book art, with bold lines and high contrast, and the use of text is prominent, suggesting that the message is as important as the visual elements. The artwork does not include any other visual elements, and the focus is entirely on the pilot and the text. The style is consistent with comic book art, with bold lines and high contrast, and the use of text is prominent, suggesting that the message is as important as the visual elements. The artwork does not include any other visual elements, and the focus is entirely on the pilot and the text. The style is consistent with comic book art, with bold lines and high contrast, and the use of text is prominent, suggesting that the message is as important as the visual elements. The artwork does not include any other visual elements, and the focus is entirely on the pilot and the text. The style is consistent with comic book art, with bold lines and high contrast, and the use of text is prominent, suggesting that the message is as important as the visual elements. The artwork does not include any other visual elements, and the focus is entirely on the pilot and the text. The style is consistent with comic book art, with bold lines and high contrast, and the use of text is prominent, suggesting that the message is as important as the visual elements. The artwork does not include any other visual elements, and the focus is entirely on the pilot and the text. The style is consistent with comic book art, with bold lines and high contrast, and the use of text is prominent, suggesting that the message is as important as the visual elements. The artwork does not include any other visual elements, and the focus is entirely on the pilot and the text. The style is consistent with comic book art, with bold lines and high contrast, and the use of text is prominent, suggesting that the message is as important as the visual elements. The artwork does not include any other visual elements"
Post_Impressionism/david-burliuk_summer-forest-1906.jpg,"This artwork depicts a forest scene with tall, slender tree trunks standing upright and closely packed together. The ground is covered in dense, uneven vegetation, with patches of green and brown suggesting undergrowth and moss. The trees are arranged in a vertical line, filling the entire width of the image, with no clear focal point or figure in the center. The foreground shows a textured, uneven surface of grass and low plants, while the background is filled with more trees that fade into a blur, suggesting depth. The light appears to be filtered through the canopy, casting dappled shadows across the ground. The colors are dominated by various shades of green and brown, with some areas of lighter yellow-green where light hits the foliage. The texture of the painting is rough and impasto, with visible brushstrokes that give the scene a tactile, physical quality. There are no people or animals visible in the scene."
Cubism/fernand-leger_dance-1929.jpg,"This artwork shows two nude female figures standing close together, with their bodies intertwined and overlapping. The figure on the left stands with her left arm bent and resting on her thigh, her right arm hanging down, and her head turned slightly to the right. The figure on the right has her right arm raised above her head, her left hand near her chest, and her head tilted slightly to the left. Both figures have elongated, stylized forms with smooth, rounded contours, and their faces are simplified with large, round eyes and small, flat noses. Their hair is depicted as thick, dark, and braided, falling down their backs. To the right of the figures, a single rose with a green stem and leaves rises vertically, positioned near the right figure’s hip. The background is a flat, light gray surface with soft, dark shadows behind the figures, suggesting a simple, unadorned space. The figures are rendered in a pale yellowish tone, with dark, solid black outlines defining their forms and shadows. The surface of the painting appears to have a slightly textured, matte finish, and the overall composition is tightly framed, with no visible horizon or distant elements. The figures’ bodies are not fully defined by anatomical detail, instead appearing as abstract, flowing shapes. The rose is the only object with a clearly defined, naturalistic form, contrasting with the stylized figures. The artist’s signature is faintly visible in the bottom right corner."
Pop_Art/patrick-procktor_l-h-m-u-liza-heygate-michael-upton-1964.jpg,"The artwork shows a divided composition with two distinct horizontal sections. The top section features a dark, jagged, black shape against a background of blue and green, with vertical streaks of black on the right. The bottom section contains two human-like faces, one centered and slightly above the other, both with pale, grayish skin tones and dark, hollow eyes. Surrounding them are chaotic, swirling marks in white, brown, and black, suggesting movement or distortion. The faces appear to be looking forward, with no clear action or pose beyond their static, staring appearance. The texture is rough and layered, with visible brushstrokes and drips, especially in the lower section. The colors are stark and contrasting, with deep blacks, muted grays, and bold blues and greens in the upper part, while the lower part is dominated by earthy browns and whites. The overall impression is one of tension and fragmentation, with no clear focal point beyond the two faces."
Rococo/william-hogarth_caliban-from-the-tempest-of-william-shakespeare.jpg,"The artwork shows a muscular, bare-chested figure with dark hair, kneeling on a stone step. The figure is carrying a heavy bundle of sticks or wood on their back, which is tied with rope. Their arms are bent, gripping the bundle, and their body is tensed, suggesting effort. Their face is contorted, with an open mouth and wide eyes, conveying strain or pain. To the left, a portion of another figure is visible, wearing a red garment, but their form is cut off and not fully shown. The background is dark and indistinct, with no clear details. The lighting is dim, focused on the central figure, highlighting their skin and the bundle. The colors are muted, dominated by browns, grays, and a small patch of red on the left. The texture appears rough, with visible brushwork, suggesting a painted surface. The figure’s feet are bare and flat on the stone, with one foot slightly forward. The overall impression is one of physical labor and struggle."
Pop_Art/burhan-dogancay_walls-v-6-1969.jpg,"The artwork shows a bold, abstract composition dominated by a large red area that fills most of the canvas. Across the center, a thin horizontal white line divides the image. Below this line, in the lower portion, there is a band of bright blue that appears to represent a horizon or water. Within the red area, two sharp, pointed blue shapes rise upward, positioned toward the center-right. To the left, near the center, there is a small, oval-shaped white area with a blue center. A jagged, light-blue line runs diagonally from the upper right corner down toward the center, breaking the red field. The red surface has a rough, uneven texture with lighter patches and smudges, suggesting wear or a physical surface. The blue shapes and the white oval appear to be cutouts or applied elements, contrasting sharply with the red background. The blue band at the bottom has a jagged, uneven top edge, as if torn or broken. The overall impression is one of stark, geometric forms against a dominant, textured red field."
Post_Impressionism/henri-de-toulouse-lautrec_gabrielle-the-dancer-1890.jpg,"The artwork shows a person seen from the side, wearing a wide-brimmed hat with a feather or plume, and a light-colored shirt with a collar. The person is turned slightly away, looking toward the right side of the image. Behind them, there is a blurred background of green and purple tones, suggesting foliage or trees, with some areas of lighter, possibly sandy or earthy color. The figure’s posture is relaxed, with their body angled slightly away from the viewer. The painting uses visible brushstrokes and a mix of warm and cool colors, including greens, purples, yellows, and browns. The texture appears rough and applied in thick, gestural strokes, especially around the figure’s clothing and the background. The signature is visible in the lower right corner, written in a cursive style."
Abstract_Expressionism/jay-defeo_the-rose-1966.jpg,"The artwork shows a central, radiating pattern carved into a rough, uneven stone surface. The pattern consists of many thin, straight lines extending outward from a single point in the center, forming a fan-like or sunburst shape. The stone surrounding the pattern is coarse, with visible cracks, pits, and irregular textures, and appears weathered and aged. The carved lines are lighter in tone than the surrounding stone, creating a contrast that makes the pattern stand out. The entire piece is flat, with no depth or three-dimensional figures. The light appears to be coming from above, casting subtle shadows along the edges of the carved lines, which enhances the sense of depth in the pattern. The colors are muted, consisting mostly of gray, beige, and darkened areas from wear or staining. The material is clearly stone, with a gritty, uneven surface that is not smooth or polished. The pattern is centered in the frame, and the surrounding stone fills the entire visible area. There are no figures, no movement, and no other objects present."
Post_Impressionism/paul-cezanne_bathers-1880.jpg,"This artwork shows a group of nude figures in a wooded outdoor setting. The figures are arranged in a natural, informal grouping, with some standing, some sitting, and one lying down. A central figure stands with their back to the viewer, holding a cloth or towel. To their left, a woman sits with her head tilted up, wearing a white cloth on her head. To the right, a standing figure raises one arm to their head, and another figure lies on the ground with their arms crossed over their chest. The background is filled with dense green trees and bushes, with patches of bright yellow light filtering through the leaves. The ground is a mix of earthy tones and shadows. The painting uses thick, visible brushstrokes, with colors that are bold and somewhat flat, especially in the skin tones and foliage. The figures are rendered with simplified forms and lack fine detail, emphasizing their shapes and positions rather than realistic anatomy. The overall impression is one of a casual, sunlit gathering in a natural environment."
Romanticism/dante-gabriel-rossetti_faust-margaret-in-the-church-1848.jpg,"This artwork shows a small child, wrapped in a light-colored cloth, kneeling on the floor in a dimly lit room. The child is positioned near a doorway or opening, with their head bowed and hands clasped in front of them, suggesting a posture of prayer or quiet contemplation. To the right, a tall, dark curtain or fabric hangs down, partially obscuring a small, framed image or religious icon mounted on the wall. To the left, a window with a diamond-patterned lattice is visible, allowing some faint light to enter. The floor has a patterned rug or mat beneath the child’s feet. The entire scene is rendered in a monochromatic, sepia-toned style, with visible lines and shading that suggest the work is a drawing or print. The artist’s signature and date, “D. C. R. 1882,” are inscribed at the bottom center. The lighting is subdued, with the child and the window area being the only parts that receive any illumination, while the rest of the room remains in deep shadow. The textures appear rough and grainy, consistent with a drypoint or etching technique."
Realism/ivan-kramskoy_portrait-of-leo-tolstoy-1873.jpg,"This is a portrait of a man sitting in a chair, facing forward. He has dark hair, a full beard, and is wearing a dark, loose-fitting garment with a high collar. His hands are resting on a surface in front of him, and he appears to be looking directly at the viewer. The background is a plain, dark brown wall with no distinct features. The man is centered in the composition, and the chair is partially visible behind him on the right side. The lighting is subdued, with a soft glow on his face and shoulders, while the rest of the image is in shadow. The texture of the fabric and the wall is visible, suggesting a rough, matte surface. The overall tone is somber and muted, with no bright or contrasting colors."
Art_Nouveau_Modern/aubrey-beardsley_bathyllus-taking-the-pose.jpg,"This is a black-and-white line drawing of a single, nude human figure. The figure is shown in profile, facing toward the right side of the image. The figure has long, dark, curly hair that flows backward and down the back, and one arm is extended forward with the hand open, while the other arm is bent and held near the body. The figure’s legs are positioned apart, with one leg slightly forward, and the feet are flat on the ground. The drawing is enclosed within a thin, rectangular border. In the lower right corner, the word “BATHYLLVS” is written in capital letters. The image is rendered with simple, bold black lines on a plain white background, with no shading or texture."
Romanticism/gustave-dore_don-quixote-118.jpg,"The artwork depicts a man lying in bed, appearing exhausted and injured. He is wrapped in a thin, tattered blanket and rests his head on a pillow, with his eyes open and staring upward. His hands are visible, one resting near his chest and the other slightly raised, both showing signs of weariness and possible injury. The man’s face is partially covered by a cloth or bandage, and his beard is long and unkempt. The bed is made with large, soft-looking pillows, and the background is dark, suggesting a dimly lit room. The image is rendered in black and white, with detailed shading that gives the scene a textured, somber feel. The artist’s signature is visible in the lower left corner, and another signature is in the lower right. The caption below the image reads: “Don Quixote after his battle with the cat (II, 48).”"
Baroque/william-hogarth_the-company-of-undertakers.jpg,"This is a black-and-white engraving showing a group of figures in a crowded, chaotic scene. The figures are mostly men with large, curly wigs, and many are holding objects like sticks, bones, or pipes. Some are looking toward the viewer, while others are turned away or facing each other. The figures are packed tightly together, with no clear space between them. At the bottom of the image, there is a banner with text, and below that, a block of printed text describing the image as “The Company of Undertakers.” The entire scene is framed by a dark border, and at the very bottom, there is additional text including a price and publication date. The engraving has a detailed, textured appearance with fine lines and cross-hatching, typical of engravings from that period. The image is printed on aged paper, and the overall impression is one of crowded, busy activity."
Symbolism/fernand-khnopff_portrait-of-marguerite-khnopff-1890.jpg,"This is a black-and-white photograph of a person sitting at a table, with their hands covering their eyes. The person is wearing a large, dark, leafy wreath on their head, and their clothing appears to be a loose, patterned garment with a shiny, possibly silk-like texture. The hands are positioned over the face, with fingers spread across the eyes and nose, suggesting a gesture of concealment or exhaustion. The person’s head is slightly tilted, and their mouth is visible but not smiling. The table is dark and occupies the lower part of the image. Behind the person, there is a blurred background that includes what appears to be a piece of furniture, possibly a cabinet or a chair, with vertical lines suggesting a door or panel. The lighting is soft and comes from the front, casting subtle shadows on the person’s hands and clothing. The image has a grainy texture typical of older photographic processes."
Pop_Art/hiro-yamagata_not-detected-272395.jpg,"This artwork shows a bustling, densely packed city street filled with buildings, signs, and people. The scene is viewed from a high angle, looking down a wide street that runs through the center. On both sides of the street, tall buildings rise with many windows and brightly lit signs in various languages and styles. The signs include words like “CINEMA,” “MUSIQUE,” “Yachting,” “WEST SIDE,” “LA CAGE AUX FOLLES,” and “PORSY.” The street is crowded with small figures of people walking, dancing, or standing in groups, some near circular areas that appear to be performance spaces or gatherings. A few figures are shown in poses suggesting they are dancing or performing, while others are walking or standing still. The buildings are arranged tightly together, with no clear separation between them, creating a sense of overwhelming density. The color palette is vivid and saturated, with strong reds, blues, yellows, and purples dominating the scene. The lighting is artificial and bright, coming from the signs and windows, casting sharp, glowing highlights. The textures appear flat and stylized, with bold outlines and solid blocks of color, suggesting a graphic or illustrative style rather than a realistic depiction. The overall impression is one of high energy, noise, and visual overload."
Realism/aleksey-savrasov_the-death-of-the-ship-at-sea-1862.jpg,"The artwork shows a large, dark sailing ship battling rough sea waves. The ship is tilted sharply to one side, with its sails mostly furled or torn, and a bright red flag flying from its stern. White, foamy waves crash around the hull, indicating strong wind and stormy conditions. Several seagulls are visible in the sky, some flying near the ship, others farther away. The sky is a mix of pale blue and gray clouds, suggesting an overcast day. The ship is positioned toward the center-right of the image, with the waves surrounding it from below and to the left. The artist’s signature and the date “1862” are visible in the lower-left corner. The painting uses thick, textured brushstrokes to convey the movement of water and the roughness of the sea. The red flag stands out against the dark tones of the ship and the grayish-blue sea, creating a strong visual contrast. The overall impression is one of danger and struggle against nature."
Romanticism/francisco-goya_duchess-of-alba-the-white-duchess-1795.jpg,"This artwork shows a full-length portrait of a woman standing outdoors, dressed in a long white gown with a red sash around her waist and a large red bow on her chest. She has long, dark, curly hair adorned with a red bow, and wears a red beaded necklace. Her right arm is extended outward with her hand open, while her left arm hangs by her side. At her feet, on the ground to the left, is a small, fluffy white dog with a red bow tied to its tail. The background is a muted, dark landscape with rolling hills and a gray sky, suggesting an open, possibly rural setting. The woman is positioned centrally in the frame, with the dog in the lower-left foreground. The lighting appears to come from the front, illuminating the woman and the dog, while the background remains dim. The gown has a textured, possibly lace or embroidered, hemline, and the woman’s right wrist is adorned with a gold-colored bracelet. The overall color palette is dominated by white, red, and muted grays, with the red elements standing out as focal points. The ground beneath them is a flat, sandy or earthy surface."
Pop_Art/audrey-flack_macarena-of-miracles-1971.jpg,"This artwork depicts a figure dressed in ornate, elaborate clothing, with a crown and a veil, holding a small object in one hand. The figure is positioned centrally, facing forward, with the other hand resting near the body. The figure is surrounded by a richly decorated garment that includes gold embroidery and blue fabric with intricate patterns. The background is dark, contrasting with the bright, detailed attire. The lighting highlights the figure’s face and the textures of the clothing, emphasizing the gold and blue colors. The materials appear to be painted with a focus on texture and detail, suggesting a religious or ceremonial subject. The overall composition is symmetrical and centered, with no other figures or objects visible."
Symbolism/konstantin-bogaevsky_memories-of-mantegna-1910.jpg,"This artwork shows a cityscape at night, with a large, bright moon centered in the sky, surrounded by swirling, dark clouds. Below, a cluster of buildings, mostly low and made of light-colored stone or plaster, stretches across a hillside near a body of water. The water reflects the moon and the buildings faintly, though the reflection is dark and distorted. The buildings are tightly packed, with some appearing broken or crumbling, and there are no visible people or moving figures. The sky dominates the upper half of the image, with the moon as the brightest point, and the clouds swirl in a circular pattern around it. The overall color is muted, with dark browns, grays, and blacks, and the moon provides a stark, pale glow. The texture appears rough and layered, suggesting a medium like charcoal or pastel, with visible strokes and smudges. The foreground is the dark water, the middle ground is the city, and the background is the sky with the moon and clouds. No figures are present, and no actions are depicted."
Post_Impressionism/vincent-van-gogh_still-life-vase-with-fifteen-sunflowers-1888.jpg,"This artwork shows a cluster of sunflowers in a vase, set against a plain, warm-toned background. The sunflowers are in various stages of bloom, with some fully open and others wilting or drooping. The vase is positioned in the lower center, holding the flowers, and rests on a flat surface. The arrangement is dense and fills most of the canvas, with the flowers overlapping and extending toward the edges. The background is a uniform, textured yellow, and the surface beneath the vase is a slightly darker, flat orange. The painting is made with thick, visible brushstrokes, giving the flowers and background a rough, textured surface. The colors are dominated by yellows, oranges, and browns, with some dark green and black accents in the centers and stems. The vase has a light, off-white base with a faint blue line around its rim."
Northern_Renaissance/albrecht-durer_study-of-drapery-1521.jpg,"The artwork shows a draped fabric, likely a veil or curtain, hanging in a heavy, folded mass. The fabric covers a figure or form entirely, with no visible face, hands, or limbs. The material appears thick and textured, with visible folds and creases that catch light in a way that suggests it is not smooth. The fabric hangs vertically, occupying the center of the frame, and its edges fall toward the bottom, suggesting it is suspended or draped from above. The background is dark and uniform, with no other objects or figures present. The fabric is illuminated from the front, creating bright highlights on its surface and deep shadows in the folds, which emphasizes its three-dimensional form. The image is in black and white, so color is not present. The texture of the fabric is rough and detailed, with a pattern of fine lines or ridges visible in the light areas, suggesting a woven or embossed material. In the upper right corner, the numbers “1921” and a small symbol resembling a stylized “A” or “H” are visible, likely indicating the year and artist’s signature or studio mark. The overall composition is centered and static, with no movement or action depicted."
Minimalism/sean-scully_untitled-no-6-1979.jpg,"The artwork shows a flat, uniform surface covered in a dense pattern of thin, parallel lines running horizontally across the entire frame. These lines are evenly spaced and consistent in width, creating a repetitive, grid-like texture. The lines are dark, appearing black or very dark gray, with no variation in color or thickness. There are no figures, objects, or other elements present. The surface is uniform in texture, with no discernible depth, raised areas, or shadows. The lines appear to be pressed or etched into the material, giving a slightly rough or tactile quality, though the exact material is not visible. The composition fills the entire view, with no edges or boundaries visible beyond the frame."
Pop_Art/claes-oldenburg_two-cheeseburgers-with-everything-dual-hamburgers-1962.jpg,"The artwork shows two identical, oversized sandwiches placed side by side on a flat, light-colored surface. Each sandwich is constructed with a top bun, a layer of yellow egg, a slice of red tomato, a layer of white cheese, a dark brown patty, and a bottom bun. Beneath the buns, there is a thick, textured green layer that resembles lettuce. The entire structure appears to be made of a thick, painted material, possibly clay or resin, with visible brushstrokes and uneven surfaces. The sandwiches are positioned in the center of the frame, facing forward, with no movement or action depicted. The background is a plain, solid white, and the lighting is even, casting minimal shadows. The colors are bold and saturated, with the yellow, red, white, dark brown, and green standing out against the white background. The texture is rough and tactile, with visible imperfections and drips, suggesting a handmade, sculptural quality. The surface the sandwiches rest on is flat and slightly worn at the edges."
Romanticism/albert-bierstadt_rocky-mountain-sheep.jpg,"The artwork shows a large, horned animal standing on a rocky outcrop, with two smaller animals visible in the background. The main animal is positioned centrally, facing slightly to the left, with its head turned to look forward. Its horns are large and curved, and its body is thick and muscular. Behind it, to the right, a smaller, lighter-colored animal stands on a slope, and even further back and to the right, another small animal is partially visible. The rocky surface beneath the main animal is jagged and covered with patches of snow and dry vegetation. The background consists of misty, dark mountains that fade into a hazy, gray sky. The lighting is soft and diffuse, with a faint glow behind the main animal’s head, suggesting a distant light source. The colors are muted, dominated by browns, grays, and whites, with subtle hints of orange in the vegetation. The texture of the rocks appears rough and uneven, while the fur of the animals is rendered with fine, detailed strokes. The overall impression is one of a wild, high-altitude environment."
Post_Impressionism/henri-martin_houses-in-the-village-1.jpg,"This artwork shows a cluster of old stone buildings with red-tiled roofs, nestled together on a sloping, unpaved ground. A tall, narrow tower with a pointed roof rises above the structures, and to its right, a building has a balcony with clothes hanging on a line. Ivy and other green plants grow over parts of the walls and roofs. A large arched wooden gate is visible in the center, leading into a shadowed area. The sky above is painted with a mix of blue and white, suggesting clouds. The ground is uneven and covered with dirt and small stones. The painting uses thick, visible brushstrokes, with colors that are warm and earthy, including yellows, browns, reds, and greens. The light appears to come from the upper left, casting shadows to the right and below, giving the scene a sense of depth. The textures are rough and tactile, with the stone walls and foliage rendered in a way that suggests physical presence. There are no people or animals visible in the scene."
Baroque/cornelis-de-vos_the-triumph-of-bacchus.jpg,"This artwork shows a lively, chaotic scene with multiple figures around a golden chariot. At the center, a large, nude man with a green wreath on his head sits in the chariot, holding a ring in one hand and a woman in the other. The woman, also nude except for a draped cloth, leans against him, looking toward the viewer. To their left, a dark-skinned man in a white cloth raises his arm, while another man with a pale face stands behind him. To the right, a man with a beard and gray hair leans over a donkey, and another man with a distorted face stands behind him. A small child is near the chariot, holding a bunch of grapes. Two tigers, one larger and one smaller, are in the foreground on the left, tied together with a red rope. The chariot has large, ornate wheels and is pulled by the donkey on the right. The background is a dark, wooded area with trees and a cloudy sky. The lighting is dramatic, with strong contrasts between light and shadow, and the colors are rich and warm, especially in the gold of the chariot and the skin tones of the figures. The textures suggest painted surfaces, with visible brushwork and a sense of movement and tension throughout the scene."
Abstract_Expressionism/jack-tworkov_thursday-1960.jpg,"The artwork shows a bold, abstract composition dominated by thick, horizontal and diagonal strokes of red paint layered over a dark, textured background. The red strokes are broad and energetic, crossing each other in a grid-like pattern that creates a sense of structure and movement. Behind the red, there are areas of black and dark green, with some white or light gray streaks that appear to be paint drips or accidental marks. The background is mostly white on the left side, fading into the darker tones as it moves right. The red strokes are not uniform; they vary in width and intensity, with some areas appearing more saturated and others more faded or broken. The texture of the paint is rough and visible, suggesting it was applied with a brush or palette knife, with visible brushstrokes and uneven edges. The overall effect is one of dynamic energy and contrast, with the red elements appearing to dominate the center and right side of the piece, while the left side remains more subdued and lighter."
Romanticism/camille-corot_the-destruction-of-sodom-1857.jpg,"This artwork depicts a group of three figures walking along a dirt path in a rugged, outdoor setting. On the left, a young woman in a long, flowing dress extends her arm toward the center, her body angled slightly away from the viewer. In the center, a man with a beard and draped clothing walks forward, holding a small child or figure close to his side; the child’s head is tilted back, and their body is bent forward. To the right of the center figure, another woman in a dark dress walks with her arms outstretched, carrying a round object in one hand. Behind them, a large, light-colored stone structure, possibly a tomb or ruin, stands in the middle ground. To the far right, a solitary, dark silhouette stands near a tree, facing away from the group. The background shows a hilly, barren landscape under a cloudy, dim sky, with distant, faint structures visible. The ground is uneven and covered in dirt and scattered rocks. The painting uses muted, earthy tones—browns, grays, and dull oranges—with shadows and highlights suggesting a dim, overcast day. The brushwork appears textured and rough, especially in the landscape and figures’ clothing, giving the scene a gritty, physical quality. The figures’ movements suggest they are walking together, though their directions and interactions are varied. The overall impression is one of a tense, possibly urgent journey through a desolate environment."
Baroque/pietro-da-cortona_landing-of-the-trojans-at-the-mouth-of-tiberis-1654.jpg,"This artwork shows a large, ornate ceiling fresco with a central sky filled with floating figures, surrounded by elaborate architectural frames and groups of people. In the center, a small, winged figure floats downward, while above, several other figures appear to be falling or flying. On the left and right, large circular frames with decorative borders contain smaller scenes, one of which appears to show a figure with a crown. Below, a group of people is gathered around a central figure who is seated on a raised platform, raising one arm upward. Other figures surround them, some standing, some lying, with one figure to the right holding a staff and wearing a blue cloth. The scene is set against a pale blue sky with clouds, and the overall composition is framed by heavy, sculpted architectural elements. The painting uses soft, muted colors with some brighter accents, and the surfaces suggest a painted texture with visible cracks and wear. The figures are rendered in a classical style with detailed clothing and expressive poses."
Symbolism/lovis-corinth_witches-1897.jpg,"The artwork depicts a group of people gathered around a nude woman who is standing in the center, holding a white cloth in one hand and a purple garment in the other. She is barefoot and appears to be in the process of removing or adjusting her clothing. To her left, a wooden bucket with a handle sits on the floor, and a small white plate lies nearby. Behind her, several other figures are clustered, some reaching toward the cloth she holds, others watching with their hands near their faces or mouths. One figure on the far left wears a red garment and looks toward the central figure. The background is dark and indistinct, with no clear architectural features. The lighting is focused on the central figure and the cloth, making her and the objects around her stand out against the darker surroundings. The colors are muted, with the white cloth and purple fabric being the most prominent, while the rest of the scene is dominated by dark tones. The textures suggest fabric, wood, and skin, with the cloth appearing soft and the bucket rough and worn. The figures’ poses vary from active to passive, with some leaning in, others standing still, and one figure appearing to be in motion as they reach for the cloth."
Romanticism/thomas-moran_the-grand-canyon-of-the-yellowstone-1872.jpg,"This artwork shows a vast, deep canyon with steep, rocky walls covered in sparse trees. A waterfall cascades down from a high cliff into a river far below, visible as a narrow, dark blue ribbon in the distance. The canyon floor is wide and shadowed, with a few small figures standing on a rocky outcrop near the center-left, appearing to look down into the chasm. On the left, a tall, solitary pine tree stands near the edge of the path, and a group of people with horses or pack animals is visible further down the trail. The right side of the image is dominated by a dark, jagged rock face with some trees clinging to its surface. The sky is pale and overcast, with a faint, diffuse light illuminating the canyon walls, casting warm, golden tones on the rock faces while leaving the lower areas in shadow. The textures suggest rough, weathered stone and the rough bark of trees, with the water appearing smooth and misty as it falls. The overall impression is one of immense scale and natural grandeur, with the small human figures emphasizing the vastness of the landscape."
Rococo/bernardo-bellotto_the-imperial-summer-residence-garden-1758.jpg,"This artwork shows a wide, formal garden with a large, central fountain in the foreground, leading toward a grand, symmetrical palace complex in the distance. The garden is meticulously arranged with rows of trees, hedges, and pathways, all aligned in straight lines that draw the eye toward the palace. In the foreground, several small figures are scattered around the fountain, some standing near its edges, others walking along the paths. A few figures appear to be seated or resting near the fountain’s sides. The palace is situated on a raised hill, dominating the center of the background, with its long, rectangular facade and multiple windows clearly visible. To the right of the palace, smaller buildings are visible, and to the left, the landscape extends into open fields. The sky is overcast with soft, diffused light, and the colors are muted, with earthy tones dominating the landscape and the palace’s stone and roof appearing in pale, neutral shades. The texture of the painting suggests a smooth surface, with careful attention to the orderly layout of the garden and the architectural details of the palace."
Abstract_Expressionism/esteban-vicente_faraway-1970.jpg,"This artwork shows a dark, abstract composition with no clear figures or recognizable objects. The surface is dominated by broad, heavy strokes of black and gray paint, with some lighter areas suggesting texture or depth. There are no distinct foreground or background elements; the entire piece is a unified field of marks. The strokes appear to be applied with force, creating a sense of movement or pressure across the canvas. The texture is rough and uneven, with visible brushwork and areas where paint has been smeared or layered. The overall impression is one of mass and shadow, with no clear spatial organization or identifiable subjects."
Rococo/maurice-quentin-de-la-tour_view-of-the-city-saint-quentin-1.jpg,"This artwork depicts a hillside town with many buildings clustered together, rising from a riverbank. At the top of the hill, a large, prominent building with a tall spire stands out, surrounded by smaller structures with dark roofs. The town is bordered by a wall with a gate, and below it, a river flows with boats and figures moving along its surface. On the left, a staircase leads up to the town, and on the right, the riverbank is lined with trees and more figures. The sky above is filled with large, soft clouds against a dark blue background. The entire scene is rendered with a textured, grainy surface, using a limited palette of blues, browns, and whites, with some areas of orange or red on rooftops. The figures are small and indistinct, appearing to be walking or standing near the water or along the riverbank. The overall impression is one of a densely built settlement viewed from a distance, with a strong sense of depth created by the hill, the river, and the sky."
Symbolism/arnold-bã¶cklin_melancholia.jpg,"The artwork shows a woman sitting on a stone bench outdoors, dressed in a dark, patterned cloak over a lighter garment, holding a small, dark, rectangular object in her right hand. Her head is tilted downward, and her gaze is directed toward the object. Her left hand rests on the bench beside her. Behind her, the scene includes trees with autumnal foliage, a distant village with buildings, and a few figures on horseback in the far background. The sky is pale and overcast. The woman is positioned in the center-left of the composition, with the bench and her figure occupying the foreground. The trees and village are in the background, to the right and behind her. The colors are muted, with dark blues and browns dominating the woman’s clothing and the surrounding landscape, contrasted by the orange and red tones of the trees. The texture of the cloak appears heavy and woven, and the stone bench is rough and weathered. The overall lighting is soft and diffused, with no strong shadows. The title “MELANCHOLIA” is printed in capital letters at the top center of the image."
Early_Renaissance/pietro-perugino_the-pazzi-crucifixion-detail-2.jpg,"The artwork shows a woman with a halo around her head, standing in profile and looking upward and to the left. She has long, dark hair tied back, and her hands are clasped together in front of her chest. She is wearing a dark garment under a red robe with a light-colored, possibly green or beige, inner lining that drapes over her shoulders and arms. Behind her, a landscape stretches out, including hills, a body of water, and distant buildings, suggesting a rural or semi-urban setting. The woman is positioned in the center of the composition, with the landscape filling the background. The lighting appears to come from the upper left, illuminating her face and the right side of her body. The colors are muted, with the red robe being the most prominent, contrasted by the dark clothing and the pale tones of the background. The surface of the painting shows signs of age, including visible cracks and wear, particularly around the edges and in the background. The texture of the paint and the fabric is rendered with visible brushstrokes, suggesting it is an oil painting on a rigid surface."
Romanticism/gustave-dore_transformation-into-snakes.jpg,"This artwork depicts a dark, cavernous scene where several human figures are lying on the ground, transformed into snakes. In the center, two nude figures are entwined, one lying on its back with its arms raised, the other draped over it, both appearing lifeless or in distress. To the left, another figure lies on its side, curled up, also seemingly transformed. In the foreground, a figure is wrapped in a thick, coiled snake, its body twisted and motionless. Snakes are scattered throughout the scene, some coiled around the figures, others slithering across the rocky ground. The background is filled with a dense, shadowy mass of figures and twisted forms, suggesting a chaotic, hellish environment. The entire scene is rendered in black and white, with heavy shading and detailed linework creating a sense of depth and texture. The ground is uneven and rocky, with jagged edges and shadows that emphasize the grim atmosphere. The title at the bottom reads “TRANSFORMATION INTO SNAKES,” and below it is a quote from a text."
Realism/ivan-shishkin_view-of-the-yelabuga-1861.jpg,"This is a black-and-white sketch showing a landscape with buildings and trees. In the center, there is a cluster of structures with domed roofs and spires, suggesting a church or religious complex. To the left, a long, low building with a roofline is visible, set further back. The foreground is filled with dense, leafy bushes and trees, drawn with sketchy lines. The background is mostly empty sky with faint, wavy lines suggesting clouds. The sketch is done in pencil or similar medium, with visible line work and some shading to indicate form and depth. There are no people or animals depicted. The overall impression is of a quiet, possibly rural or semi-urban scene viewed from a distance, with the buildings partially obscured by vegetation."
Romanticism/edwin-henry-landseer_not-detected-274943.jpg,"The artwork depicts a dramatic, dynamic scene of a large bird of prey, likely an eagle or hawk, in mid-air, attacking or carrying away a smaller bird. The predator’s wings are spread wide, its talons gripping its prey, which is flailing. In the background, to the right, a figure on horseback is visible, appearing to be watching or reacting to the event. Another smaller bird is flying in the distance, and the ground is uneven and barren, suggesting a wild, open landscape. The sky is filled with swirling, heavy clouds, painted in muted grays and browns, with a faint hint of light breaking through. The foreground is dominated by the bird and its prey, with the ground appearing rough and textured, possibly dirt or sand. The colors are mostly dark and earthy, with the bird’s feathers showing some contrast in tone, and the sky’s clouds creating a sense of movement and tension. The overall impression is one of raw, physical action in a desolate environment."
Romanticism/n.c.-wyeth_the-children-were-playing-at-marriage-by-capture.jpg,"The artwork shows two young people running across a grassy field toward the right side of the image. The person on the right is bare-chested, wearing a simple cloth tied around the waist, with long dark hair flowing backward. The person on the left is wearing a dark, sleeveless garment that flutters as they run. Both are in mid-stride, with arms outstretched and legs in motion, suggesting rapid movement. Behind them, several birds are flying in the sky, which is pale and bright. The ground is covered in tall, dry grass, and a small, shallow pool of water is visible in the foreground, reflecting the sky and surrounding vegetation. The overall scene is set in an open, natural landscape with no buildings or other structures. The light is bright and even, casting soft shadows. The colors are dominated by earthy tones—browns, yellows, and muted greens—with the sky appearing pale and washed out. The texture of the grass and the water’s surface is rendered with visible brushstrokes, giving the scene a painterly, tactile quality. The figures’ hair and clothing are depicted with motion, suggesting wind or speed. The artist’s signature is visible in the bottom right corner."
Art_Nouveau_Modern/raphael-kirchner_medallion-1916.jpg,"The artwork shows a woman dressed in a full, white, ruffled gown with a wide, layered skirt and a matching bonnet or hat. She is standing, turned slightly to her right, with her head tilted and looking toward the viewer with a gentle smile. Her right hand is raised near her chest, holding a small, round object that appears to be a compact or mirror. The background is a plain, light beige or cream color with no distinct features. The woman is centered in the composition, occupying most of the frame. The image has a soft, faded quality, with visible signs of age, such as discoloration and slight creases. A watermark reading “www.PostcardPalace.com” is printed across the center of the image, and text at the bottom left says “MEDALLION,” while text at the bottom right says “COPYRIGHT, BRUTON GALLERIES LTD., LONDON, W.” The overall impression is that of a vintage postcard."
Art_Nouveau_Modern/boris-kustodiev_coachman-at-traktir-1920.jpg,"This artwork shows two people sitting at a small table inside a room, sharing a meal or drink. One person, on the left, is wearing a dark green coat with a patterned belt and is leaning forward, reaching toward a blue cup on the table. The other person, on the right, is wearing a bright blue robe with a red and white patterned sash and is holding a blue cup to their mouth, appearing to drink. Between them on the table is a large, ornate ceramic pitcher with green and white floral designs, a small blue and white teapot, and a tray holding several round, golden-brown pastries. The table is covered with a light-colored cloth that has a red and white checkered pattern along the bottom edge and a fringed border. Behind them, a large window shows a snowy outdoor scene with buildings, trees, and a few people in the distance. The walls are covered with wallpaper that has a faded floral pattern. A small oil lamp hangs from the ceiling on the right side of the image. The room is dimly lit, with the light coming from the window, casting shadows on the floor and the figures. The overall impression is of a quiet, intimate moment in a modest, lived-in interior. The colors are muted and earthy, with the blue robe and the blue cups standing out as the most vivid elements. The textures suggest fabric, ceramic, and wood, with the tablecloth appearing to be woven and the walls having a slightly rough, painted surface. The figures are seated on simple wooden chairs, and their postures suggest they are engaged in a shared, quiet activity. The artwork is signed in the bottom right corner, reading “T. Kupriyanov 1922.”"
Post_Impressionism/maxime-maufra_evening-morgat-beach-1902.jpg,"This artwork shows a wide expanse of sea and sky, with a distant landmass and a few small boats on the water. The foreground is a beach with wet sand, reflecting the sky’s colors. The middle ground is the sea, with gentle waves and several small sailboats with red sails. In the far distance, a low, hilly landform is visible. The sky is filled with clouds that are painted in soft, blended tones of pale yellow, pink, and gray, suggesting either dawn or dusk. The painting is signed in the lower right corner with the name “Manifin” and the year “1943.” The surface of the canvas has visible brushstrokes, giving it a textured, impressionistic feel. The colors are muted and atmospheric, with the red sails standing out against the cooler tones of the sea and sky. The boats are small and distant, appearing to be moving slowly across the water. The landmass is low and indistinct, blending into the horizon. The overall impression is one of calm, open water under a soft, changing sky."
Northern_Renaissance/hans-baldung_aristotle-and-phyllis-1513.jpg,"This artwork shows a detailed black-and-white engraving of a scene with several figures in an outdoor setting. A nude woman with a head covering sits on a stone or wooden structure in the center, her body facing slightly to the right. To her left, a large tree with thick branches and fruit hangs over the scene, and a grotesque, hairy figure with a distorted face is partially hidden beneath its roots. To her right, a bearded, muscular man with long hair and a beard kneels on the ground, his hands on the woman’s legs, appearing to be supporting or restraining her. Behind them, a small building with a sloped roof and a small arched doorway is visible, and above it, a small figure sits on the roof. To the right of the building, a second tree with bare branches stands, and behind it, a brick wall with a small niche containing a figure or object. The ground is uneven and covered with rocks, roots, and sparse vegetation. In the bottom left corner, a small rectangular plaque with the letters “H.B.” and the number “1503” is visible. The entire image is rendered in fine lines and cross-hatching, creating texture and depth, with no color. The figures and objects are arranged to create a sense of depth, with the central figures in the foreground and the building and trees receding into the background. The scene is static, with no motion implied."
Realism/ivan-kramskoy_the-painting-of-the-main-dome-of-the-temple-of-christ-the-savior-in-moscow-1865.jpg,"The artwork depicts a central figure, appearing to be a divine being, with arms outstretched, surrounded by radiating light and other figures in the sky. This central scene is set within a large, circular dome. Around the central image, there are multiple arched windows, evenly spaced, allowing light to enter. The dome’s structure is decorated with ornate, repeating patterns of gold and red, with some blue and white accents. The central figure is positioned in the center of the dome, with the surrounding figures and light emanating from around it. The windows are arranged in a circular pattern around the central scene, with no figures or objects in the foreground. The light from the windows illuminates the dome, creating a bright, warm glow. The colors are rich and vibrant, with gold dominating the decorative elements, and the central figure is depicted in a light, almost white, tone. The textures appear smooth and polished, with the gold elements suggesting a metallic or gilded finish. The overall impression is one of grandeur and reverence, with the central figure appearing to be the focal point of the scene."
Romanticism/thomas-cole_the-voyage-of-life-youth-1842-1.jpg,"This artwork shows a lush, tranquil landscape with a river flowing through it, surrounded by dense trees and vegetation. In the foreground, a small boat with a figure in a red garment is on the water, reaching out toward a figure in white robes standing on the riverbank. The figure in white appears to be an angel, with wings and a glowing aura, and is facing the figure in the boat. Behind them, the river winds through a valley with rolling hills and distant, misty mountains. On the left side of the image, a large, pale, cloud-like structure floats in the sky, partially obscured by clouds. The right side is dominated by tall, leafy trees, including a large palm tree with broad fronds. The scene is bathed in soft, warm light, with the sky showing a gradient from pale blue to white near the horizon. The colors are rich and varied, with deep greens, browns, and reds in the landscape, contrasted by the bright white of the angel’s robe and the pale glow around them. The textures suggest natural materials like foliage, water, and stone, with the water reflecting the sky and surrounding elements. The overall impression is one of peacefulness and mystery, with a sense of divine presence."
Realism/theodore-rousseau_the-avenue-of-chestnut-trees-1837.jpg,"This artwork depicts a long, narrow path flanked by tall, gnarled trees that arch overhead, forming a dense, dark canopy. The trees are thick and twisted, with branches spreading out to create a tunnel-like effect. The path stretches into the distance, fading into shadow, and a small, solitary figure stands near the center, facing away from the viewer, appearing to walk or stand still. The ground is uneven and covered in dark, shadowy material, possibly grass or dirt. The entire scene is rendered in a monochromatic palette of browns and grays, with subtle variations in tone suggesting depth and texture. The edges of the image are curved, giving it a rounded, arch-shaped frame. The surface appears to be a dry medium, with visible texture and smudges, indicating it was created with a material like charcoal or ink on paper. The lighting is dim and diffuse, with only faint highlights on the tree trunks and the path, emphasizing the enclosed, shadowy atmosphere."
Realism/nikolai-ge_portrait-of-natalia-petrunkevich.jpg,"The artwork shows a woman standing indoors near an open window, holding a book and looking down at it. She is positioned to the right of the center, with the window frame to her left. Outside the window, a sunlit path winds through trees and bushes, with green and yellow foliage. The woman is dressed in a dark, long-sleeved dress, and her hair is pulled back. The interior is dim, with the window being the main source of light, casting a warm glow on the woman and the book. The window frame is dark wood, and the scene outside is bright and detailed with natural elements. The painting has visible brushstrokes, and the colors are rich in warm tones outside and deep, muted tones inside. The artist’s signature and the year “1913” are visible in the lower left corner."
Ukiyo_e/utagawa-kunisada_not_detected_240351.jpg,"This artwork depicts a scene with two figures in a domestic interior. One figure, wearing a dark kimono with red and gold patterns, is lying on their back with their head turned to the left, appearing to be asleep or resting. The other figure, dressed in a green and red patterned garment, is positioned above them, leaning forward with their head close to the first figure’s face, suggesting intimacy or affection. A large, round mirror with a black frame is placed near the lower right, reflecting a portion of the scene. In the background, to the upper right, there is a small inset showing two men seated at a table, appearing to be in a meeting or discussion. The entire scene is set on a green floor, with a red and gold patterned rug beneath the figures. The artwork uses bold, flat colors and distinct outlines, typical of Japanese woodblock prints, with no visible light sources or shadows. The figures’ clothing has intricate patterns, and the mirror’s frame is clearly defined. The composition places the two main figures in the center and foreground, with the inset scene in the upper right background."
Baroque/gabriel-metsu_the-sick-girl-1659.jpg,"This artwork shows two women in a dimly lit room. One woman, on the left, is standing and appears to be crying, holding a cloth to her face. She is dressed in dark clothing and is partially obscured by shadow. The other woman, on the right, is seated in a chair with a large white pillow behind her head. She is wearing a white head covering and a white shawl over a dark dress, and she is looking toward the standing woman with a calm, passive expression. Her hands are resting on her lap and the arm of the chair. The chair has a red fabric draped over its side. The background is dark and indistinct, with no visible windows or other objects. The lighting is focused on the seated woman’s face and upper body, while the standing woman is mostly in shadow. The textures suggest fabric, with the white shawl and pillow appearing soft and the dark clothing appearing heavy. The overall impression is one of quiet tension and emotional contrast between the two figures."
Art_Nouveau_Modern/raphael-kirchner_lulu.jpg,"The artwork shows a nude woman hanging upside down from a swing, her body arched backward, with her legs extended downward and her arms gripping the ropes. Below her, a small figure in a red outfit and white hat sits on a stool, holding a small object in one hand and appearing to look up at the woman. The woman’s hair is dark and styled in a short, sharp bob. The background is a plain, light-colored surface with no other objects or scenery. The woman’s legs are covered in long, dark blue stockings. The small figure is positioned in the lower right corner, facing upward toward the woman. The image has a flat, slightly aged appearance with muted colors and soft, smooth textures. The lighting is even and does not cast strong shadows, suggesting a simple, unembellished setting."
Baroque/gian-lorenzo-bernini_st-longinus(1).jpg,"This artwork shows a large, central statue of a muscular, draped figure standing on a pedestal, holding a long staff in one hand and extending the other outward. The figure is positioned under a large, arched architectural frame that includes a domed ceiling with decorative patterns and inscriptions above. The statue is flanked on both sides by dark, veined marble panels that appear to be carved with swirling designs. The figure’s body is angled slightly to the left, with the head turned toward the viewer, and the arms are spread apart in a dynamic, expressive pose. The statue is made of light-colored stone, and the surrounding architecture is constructed from darker, polished stone with visible veining. The lighting is even, highlighting the contours of the figure and the textures of the surrounding materials. The overall composition is symmetrical, with the statue centered under the arch, and the background elements are arranged to frame the figure prominently."
Realism/aleksey-savrasov_stone-in-the-forest-near-the-spill-1850.jpg,"This artwork depicts a forest scene with two figures on a large, mossy rock. One figure, a child with light-colored hair, stands on the rock, holding a hat in one hand and touching a tree trunk with the other. A second figure, smaller and darker in appearance, is partially hidden behind the rock and tree, holding a stick or similar object. The forest is dense with tall trees, many with light-colored bark, and thick undergrowth. The rock is large and dark, covered in moss and lichen, and dominates the center of the composition. The background is filled with more trees and greenery, fading into a hazy, light blue sky. The lighting is soft and diffused, with dappled light filtering through the canopy, creating areas of bright green and deep shadow. The textures suggest rough bark, wet moss, and dense foliage, with the rock appearing heavy and weathered. The overall impression is one of a quiet, natural woodland setting with two small figures exploring or resting."
Mannerism_Late_Renaissance/paolo-veronese_ceiling-of-the-sala-dell-olimpo.jpg,"This artwork shows a large, ornate ceiling fresco with a central octagonal panel surrounded by decorative frames and smaller painted scenes. The central panel depicts a bright, radiant figure in white robes, surrounded by many other figures in dynamic poses, some reaching toward the central figure, others in flight or falling. The figures are mostly nude or draped in flowing garments, and their movements suggest chaos or divine intervention. Around the central panel, the ceiling is divided into sections with painted figures in various poses: some appear to be falling or leaping, others are seated or reclining, and some are shown in dramatic, active stances. The entire composition is framed by elaborate architectural elements, including columns, decorative moldings, and small rectangular panels with painted figures or symbols. The colors are dominated by blues, purples, and golds, with the central figure glowing in a bright yellow-white light. The surfaces appear to be painted on a flat, rigid surface, with no visible texture or material beyond the painted finish. The overall impression is one of a complex, multi-layered scene with strong contrasts between light and dark areas, and a sense of movement and energy throughout."
Color_Field_Painting/theodoros-stamos_infinity-field-t-series-34-1990.jpg,"The artwork shows a tall, thin, abstract figure drawn in a light, pale color against a solid, warm orange background. The figure is composed of loosely connected, flowing lines that suggest a vertical form, possibly a human silhouette, but without clear limbs or features. At the bottom of the image, there is a dark, horizontal band that appears to be a ground or horizon line, with faint, swirling marks in a similar orange tone beneath it. The entire surface has a textured, uneven quality, as if painted with a medium that left visible brushstrokes or a rough, matte finish. The figure is centered vertically, rising from the lower edge toward the top of the frame, and its form is thin and elongated, with no clear indication of movement or action. The color is consistent throughout the background, with no strong contrasts or shadows, and the figure’s light color creates a subtle contrast against the orange field. The texture of the surface is visible as a grainy, uneven surface, suggesting a physical medium like canvas or paper with applied paint."
Color_Field_Painting/mark-rothko_untitled-gray-and-mauve-1969.jpg,"This artwork shows a simple composition divided into two horizontal sections. The top section is a solid, flat area of muted gray, and the bottom section is a solid, flat area of muted pinkish-brown. There are no figures, objects, or patterns. The two sections are separated by a straight, clean line running horizontally across the center. The surface appears to have a slightly rough texture, and the edges of the painted areas are defined but not sharply crisp. The colors are uniform within each section, with no variation in tone or detail. The overall shape is a tall, narrow rectangle, and the artwork is framed by a thin, light-colored border."
Abstract_Expressionism/sam-francis_untitled-sf-259-1980.jpg,"This artwork shows a chaotic, energetic explosion of paint splatters and drips across a white background. The center is dominated by a large, dark purple mass that appears to be a swirling, undefined shape, surrounded by bursts of bright, scattered colors. Within this central area, there are several smaller, distinct patches: one is a roughly square shape with a white center and black and yellow splatters inside, another is a red, heart-shaped blotch, and a third is a yellow and green cluster. The entire surface is covered with countless small dots and streaks of paint in vivid colors including red, yellow, pink, blue, and green, radiating outward from the center. The paint appears to be applied in a way that suggests movement and force, with some streaks long and thin, others short and dense. The colors are intense and saturated, creating a high-contrast, visually loud effect. The texture suggests thick, wet paint, with some areas appearing more solid and others more fragmented. The overall impression is one of dynamic, uncontrolled energy."
Baroque/jacob-isaakszoon-van-ruisdael_view-of-the-ij-on-a-stormy-day-1660.jpg,"This artwork shows a stormy sea with several small boats struggling against rough waves under a heavy, cloudy sky. The water is dark and turbulent, with whitecaps and foam visible across the surface. A few boats are scattered across the scene, with one in the center-right appearing to be the most prominent, its sails partially unfurled and crew visible in the boat. To the right, a line of broken wooden pilings juts out of the water. In the far distance, a faint shoreline with indistinct structures can be seen. The sky is filled with thick, gray clouds, with a small patch of lighter, possibly sunlit, cloud near the top center. The overall color palette is muted, dominated by grays, browns, and dark blues, with the white of the waves and sails providing contrast. The texture of the waves and clouds appears rough and dynamic, suggesting movement and chaos. The painting is framed in a dark, simple frame."
Art_Nouveau_Modern/konstantin-somov_book-of-the-marquise-illustration-2.jpg,"The artwork shows a person viewed from the back, standing upright on a patch of grass. The person is wearing a red coat with a high collar, light-colored trousers with brown cuffs, and tall dark boots. They are also wearing a dark tricorn hat with a feather or ribbon attached, and their hair is styled in a powdered wig with a long braid falling down the back. Their hands are in their coat pockets, and a sword is visible at their side, hanging down. A dotted line extends from the person’s lower back area downward, suggesting a stream of liquid being expelled onto the grass. The grass is detailed with small flowers and is surrounded by a thin line of dirt or ground. The background is plain and light-colored, with no other objects or figures. The colors are flat and somewhat faded, with the red coat being the most prominent. The texture appears to be that of a printed illustration, with visible lines and shading. The person is centered in the frame, and the grass patch is at the bottom, directly under their feet. The dotted line trails to the right side of the image, ending near the grass. The overall impression is that of a static, posed figure in a simple outdoor setting."
Post_Impressionism/henri-de-toulouse-lautrec_the-jockey-1899.jpg,"The artwork depicts two jockeys on horses in motion, likely during a race or training session. The jockey in the foreground is riding a dark brown horse that is captured mid-stride, with its front legs lifted and its body angled forward. The jockey is bent over, leaning into the horse’s movement, wearing a white shirt and light-colored pants. Behind and to the right, a second jockey on a similar horse is also in motion, though less clearly defined, with their head and upper body turned away. The ground appears to be a flat, light-colored surface, possibly a racetrack or open field. In the far background, there is a faint outline of a windmill and some indistinct structures, suggesting an open, possibly rural or coastal setting. The sky is a flat, textured gray, with no distinct clouds or light sources. The entire image is rendered in a sketchy, textured style, with visible lines and shading that suggest it was created with a dry medium like pencil or charcoal. The artist’s signature and the year “1899” are visible in the lower-left corner."
Color_Field_Painting/anne-truitt_remember-no-5-1999.jpg,"This artwork shows a flat, rectangular surface painted in a solid, deep red color. Along the bottom edge, there is a narrow horizontal band of black, running the full width of the piece. The right edge of the red area is uneven and appears to have been torn or cut, with jagged, irregular edges. The surface has a textured, slightly rough feel, suggesting it was painted on a canvas or similar material. The black band is smooth and contrasts sharply with the red. The entire piece is set against a plain, light-colored background. There are no figures, objects, or actions depicted. The red is uniform in tone, and the black band is consistent in width and placement. The texture of the red surface is visible as a subtle, grainy pattern."
Minimalism/ellsworth-kelly_creueta-del-coll-1987.jpg,"The artwork shows a tall, narrow, vertical metal sculpture standing alone in an open paved area. Behind it, a cityscape with buildings and trees is visible under a partly cloudy sky. The sculpture is centered in the frame, standing upright and unadorned. To the left and right of the sculpture, there are trees with green foliage. The ground is paved with interlocking stone tiles, and shadows from the trees and the sculpture are cast across the pavement. The sculpture appears to be made of rusted metal, with a dark, weathered surface. The sky is bright with scattered clouds, and the lighting suggests daytime. The overall scene is quiet and open, with no people or moving elements visible."
Realism/mihaly-munkacsy_self-portrait-ii-1881.jpg,"This is a portrait of a man with a full beard and curly hair, shown from the chest up. He is looking slightly to his right, with a serious expression. He is wearing a dark jacket over a light-colored collared shirt. The background is dark and indistinct, with no clear objects or scenery. The man’s face and shoulders are the central focus, positioned in the center of the image. The lighting is dim, with a subtle glow on the man’s face and hair, suggesting a light source from the upper left. The painting has a rough, textured surface, with visible brushstrokes, and the colors are mostly dark, with muted tones on the man’s face and clothing. A signature and date, “1881,” are visible in the lower right corner."
Baroque/giovanni-paolo-panini_interior-of-st-peter-s-rome-1755.jpg,"This artwork shows the interior of a vast, ornate church with high, arched ceilings and long, narrow aisles lined with columns and decorative walls. People in period clothing are scattered throughout the space, some walking, others standing or gathered in small groups, with a few appearing to be dancing or interacting. The central area is open and brightly lit, leading toward a distant altar or focal point at the far end, which is framed by more arches and a large, dark chandelier hanging from the ceiling. The architecture is symmetrical, with repeating columns and arches on both sides, and the walls are covered with painted scenes, statues, and gold-leaf decorations. The floor has a patterned design with red and dark tones. The lighting is bright and even, suggesting daylight entering through high windows, and the colors are mostly muted with accents of gold, red, and dark stone. The textures appear smooth and polished, with the surfaces of the walls and columns suggesting marble or painted plaster. The overall impression is one of grandeur and solemnity, with the figures appearing small in comparison to the immense space around them."
Art_Nouveau_Modern/raphael-kirchner_ice-flowers-1899-4.jpg,"The artwork depicts a snowy outdoor scene with several figures. In the center foreground, a woman in a dark red dress is lying on her back in the snow, her head tilted up and her arms raised. Another woman, wearing a patterned dress and a large, dark, textured hat, is leaning over her, appearing to interact with her. To the right, a third person with blonde hair, wearing a dark coat, is partially visible, looking toward the central figures. In the background, to the left, a figure in a dark coat and light-colored skirt is walking away, carrying a small object. The scene is set against a snowy landscape with a pale sky and a faint white circle in the upper center, possibly representing the moon. A vertical yellow line runs down the left edge of the image, separating the snowy scene from a plain, off-white area. In the bottom left corner, the text “FLEURS D'HIVER” is printed in black. The colors are muted, with the snow appearing as a pale blue-gray, the red dress being a deep, solid red, and the hats and clothing of the figures being dark or patterned. The textures suggest a printed image, with visible lines and a slightly grainy quality."
Realism/mykola-yaroshenko_portrait-of-sergey-nikolaevich-amosov.jpg,"This artwork shows a portrait of a man with dark, thick hair and a full, dark beard, looking slightly to his right. He is wearing a dark, loose-fitting garment that covers his shoulders and chest. The background is a flat, muted grayish-blue surface with no distinct features. The man’s head and shoulders occupy the center of the composition, with his face turned away from the viewer, giving the impression that he is looking off to the side. The lighting is soft and comes from the left, casting subtle shadows on the right side of his face and beard. The texture of the painting appears rough and impasto, with visible brushstrokes, especially in the hair and beard, which are rendered in deep, dark tones. The overall color palette is subdued, dominated by grays, blues, and blacks, with minimal contrast."
Romanticism/eugene-delacroix_study-of-flowers-1850(1).jpg,"This artwork shows a botanical illustration with three distinct plant elements on a pale, off-white background. On the left, there is a tall, slender stem with a closed, reddish-brown flower bud at its top, surrounded by large, irregularly shaped, gray-green leaves that appear to be sketched with faint lines. To the right, a single open yellow flower with five petals and a dark center is shown, its stem thin and extending downward. Below and to the right of the yellow flower, there is a circular, flat flower with a dark center and radiating red and white markings, accompanied by a small, dark green, spiky leaf structure. The entire composition is framed by a thin, light-colored border. The colors are muted and naturalistic, with the yellow and red tones standing out against the pale background. The textures suggest watercolor or a similar medium, with visible brushwork and faded areas. A small signature or mark, possibly “P.B.,” is visible in the bottom right corner."
Minimalism/yves-klein_untitled-blue-monochrome-1957-2.jpg,"This artwork shows a single, solid square shape filled entirely with a deep, uniform blue color. There are no figures, objects, or distinct shapes present. The square occupies the entire frame, with no visible edges or boundaries beyond its own perimeter. The surface has a subtle, uneven texture that appears to be slightly raised or crinkled, giving it a tactile quality. The color is consistent across the entire area, with no variation in tone or shading. There is no light source or shadow visible, and the texture is the only physical quality that can be sensed."
Early_Renaissance/domenico-ghirlandaio_st-mark-the-evangelist-1490.jpg,"The artwork depicts a central figure, an older man with a white beard and hair, seated in a kneeling position on a cloud-like surface. He is wearing a green robe over a red garment and is holding a small object in his hands, possibly a book or scroll. To his right, a lion with a brown mane lies on the same cloud, facing forward. Behind the man, a golden halo surrounds his head, and the entire scene is framed by a dark, triangular architectural structure with intricate, repeating patterns along its edges. The background is dark, with radiating lines suggesting light emanating from the central figure. The surface of the cloud beneath the man and lion is painted with blue and white tones, and the overall texture appears flat and painted, with visible signs of age and wear. The architectural framing is detailed with geometric and circular motifs, and the entire composition is contained within a triangular space."
Symbolism/james-tissot_the-seven-trumpets-of-jericho.jpg,"This artwork depicts a group of people in white robes carrying a large wooden chest on their shoulders, walking along a path near ancient stone walls. To the left, a group of people in similar white robes stands in a line, holding large, curved horns. Behind them, more figures in white robes are visible, some carrying objects. In the background, the stone walls rise, and beyond them, a crowd of people in varied clothing can be seen. The figures are positioned with the chest carriers in the center-right, the horn-bearers in the left foreground, and the crowd in the far right background. The scene is set outdoors under a cloudy sky, with the ground appearing uneven and rocky. The colors are muted, dominated by whites, grays, and earth tones, with some hints of red and brown in the distant crowd. The texture suggests a painted surface, with visible brushwork and soft blending, especially in the sky and walls. The overall impression is one of a procession or ceremonial movement through a historical or sacred site."
Color_Field_Painting/helen-frankenthaler_earliness-1975.jpg,"The artwork shows a flat, uniform field of yellow, with two thin, vertical marks that stand out against the background. These marks are positioned separately, one toward the left side and the other toward the right side, both near the center of the canvas. They are not connected and do not interact with each other. The marks appear to be painted with a thin, dark pigment, possibly brown or black, and are slightly irregular in shape, with one showing a faint greenish tint near its top. The surface of the canvas has a soft, blended texture, suggesting it was painted with broad, fluid strokes. The yellow field is not solid; it has subtle variations in tone, with some areas appearing lighter or darker, giving the impression of a slightly uneven surface. There are no other objects, figures, or shapes visible."
Symbolism/mikalojus-ciurlionis_the-goat-1904.jpg,"This artwork shows a surreal landscape with a large, ornate building on the left, surrounded by tall, thin green plants. In the center-right foreground, a white, goat-like creature with long, curved horns stands facing forward. Behind it, a dense wall of tall, dark green, stick-like forms rises. The background features distant, jagged mountains under a flat, pale blue sky. The building on the left has a golden-yellow facade with arched windows and a decorative top, partially obscured by foliage. The creature is positioned near the center of the lower half of the image, with the building to its left and the dark foliage behind it. The creature’s body is upright, and its head is turned slightly toward the viewer. The scene is lit with a cool, flat light, and the colors are muted, with the building appearing warm in contrast to the surrounding cool greens and blues. The texture of the painting is rough and visible, with thick, uneven brushstrokes. The ground is dark and indistinct, with a reddish-brown object to the left that appears to be a piece of furniture or a draped surface."
Post_Impressionism/arshile-gorky_self-portrait-at-the-age-of-nine.jpg,"This artwork shows a close-up portrait of a person’s face and upper torso. The person has dark hair, a high collar, and is wearing a dark garment. The face is painted with visible brushstrokes, and the skin tones are a mix of reddish and pale hues. The eyes are dark and appear to be looking slightly downward. The background is a textured blend of dark and warm tones, with no clear objects or figures. The figure’s head is centered in the frame, and the shoulders and collar are visible in the lower portion. The painting has thick, rough brushwork, and the colors are applied in a way that suggests a tactile, physical surface. The lighting is uneven, with some areas of the face appearing brighter than others, but no clear light source is visible. The texture of the paint is prominent throughout the piece."
Post_Impressionism/maurice-prendergast_may-day-central-park.jpg,"This artwork shows a large, crowded park scene filled with many people under the shade of tall trees. The trees dominate the upper part of the image, their branches and leaves forming a dense green canopy. Below, a multitude of figures are scattered across the grassy area, some standing, some sitting, and some walking. Many are dressed in period clothing, with women wearing long dresses and hats, and men in suits or formal attire. A few figures carry umbrellas, and one person is pushing a small cart with a child inside. The crowd is dense and appears to be enjoying a day outdoors, with no clear focal point or single event. The figures are rendered with loose, sketchy brushstrokes, making individual details hard to distinguish. The color palette is dominated by green from the trees and grass, with patches of yellow, red, blue, and brown from the clothing and objects. The light seems to be filtered through the trees, creating dappled shadows and bright spots on the ground. The artist’s signature, “Prendergast,” is visible in the lower right corner."
Rococo/thomas-gainsborough_the-duke-and-duchess-of-cumberland-1785.jpg,"This artwork shows three people in an outdoor setting surrounded by trees. A man and a woman stand together in the center-left, with the man holding a walking stick and the woman in a long, light-colored dress with lace trim. To their right, a third woman sits on the ground, wearing a long green dress and a large hat. A small dog is near the man’s feet on the left. The background is filled with dense, dark trees, and a small stone structure is visible behind the central figures. The scene is set on a dirt path, and the lighting suggests a bright, possibly late afternoon sun, with warm light illuminating the figures and the trees behind them. The colors are rich and varied, with the central figures in lighter tones contrasting against the darker, shadowed forest. The textures appear soft and painterly, with visible brushwork suggesting the medium is oil paint. The overall composition is oval-shaped, with the figures arranged to draw attention to the central pair."
Art_Nouveau_Modern/aubrey-beardsley_albert-in-search-of-his-ideals-1897.jpg,"This artwork shows three figures dressed in ornate, theatrical costumes, likely from a performance or a stylized scene. The largest figure, on the left, is a man wearing a wide-brimmed hat decorated with chains and flowers, a heavily embellished vest with intricate patterns, and tight-fitting trousers. He holds a long stick with a decorative tip and stands with one hand raised, as if gesturing or directing. In the center, a woman in a long, flowing gown with a large bow at the waist and a feathered hat stands facing slightly away, her posture upright and composed. To the right, a smaller figure, also in elaborate attire including a tall hat and a large, round, patterned bag, walks away from the viewer, carrying the bag on their shoulder. The figures are set against a plain, textured background with no distinct environment. The artwork is in black and white, using fine lines and stippling to create texture and detail on the clothing and accessories. The overall impression is one of stylized, theatrical fashion, with the figures arranged to suggest a scene of social interaction or performance."
Early_Renaissance/pietro-perugino_the-adoration-of-the-magi-1473.jpg,"This artwork depicts a religious scene showing the adoration of the Christ Child by the Magi, with the Virgin Mary holding the baby Jesus. The scene is set in a rustic stable or barn with wooden beams and stone walls. To the right, the Virgin Mary is seated, wearing a dark blue robe with a red undergarment and a dark veil, holding the infant Jesus who is barefoot and naked, with a halo around his head. To her right stands an older man with a white beard and a staff, likely Saint Joseph, dressed in a green tunic with a red sash. On the left, a group of figures, including several men in elaborate robes and crowns, are gathered. One man in a green and gold robe with a crown is holding a silver chalice, while another man in a red robe kneels before the Virgin and child, his hands clasped. Behind the kneeling man, a large cow’s head is visible, partially obscured by a woven basket. The background shows a landscape with hills, trees, and a body of water under a sky with a radiant sun emitting rays. The foreground is dominated by the figures and the stable structure, with the Virgin and child centrally positioned. The colors are rich and saturated, with deep reds, blues, and golds, and the textures suggest painted fabric and wood. The lighting is even, with no strong shadows, and the figures are rendered with detailed, realistic features."
Art_Nouveau_Modern/henri-de-toulouse-lautrec_reine-de-joie-1892.jpg,"This artwork shows a man and a woman in a close embrace, kissing, with the woman leaning forward to kiss the man’s cheek. The man is seated in a red chair, wearing a dark suit with a white collar, and the woman is standing beside him, wearing a red dress with a high collar. To the right, a third figure, a man in a dark suit and white shirt with a bow tie, stands with his back to the viewer, looking away. The figures are set against a warm, yellow-orange background with abstract, rounded shapes. In the foreground, there is a large, ornate table with a green and orange decorative object on it, and a small red object that appears to be a glass or cup. The text on the image reads “Reine de joie par Victor Joze chez tous les libraires,” with the publisher’s imprint “Imp. Edw ANCOURT & Cie PARIS” at the bottom right. The colors are bold and flat, with strong contrasts between the red, black, and yellow tones. The figures are stylized with simplified forms and clear outlines, suggesting a printed poster or advertisement. The artist’s signature, “Lautrec,” is visible in the lower left corner."
Post_Impressionism/gustave-loiseau_by-the-eure-river-in-autumn.jpg,"This artwork shows a river or canal surrounded by dense trees and vegetation on both sides, with a sky filled with clouds above. The water reflects the sky and the surrounding foliage, creating a shimmering, broken surface. The trees are thick with leaves, mostly green, with some hints of yellow and brown, suggesting autumn or late summer. The sky is a mix of blue, white, and gray, with clouds that appear soft and swirling. The foreground is dominated by the water and the edge of the bank, where brushstrokes suggest reeds or low plants. The background is obscured by the trees, but hints of distant land or buildings can be seen through the foliage. The painting is made with visible, textured brushstrokes, and the colors are bright and varied, with a strong contrast between the cool blues and greens of the water and sky and the warmer yellows and browns of the trees. The overall impression is one of a natural, tranquil scene, with the water appearing calm but not still, as if disturbed by wind or current. There are no people or animals visible in the scene."
Ukiyo_e/utagawa-kuniyoshi_the-ghost-in-the-lantern.jpg,"This artwork shows a man in traditional Japanese clothing sitting in the foreground, looking up and to his left. Behind him, a large paper lantern is visible, and inside it, a ghostly figure with pale skin, dark hair, and red eyes appears to be emerging from flames. The man’s hands are open and raised slightly, as if in surprise or awe. The lantern is positioned directly behind the man’s head, and the ghostly figure is centered within the lantern’s interior. The man is dressed in a dark outer garment with blue fabric on the sleeves and lower body, and his hair is styled in a traditional black topknot. The lantern has vertical ridges and a light-colored, possibly off-white, surface. The background is dark and plain, with some faint text in Japanese characters on the right side of the image. The colors are muted, with the man’s clothing being dark and blue, the lantern being light, and the ghostly figure being pale with red eyes and orange flames. The texture of the lantern suggests paper, and the ghostly figure appears to be drawn with soft, flowing lines. The overall composition places the man in the foreground, the lantern and ghost in the background, and the text on the right edge."
Cubism/saul-steinberg_head-1945.jpg,"This artwork shows a stylized profile of a person’s head and shoulders, facing left. The figure has a sharply pointed, elongated nose and a large, detailed eye that looks forward. The hair is thick, curly, and densely textured, covering the top and sides of the head. On top of the head, there is a decorative, feather-like element with leafy and floral motifs, extending outward to the right. The figure’s neck and shoulder are visible, rendered in a solid, flat purple color. The entire image is printed in a single shade of purple on a light, off-white background. The figure is centered in the composition, with the decorative element extending toward the upper right. The texture of the hair is rendered with fine, repetitive lines, while the rest of the figure is flat and solid. The background is plain and unadorned."
Early_Renaissance/bartolome-bermejo_the-flagellation-of-st-engracia-1477.jpg,"This artwork depicts a tense, dramatic scene inside a stone building with arched windows and pillars. In the center, a woman with a crown and a bare back stands facing away from the viewer, her body turned to the right, her left hand resting on a pillar. She is wearing a dark, richly textured robe with a white sash tied around her waist. To her left, a man in a red cap and dark clothing stands with his hands clasped, looking toward the center. Behind him, another man in a red tunic and green pants holds a long, curved object above his head, his face showing anger or determination. To the right of the central woman, a man in a dark, ornate robe with gold trim sits on a carved wooden chair, holding a long staff or weapon. Behind him, another man in a dark, patterned garment stands with his hands clasped, looking toward the central figure. The floor is tiled with a repeating pattern of red, black, and white squares, each containing a decorative design, and the word “SEVA” is visible in some of the tiles. The lighting is dim, with a single source of light coming from a high, narrow window in the background, casting shadows across the scene. The overall atmosphere is heavy and confrontational, with figures positioned to suggest a moment of conflict or judgment. The textures of the clothing, stone, and wood are rendered with detail, suggesting fabric, stone, and wood grain. The colors are mostly dark, with reds, browns, and blacks dominating, contrasted by the white sash and the gold trim on the robe. The composition is tightly packed, with figures arranged to create a sense of claustrophobia and tension."
Realism/boris-kustodiev_chairman-of-the-council-of-ministers-i-l-goremykin-1906.jpg,"This is a black-and-white sketch of a man’s head and shoulders, shown in profile facing to the right. The man has a very large, thick, and curly mustache that extends outward from his mouth and curves upward at the ends, covering the area around his nose and cheeks. His hair is short and neatly combed back, with a receding hairline. His eyes are closed or squinted shut, and his facial expression appears neutral or slightly smiling. He is wearing a dark garment with a high, wide collar that is heavily textured and appears to be made of a thick, possibly woolen material. The background is plain and unadorned, with no other objects or figures visible. The sketch is rendered with fine, dark lines and shading, giving it a rough, hand-drawn quality. There is no visible light source or color, as the image is monochromatic."
Post_Impressionism/henri-de-toulouse-lautrec_crouching-woman-with-red-hair-1897.jpg,"The artwork shows a nude woman kneeling on a surface, facing away from the viewer, with her head turned slightly to her left. Her body is positioned in a crouched, forward-leaning posture, with her hands resting on a dark, textured object to her left. Her hair is pulled back and tied up. The surface she is on appears to be a bed or a cushioned area, covered with a white, crumpled fabric that is partially draped over her legs and torso. Behind her, the background is a warm, textured blend of orange and brown tones, suggesting a wall or curtain. To her right, there is a dark, indistinct shape that appears to be a piece of furniture or a draped object. The foreground is dominated by a mix of dark and light strokes, including patches of blue, brown, and white, which suggest a cluttered or uneven surface. The painting uses thick, visible brushstrokes, with colors applied in a way that creates a sense of texture and movement. The lighting is not sharply defined, but the figure is rendered with a warm, pale tone that contrasts with the darker surroundings. The overall impression is one of a quiet, intimate moment, with the figure engaged in a focused, possibly private, action."
Baroque/jan-steen_dancing-couple-detail-1663-1.jpg,"This artwork shows a lively outdoor scene with several people, likely at a market or public gathering. In the center foreground, a man wearing a red cap with a feather and a white ruffled collar is smiling broadly, leaning forward with his body angled slightly to the right. He is dressed in a dark outer garment over a gray shirt. To his left, another man is partially visible, carrying a large woven basket on his head with his right hand, and appears to be laughing or speaking. Behind them, the background shows a wide, open area with trees, a few distant figures, and what looks like a wooden structure or stall. The sky is light blue with soft clouds. The painting has visible cracks and texture, suggesting it is an old oil painting. The lighting is natural and even, with no strong shadows, and the colors are muted, with earth tones and dark clothing contrasting against the lighter sky and background. The figures are positioned in a way that draws attention to the central man’s expression and the basket-carrying man’s action, with the background figures appearing small and distant."
Romanticism/konstantin-makovsky_ivan-iii-of-russia.jpg,"This artwork depicts a crowded scene outside a large stone building with arched entrances and columns. A group of men, dressed in heavy, ornate clothing with fur hats and armor, are gathered around a central figure who stands on steps, holding a long staff or spear. Some men are holding weapons like axes or rifles, and others are pointing or gesturing toward the central figure. To the right, a crowd of people, including men and women in period clothing, are gathered, some looking up at the central figure, others looking away or at each other. In the background, beyond the arches, there are multiple buildings with onion-shaped domes and crosses, suggesting a religious or official setting. The scene is rendered in black and white, with detailed line work showing textures of stone, fabric, and clothing. The lighting appears to come from the upper right, casting shadows and highlighting the figures and architecture. The overall impression is one of a tense or formal gathering, possibly a public event or confrontation, with the central figure as the focus of attention."
Realism/fyodor-bronnikov_exile-in-front-of-the-grave-1870.jpg,"This artwork depicts three men standing in a cemetery. One man, on the left, wears a dark brown robe and holds a rosary, standing with his hands clasped in front of him. In the center, an older man with a white beard and dark clothing stands with his hands clasped, looking toward the right. To his right, another man in a dark robe is turned away, facing the center figure, with his hands slightly raised. Behind them, a large white cross stands on a stone base. To the left, a tree with dark bark and sparse leaves stands near the ground, and a sword is stuck into the earth beside it. The background shows more graves, fences, and trees under a pale sky. The ground is uneven and covered with grass and dirt. The painting uses muted colors, with dark browns and grays dominating the figures and foreground, contrasted by the white cross and pale sky. The brushwork suggests texture in the clothing and foliage, and the lighting appears soft and diffused, with no strong shadows. The artist’s signature and date are visible in the lower right corner."
High_Renaissance/pinturicchio_the-glory-of-st-bernardino-1486.jpg,"This artwork is a large mural painted on an arched ceiling and wall, depicting a religious scene. At the top center, a central figure stands on a cloud, surrounded by angels and other figures, with a golden halo around their head. Below this, two angelic figures are shown extending their hands toward each other, holding a crown between them. In the center of the lower section, a man in a long white robe stands with his right hand raised, holding a book in his left hand. To his left, a figure in ornate, colorful robes stands with a staff, and to his right, another man in a similar white robe holds a small object. The background includes a landscape with trees, mountains, and a palm tree on the right. In the foreground, a wooden altar with two white candles on stands is positioned in front of the mural. The mural is framed by architectural elements, including carved stone columns and decorative panels on the sides. The colors are muted, with some areas appearing faded, and the surface suggests aged paint. The lighting is dim, with shadows cast across the scene."
Realism/nicholas-roerich_idol-1898.jpg,"This artwork shows a dark, gritty scene with two carved wooden figures standing on a rough, uneven ground. The figure on the left is larger and more detailed, with a head that has two bright, glowing eyes, a body adorned with beads or small ornaments, and one arm raised outward. It stands on a thick, weathered post that has a skull-like object resting on top of it. To its right, a smaller, less detailed carved figure stands on a similar post, but it is partially obscured by shadow and appears less defined. Behind them, a crumbling stone structure with arches and broken walls looms in the background, suggesting ruins or an old building. The ground is uneven and littered with debris, and the scene is lit by harsh, directional light that casts long, sharp shadows, especially to the left of the figures. The image is in black and white, with high contrast between light and dark areas, and the textures appear rough and grainy, suggesting aged wood, stone, and dirt. The overall impression is one of a desolate, ancient, or ritualistic setting."
Abstract_Expressionism/william-congdon_luna-7-subiaco-1967.jpg,"The artwork shows a large, dark, rounded hill or mound dominating the lower half of the image, with a pale, circular object in the upper right corner that appears to be a moon. The sky above is a flat, dark gray. The hill is rendered in thick, rough strokes of black and dark gray, with faint, lighter lines suggesting texture or erosion. At the very bottom right corner, there is a small patch of red. The moon is positioned in the upper right, slightly off-center, and appears to be glowing faintly. The hill fills most of the frame, with no figures or other objects visible. The surface of the hill has a rough, uneven texture, and the paint application is thick and visible. The overall impression is one of a stark, desolate landscape under a dim, solitary moon."
Romanticism/dante-gabriel-rossetti_the-virgin-mary-being-comforted-1852.jpg,"This artwork shows a group of four women in long, flowing robes and head coverings, gathered closely together in the center of the scene. One woman, positioned in the center, appears to be the focus of attention; her head is tilted slightly upward, and her hands are held by the two women on either side of her. The woman to the left is leaning forward, her hands clasped around the central figure’s arms, while the woman to the right is also holding the central figure’s arms, her body angled toward her. A fourth woman, on the far left, is bent over, her hands covering her face or head, suggesting distress or grief. Behind them, the background shows a stone interior with columns and carved reliefs, and faint figures in the distance appear to be observing or moving around. The scene is set on a stone floor, and the figures are rendered in a monochrome style, with shading and line work suggesting depth and texture. The drawing is signed and dated in the lower left corner, and another inscription is visible in the lower right. The overall impression is one of a tense, intimate gathering, with the central figure appearing to be supported or restrained by the others."
Symbolism/nicholas-roerich_armageddon-1940.jpg,"The artwork depicts a city or fortress engulfed in massive, roaring flames. The fire dominates the scene, rising from the lower portion of the image and spreading upward, consuming buildings and casting a bright, intense glow. The structures appear as dark, jagged silhouettes against the fiery backdrop, with some towers or walls visible at the top and right side, partially obscured by smoke and fire. The foreground is dark and shadowy, suggesting the ground or a crowd of people, though no individual figures are clearly distinguishable. The entire scene is bathed in a palette of red, orange, and deep crimson, with the fire’s light creating stark contrasts against the blackened ruins. The texture appears painterly, with visible brushstrokes suggesting the chaotic movement of flames and smoke. The composition is centered on the inferno, with the burning structures occupying the middle and upper portions, while the lower area remains in shadow."
Symbolism/nicholas-roerich_kangchenjunga-1937-1.jpg,"This artwork depicts a mountainous landscape with a body of water in between. On the right side, a large, dark, jagged mountain dominates the foreground, its surface textured with shades of purple and gray. To the left, a smaller, pointed mountain in a similar purple hue stands near the water’s edge. Across the water, in the distance, a range of snow-capped mountains rises against a pale, hazy sky. The water appears as a flat, light blue-green surface. The sky transitions from a soft teal at the top to a pale, almost white band near the horizon. The overall impression is one of quiet, vast, and somewhat surreal terrain, with no figures or movement visible. The colors are muted and blended, suggesting a painted surface with visible brushwork or texture, particularly on the mountains. The composition places the large mountain on the right, the smaller one on the left, and the distant peaks centered in the middle distance, creating a sense of depth."
High_Renaissance/michelangelo_study-for-christ-on-the-cross-with-mourners-1548.jpg,"This artwork shows a central figure crucified on a cross with arms outstretched, and two other figures standing below. The crucified figure is nude, with visible wounds and a crown of thorns, and is positioned in the center of the composition. To the left, a figure stands with its head tilted upward and body slightly turned, appearing to look at the crucified figure. To the right, another figure is bent forward, with hands covering its face, suggesting sorrow or grief. The entire scene is rendered in monochrome, using dark and light shading to create depth and form. The surface appears to be paper or canvas with visible texture, and the drawing is done with a dark medium, likely charcoal or pencil, with some areas of smudging and rough strokes. The background is plain and unadorned, with faint grid lines suggesting the artist may have used a guide. There is a small, illegible mark in the upper right corner."
Symbolism/alfred-kubin_black-mass-1905.jpg,"The artwork shows a group of figures standing in a tight, straight line, facing forward. They are all dressed in long, dark robes and hold tall, thin objects that appear to be spears or staffs. The figures are arranged in a single file, extending from the left side of the image toward the center and slightly to the right, forming a horizontal band across the middle of the composition. Their heads are turned slightly toward the viewer, and their posture is rigid and uniform, suggesting they are standing at attention or marching. The ground beneath them is flat and dark, blending into the surrounding area. The background is a dark, indistinct sky or void, with no clear horizon or landmarks. The entire scene is rendered in shades of gray and black, with no bright colors. The texture of the surface appears rough and grainy, consistent with a drawing medium like charcoal or pencil. The figures are sharply defined against the darker background, but their details are obscured by shadow, making it difficult to discern facial features or specific expressions. The artist’s signature is visible in the lower right corner."
Realism/vladimir-makovsky_i-will-not-1892.jpg,"This artwork shows a street scene with three people standing near a doorway. A woman in a dark coat and red dress stands on the left, her arms outstretched as if she is speaking or gesturing toward the man on the right. A small child in a dark jacket and light skirt stands beside her, looking up at the man. The man, on the right, is older, with gray hair and a beard, wearing a worn coat and a red scarf, and he is looking down at the woman and child. Behind them is a wooden door with glass panels and signs in a foreign language, mounted on a wall. To the right of the scene, a tall wooden fence runs along the edge of the street, and buildings are visible in the distant background. The lighting is soft and diffused, suggesting an overcast day. The colors are muted, with dark tones dominating the clothing and the door, contrasted by the red scarf and the woman’s dress. The textures appear rough and worn, especially on the clothing and the wooden door, suggesting age and hardship. The figures are positioned close together, creating a sense of interaction or confrontation. The artist’s signature and date are visible in the lower left corner."
Symbolism/james-tissot_jael-smote-sisera-and-slew-him-1902.jpg,"The artwork depicts a scene inside a tent, where one person is lying on a patterned rug, appearing to be asleep or unconscious, while another person is kneeling beside them, holding a hammer in one hand and a small object in the other. The person lying down has dark hair and is wrapped in a red garment with intricate patterns, with their head resting on a blue and white patterned pillow. The kneeling person is dressed in blue and white clothing with a head covering, and their posture suggests they are attending to the other person, possibly preparing to strike or having just struck something. The tent’s interior is visible, with wooden slats forming the walls and a narrow opening at the top that lets in some light. The floor is covered with a large, ornate rug featuring geometric and floral designs in orange, blue, and black. The overall impression is one of a tense or urgent moment within a confined space. The colors are rich and saturated, with strong contrasts between the red garment, the blue clothing, and the warm tones of the rug and tent walls. The textures suggest fabric, wood, and possibly metal for the hammer, though the surface is not highly detailed. The lighting is dim, with a small sliver of light entering from the top, casting shadows and highlighting the figures’ forms."
Symbolism/kuzma-petrov-vodkin_arrangement-1918.jpg,"The artwork shows a central figure, a person with a face looking directly forward, surrounded by abstract, chaotic shapes that suggest foliage or tangled branches. The figure’s face is detailed, with visible eyes, nose, and mouth, and appears to be wearing a dark garment with a collar. To the left, a second, less defined head or figure is partially visible, turned away. The background is filled with swirling, layered marks that resemble leaves or tree limbs, creating a dense, textured environment around the central figure. The entire piece is in grayscale, with strong contrasts between dark and light areas, giving it a rough, sketch-like texture. The central figure is positioned in the center of the composition, while the surrounding elements are spread out, creating a sense of enclosure or entanglement. The figure’s posture is upright and still, facing the viewer, while the second figure on the left is angled away, suggesting a different orientation or state of being. The artwork uses heavy, smudged strokes and sharp, defined lines to create a sense of depth and movement, though the overall effect is static and intense."
Romanticism/eduard-von-gebhardt_portrait-of-an-old-man-1913.jpg,"This artwork shows a close-up portrait of an elderly man with a long, thick beard and thinning, gray hair. His face is deeply wrinkled, with visible lines and shadows around his eyes and mouth. He is looking slightly to the left, with a calm, perhaps weary expression. The background is a solid, dark, indistinct area, possibly black or very dark blue, with no other objects or figures present. The man’s head and shoulders fill the center of the frame, with no significant space around him. The painting has a rough, textured surface, suggesting it was made with thick paint. The lighting is dim, with subtle highlights on the man’s forehead, nose, and beard, creating a sense of depth. The colors are muted, dominated by dark tones, with the beard and hair showing faint hints of gray and brown. In the upper right corner, there is a small, faded inscription that appears to read “C. 1915,” suggesting a date. The edges of the painting show signs of wear and age."
Baroque/adriaen-brouwer_the-smokers-or-the-peasants-of-moerdijk-1630.jpg,"This artwork shows three men in a dimly lit, cluttered room, likely a tavern or workshop. One man in a red shirt stands, blowing into a small horn or pipe, while another man in a blue jacket sits on a chair, leaning back with his head tilted up, appearing to be listening or reacting to the sound. A third man, wearing a green cap and dark coat, sits on a low stool to the left, holding a book or paper and looking toward the others. A small white cat sleeps in a bowl on the floor to the right. The room is filled with pots, jars, and other objects on shelves and tables, suggesting a place of work or casual gathering. The lighting is warm and focused, illuminating the central figures and the objects they interact with, while the background remains dark and indistinct. The textures suggest rough wood, fabric, and ceramic, with the figures’ clothing appearing worn and practical. The overall impression is one of casual, unstructured interaction in a modest, lived-in space."
Realism/constant-troyon_cows-in-a-landscape.jpg,"This artwork shows two cows standing on a dirt path in a rural setting. One cow, with a brown and white coat, is positioned on the right side of the image, facing away from the viewer, with its head turned slightly toward the left. The other cow, mostly white with some darker patches, is to the left of the first, also facing away, and appears to be standing still. Behind them, dense trees and foliage form a dark, shadowy background. To the far left, in the distance, a small figure can be seen near a structure that appears to be a hut or shed, with a faint plume of smoke rising from it. The ground in the foreground is grassy and uneven, with some patches of dirt. The sky above is partly cloudy, with a mix of blue and gray tones, and the lighting suggests daylight, though the area around the cows is dimly lit, creating a contrast with the brighter grass and sky. The brushwork is visible and textured, with thick, impasto strokes, especially in the foliage and the ground, giving the scene a tactile, physical quality. The colors are earthy and muted, dominated by browns, greens, and dark shadows, with the sky offering a small area of brighter blue and white."
Realism/john-lewis-krimmel_the-village-tavern.jpg,"This artwork depicts a lively, crowded scene inside a pub or tavern, filled with many people interacting around tables and a bar. In the center, a man in a hat and apron sits at a table, holding a glass, while a small child in a pink dress stands beside him. To his right, a man in a red shirt sits at the same table, holding a glass, and a dog lies on the floor nearby. Behind them, a man in a white coat gestures toward the bar, while another man in a dark coat stands nearby, holding a glass. To the left, a woman in a dark dress and white apron stands with her hand on the child’s shoulder, and several other men are seated or standing around the room, some holding glasses or talking. The bar is in the background, with shelves holding bottles and a large white bowl. The lighting is dim, with a warm glow coming from the center, illuminating the people and the bar area. The colors are mostly dark, with some brighter areas around the central figures. The textures suggest rough wood, fabric, and metal, and the overall impression is one of a busy, crowded, and somewhat chaotic social gathering."
Pop_Art/roy-lichtenstein_collage-for-reflections-on-hair-1989(1).jpg,"This artwork shows a stylized, abstract composition with bold, flat areas of color and pattern. On the left, there is a large, dark vertical shape that appears to be a thick, black or dark brown strip, running from top to bottom. To its right, there are multiple overlapping geometric shapes in white, red, and yellow, some with halftone dot patterns. On the far right, a large, curved yellow shape with black outlines dominates, resembling a stylized, abstracted form. Below this, a hand with black outlines and red dots is visible, positioned as if reaching or gesturing. The entire image is framed by a border of small, evenly spaced blue dots. The colors are bright and high-contrast, with no soft transitions. The textures are flat and graphic, with no visible brushstrokes or physical surface details. The shapes are arranged in a layered, overlapping fashion, with the dark vertical element on the left, the abstract forms in the center, and the yellow and hand elements on the right. The hand appears to be in motion, reaching toward or interacting with the central area. The composition is tightly packed, with no clear space for a horizon or background depth."
Ukiyo_e/utagawa-toyokuni_actor-bando-mitsugoro-iii-as-ko-no-moronao-1814.jpg,"This artwork depicts a single figure dressed in traditional Japanese warrior attire, seated in a formal, low position. The figure wears a dark, wide-sleeved robe with large white floral patterns and a purple undergarment visible at the chest. A black, high-crowned hat with a white band sits on their head. Their face is painted with red markings around the eyes and mouth, and they have a stern, focused expression. They hold a folding fan in one hand and a sword with a red-handled scabbard in the other, resting it on their lap. The figure’s posture is rigid and upright, with their body angled slightly to the left. To the left of the figure, there is a vertical block of Japanese text in a traditional calligraphic style, written in black ink on a light background. The background is plain and unadorned, with no other figures or objects. The colors are muted, dominated by browns, purples, and white, with the red of the sword handle and facial markings providing contrast. The texture of the paper appears aged and slightly uneven, with visible creases and discoloration. The overall impression is one of stillness and formality, with the figure appearing to be in a moment of quiet contemplation or readiness."
High_Renaissance/michelangelo_st-proculus-1494.jpg,"This is a statue of a young man standing upright, facing forward. He is dressed in short, loose-fitting clothing that ends above the knees, with a belt around his waist. A cloak or garment is draped over his left shoulder and hangs down his back. His right hand is gripping a small object, possibly a dagger or a tool, while his left hand is raised to his chest, holding the edge of the cloak. He stands on a small, rounded pedestal. Behind him is a decorative wall with repeating curved, overlapping patterns, and above his head, there is a carved architectural element with a face-like relief on the left side. The statue appears to be made of stone, with visible signs of wear and discoloration. The lighting is even, and the image is in sepia tones, suggesting it is an old photograph. The figure is centered in the frame, with the background elements framing him on both sides."
Symbolism/harry-clarke_tales-of-mystery-and-imagination-by-edgar-allan-poe-1923-15.jpg,"This artwork shows a tall, skeletal figure wrapped in thick, white ribbons or tape, standing in a dark, ornate room. The figure has a grotesque, mask-like face with hollow eyes and a wide, toothy grin, and is holding a grotesque, carved mask in its raised right hand. Its left hand is extended downward, and its feet are bare, with the ribbons trailing across the floor. To the left of the figure stands a tall, ornate grandfather clock with a white face and black hands, its pendulum hanging down. The clock’s base is also wrapped in ribbons that flow across the floor. Behind the figure, a group of people in dark, formal attire are gathered, looking up at the figure with expressions of fear or awe. The room has a tiled floor and heavy, patterned drapes or curtains in the background. The entire scene is rendered in black and white, with high contrast between the white ribbons and the dark background. The figure and the clock are positioned on the left and center of the image, while the crowd is behind the figure, to the right. The ribbons are the only bright elements, creating a stark visual contrast with the dark surroundings. The artwork is signed in the bottom left corner with the name “HARRY CLARKE.”"
Romanticism/jan-matejko_armenian-cathedral.jpg,"This artwork shows a detailed black-and-white drawing of a historic stone building with a prominent tower, surrounded by other structures and a tall column with a statue on top. The tower is central, with a rounded top and a cross at its peak, and has arched windows and a small doorway. To the left of the tower stands a tall, thick column with a statue of a figure on its top, mounted on a base with decorative carvings. The column is positioned in the foreground, near a set of stairs leading up to the building’s entrance. To the right, a portion of another building with a rounded wall and a circular window is visible. Behind the tower, other buildings with sloped roofs and chimneys can be seen, along with a tree. The drawing uses shading to suggest depth and texture, with the stone surfaces appearing rough and weathered. The overall scene is set in an urban environment, with the tower and column as the main focal points. The artist’s signature is visible in the bottom right corner."
Realism/henri-de-toulouse-lautrec_bust-of-a-nude-man.jpg,"The artwork shows a man standing with his back mostly to the viewer, turned slightly to his left. He is bare-chested, with dark hair and a mustache, and his head is tilted down and to the side, as if looking at something below or away. His right arm is bent and rests near his waist, while his left arm is not visible. The background is a flat, dark, textured surface with no distinct objects or figures. The man’s skin is rendered in light, warm tones, with visible brushstrokes and cracks in the paint, suggesting age. The lighting appears to come from the front-left, casting subtle shadows on the right side of his body and face. The overall texture of the painting is rough and uneven, with visible cracks across the surface, especially on the man’s back and shoulders. The colors are muted, dominated by browns, ochres, and pale flesh tones, with no bright or contrasting hues. The figure is centered in the composition, with the background filling the space around him."
Baroque/rembrandt_portrait-of-an-old-woman-1.jpg,"The artwork shows a seated woman wearing a dark, hooded garment with a light-colored scarf or collar around her neck. Her hands are clasped together in her lap. She is positioned in the center of the frame, facing forward, with her head slightly tilted. The background is a dark, uniform, and unadorned surface. The woman is seated in a chair, the curved armrest of which is visible on the left side of the image. The lighting is dim and focused on her face and hands, creating strong contrasts with the surrounding darkness. The colors are mostly dark browns and blacks, with a small area of light on her face and a faint red hint on her collar. The texture of the painting appears rough and impasto in places, especially around the hands and the edges of the clothing. The overall impression is one of quiet stillness and solemnity."
Romanticism/ivan-aivazovsky_flock-of-sheep-at-gale-1861.jpg,"The artwork depicts a large flock of sheep moving across a rugged, sloping terrain under a heavy, overcast sky. A single figure, likely a shepherd, stands on the right side of the scene, holding a long staff or stick, appearing to guide or manage the flock. The sheep are densely packed, mostly clustered toward the center and left, with some scattered across the lower portion of the image. A few birds are visible in flight, scattered across the sky, mostly near the center and upper left. The ground is uneven and appears dry and dusty, with some areas suggesting shallow water or mud near the bottom left. The sky is dominated by thick, dark clouds, with a faint, pale glow near the top right, suggesting either dawn or dusk. The overall color palette is muted, with earthy browns, grays, and dull yellows, and the textures suggest rough terrain and woolly sheep. The lighting is dim and diffused, with no strong shadows, reinforcing the gloomy atmosphere. The shepherd’s posture is upright and alert, facing the flock, while the sheep are in motion, some appearing to be moving toward the left, others scattered or clustered. The composition places the shepherd on the right, the flock mostly in the center and left, and the sky filling the upper portion of the image."
Art_Nouveau_Modern/ferdinand-hodler_wetterhorn.jpg,"The artwork depicts a rugged, snow-covered mountain range under a pale sky. The mountains are jagged and uneven, with snow clinging to their peaks and slopes, while exposed rock faces show dark brown and deep blue tones. The sky above is mostly light blue with soft yellow and white patches, suggesting a hazy or overcast day. The painting is signed in the lower right corner with the name “E. Holle” and a date, “1911.”

The mountains dominate the entire scene, stretching across the canvas from left to right. There are no figures or small objects visible. The foreground is filled with rocky terrain and snow, appearing rough and uneven. The middle ground is mostly covered in snow and rock, with no clear path or structure. The background is the sky, which is mostly empty except for the pale, hazy light.

The colors are bold and contrasting: deep blues, dark browns, and stark whites. The texture appears rough and impasto, with visible brushstrokes that give the surface a tactile, uneven quality. The painting is on a canvas, which is evident from the visible weave and the way the paint is applied. The overall impression is one of cold, harsh, and imposing natural terrain."
Baroque/jan-steen_winning-speaker.jpg,"This artwork shows a group of four men gathered around a wooden table in a dimly lit room. One man, in the center, is seated and holding a crumpled piece of paper, his head bowed and eyes closed as if he is reading or reacting to it. He wears a white cloth tied around his head with a leafy wreath, a blue shirt, and a brown vest. To his left, a man in a black top hat and dark coat leans forward, looking down at the paper with a smirk, a feather quill in his mouth. To the right, a man wearing a red cap with a feather and a brown coat laughs loudly, holding a glass of dark liquid. Behind them, a fourth man in a dark hat watches from the background, partially obscured. The table in the foreground holds a metal pipe and a small wooden object that appears to be a model ship. The lighting is focused on the central figure and the men around him, with the background fading into shadow. The colors are mostly dark browns and blacks, with the red cap and the white cloth standing out. The textures suggest oil paint, with visible brushwork and rough surfaces, especially in the shadows and on the clothing. The figures are rendered with detailed facial expressions and gestures, conveying a sense of interaction and tension."
Post_Impressionism/gustave-loiseau_by-the-eure-river-1911.jpg,"This artwork shows a landscape with a body of water in the foreground, surrounded by dense trees and foliage on both sides. The water reflects the trees and sky, though the reflection is broken and distorted by ripples. The trees are thick and dark, with some hints of yellow and orange in their leaves, suggesting autumn. The sky above is a pale, warm yellow with soft, swirling clouds. On the right side, the trees appear more sparse and lighter in tone, with some branches reaching upward. The overall scene is quiet and natural, with no people or animals visible. The paint is applied in thick, visible strokes, giving the image a textured, impressionistic feel. The colors are muted and earthy, with the water appearing dark and reflective, while the sky and distant foliage are lighter. The composition is balanced, with the water occupying the lower half and the trees and sky filling the upper half. There are no figures or movement depicted."
Color_Field_Painting/helen-frankenthaler_only-orange-1963.jpg,"This artwork shows a large, irregular orange shape positioned in the upper half of the canvas, with a wide, horizontal magenta band below it. The orange shape is not a defined figure but a smudged, dripping form with uneven edges and a noticeable white void inside. The magenta band is thick and appears to have been applied with a broad brush, with visible texture and uneven edges. Both shapes are set against a plain, off-white background that has a slightly textured surface. The orange shape is centered horizontally, while the magenta band is positioned near the bottom edge, slightly to the right. The colors are bold and saturated, with the orange and magenta contrasting sharply against the neutral background. The surface of the canvas appears to be painted with visible brushstrokes and drips, suggesting a physical, tactile application of paint."
High_Renaissance/michelangelo_ignudo-7.jpg,"This artwork shows a nude male figure reclining on a stone ledge, his body angled slightly to the left. He is seated with his left leg bent and his right leg extended, his right arm resting along his side while his left arm is bent and his hand is near his thigh. His head is turned toward the viewer’s left, with his gaze directed away from the center. He is partially draped in a heavy, richly colored fabric that is purple and orange-brown, which wraps around his lower body and drapes over the ledge. To his right, a large, rounded object with a similar purple and orange-brown fabric is visible, suggesting a cushion or part of a larger structure. Behind him, a portion of a wall or architectural element is visible, with a dark, textured surface and a hint of a draped figure’s arm or hand in the upper right corner. The lighting is soft and directional, coming from the left, casting subtle shadows that define the contours of his body and the folds of the fabric. The colors are warm, dominated by earth tones and deep purples, with the skin rendered in natural, realistic hues. The surface appears to be painted on a wall, with visible texture and brushwork suggesting a fresco technique. The figure’s pose and the surrounding elements suggest a static, contemplative moment within a larger architectural or decorative setting."
Rococo/william-hogarth_taste-in-high-life.jpg,"This artwork depicts a scene inside a room, showing several figures in elaborate, historical clothing. A woman in a long, flowing gown stands near the center-left, her hand resting on a small table where a man in a feathered hat is seated. Another woman, wearing a heavy, patterned dress and a tall, ornate hat, stands in the center, holding a piece of paper with writing on it. To her right, a man in a short, tight-fitting outfit with a large, decorative sash and a bow in his hair is leaning forward, gesturing with his hand toward the central woman. A small figure in a dark, ornate dress kneels on the floor in the foreground, facing the central woman. The room is filled with framed pictures on the walls, showing various figures, including dancers and theatrical scenes. A large curtain hangs on the left side of the image, and a small table with a book lies on the floor near the seated man. The artwork is rendered in black and white, with detailed lines suggesting fabric, texture, and depth. The figures are positioned in a way that creates a sense of movement and interaction, with the central woman appearing to be the focus of attention. The overall impression is one of a social gathering or performance, with the figures engaged in a moment of interaction or presentation. The text at the bottom of the image reads “TASTE IN HIGH LIFE.”"
Romanticism/gustave-dore_expulsion-of-ishmael-and-his-mother.jpg,"This artwork depicts a scene set in a dry, open landscape with a few tents in the distance. In the foreground, a woman stands holding a large, two-handled vessel above her head with one hand, while a small child stands beside her, reaching up toward her. To the left of the woman, an older man with a long beard and a staff stands with his arm extended, pointing toward the right. Behind him, another figure sits on the ground near a tent, holding a small child. The ground is uneven and appears dusty, with faint footprints visible. The sky is flat and light, suggesting a bright day. The image is rendered in grayscale, with detailed shading and texture that suggest fabric, skin, and the roughness of the terrain. The artist’s signature is visible in the bottom left corner."
Minimalism/yves-klein_untitled-pink-monochrome-1957-1.jpg,"This artwork shows a single, solid, rectangular surface of a bright, uniform pink color. There are no figures, objects, or patterns visible. The shape is straight-edged and stands alone, with no other elements surrounding it. The surface appears to have a slightly textured, fabric-like quality, with subtle variations in tone that suggest a woven or felt material. The edges are straight and even, and the color is consistent across the entire visible area. There is no light source or shadow visible, and no movement or action is depicted."
Northern_Renaissance/albrecht-durer_the-harrowing-of-hell-or-christ-in-limbo-from-the-large-passion-1510.jpg,"This artwork depicts a chaotic, dark scene inside a stone structure with an arched opening. In the center, a muscular man with curly hair and a beard kneels, holding a large, jagged object that appears to be a broken or shattered tool or weapon. To his left, a tall, bearded man with a long beard stands holding a long wooden pole or staff. Around them, several other figures are present: some are nude, some are partially clothed, and one child-like figure stands near the central man. To the right, a grotesque, horned creature with sharp teeth and a menacing expression stands on a stone platform, holding a spear-like object. Above, a large, winged dragon-like creature with multiple limbs and claws is shown in mid-air, its wings spread wide, seemingly attacking or hovering over the scene. The ground is littered with broken objects, including what appear to be books, tools, and shattered stone. The entire scene is rendered in black and white, with detailed cross-hatching and shading that creates a sense of depth and texture. The lighting is dramatic, with a bright, almost glowing area around the central figure, contrasting with the dark, shadowy areas surrounding them. The architecture suggests a ruined or subterranean space, with stone walls and arches. The figures are positioned in a way that suggests movement and tension, with some looking toward the central figure, others away, and the creature on the right appearing to be in an aggressive stance. The overall impression is one of struggle, destruction, and chaos."
Baroque/peter-paul-rubens_death-of-adonis.jpg,"This artwork shows two human figures in a dynamic, intertwined pose. One figure is on top, leaning forward with their head down and arms wrapped around the other figure, who is lying beneath them. The top figure’s body is bent and muscular, with flowing, wavy lines suggesting hair or fabric. The bottom figure is partially obscured, with limbs extended and a head turned away, appearing to be in a state of submission or struggle. The figures are rendered with sketchy, energetic lines and shading that emphasize their forms and movement. The background is minimal and indistinct, with rough, smudged marks suggesting a rocky or uneven surface. The entire image is in monochrome, using dark and light tones to create contrast and depth, with visible texture from the medium, likely charcoal or pencil on paper. The composition is centered, with the figures occupying most of the frame, and their interaction dominates the visual space."
Realism/vasily-vereshchagin_letter-remained-unfinished-1901.jpg,"This artwork shows a nurse standing beside a hospital bed, attending to a patient lying in the bed. The nurse is dressed in a long, light-colored uniform with a cap and a red cross patch on her sleeve, and she is facing the patient with her hands clasped in front of her. The patient is lying on their back, covered with white sheets, and appears to be unconscious or asleep. The bed has a metal frame and a canopy above it. To the right of the bed, there is a wooden chair. The room has plain walls with a blue stripe near the bottom, and a window or doorway is visible on the far left. The floor is dark, and the overall lighting is dim, with a soft, even illumination on the figures and bed. The painting is framed in an oval shape. The nurse’s posture suggests attentiveness, and the patient is motionless. The colors are muted, with whites, grays, and blues dominating, and the textures appear soft and painterly."
Realism/gustave-courbet_still-life-with-apples-and-pomegranates-1871.jpg,"This artwork shows a still life of several fruits resting on a flat, light-colored surface against a dark background. The central focus is a pomegranate that has been cut open, revealing its red, seed-filled interior. Surrounding it are other fruits: a whole pomegranate to the right, a yellowish fruit to the left, and a large, brownish, possibly overripe fruit behind the cut pomegranate. The objects are arranged in a loose cluster, with the cut pomegranate positioned slightly forward and to the center-right. The lighting comes from the upper left, casting shadows to the right and behind the objects, which helps define their forms. The colors are muted and earthy, with the red of the pomegranate seeds standing out against the dark background and the pale surface. The surface the fruits rest on appears to be a cloth or paper, with visible texture and folds. The artist’s signature, “J. G. Cauhr,” is written in red in the lower-left corner."
Early_Renaissance/andrea-del-castagno_equestrian-monument-to-niccolo-da-tolentino-1456.jpg,"This artwork shows a large, central figure of a man riding a horse, mounted on a stone pedestal. The rider is dressed in armor and a wide-brimmed hat, holding a sword in one hand and a shield in the other. The horse is depicted in mid-stride, with its front legs lifted, and is adorned with a saddle and bridle. The entire scene is framed by an ornate border with repeating decorative patterns and circular motifs. Below the horse and rider, the pedestal has a carved inscription panel with Latin text, flanked on either side by two small, standing figures in armor holding shields. The background is a dark, textured surface, contrasting with the lighter tones of the rider, horse, and pedestal. The lighting appears to come from the front, highlighting the figures and the details of the armor and horse. The colors are muted, with the rider and horse in light, off-white tones, and the background in deep, dark blue or black. The textures suggest stone and metal, with the border showing intricate carvings. The overall composition is symmetrical, with the central figure dominating the space."
Realism/james-tissot_caricature-of-george-william-pierrepont-bentinck-m-p.jpg,"This artwork shows a full-length portrait of an elderly man sitting on a cushioned chair. He is dressed in dark formal attire, including a long coat, trousers, and shoes, with a white high-collared shirt visible at the neck and cuffs. His left hand rests on his thigh, while his right hand is placed on the arm of the chair. His head is turned slightly to his left, and his gaze is directed forward, toward the viewer. The chair has a green upholstered back and armrests, and the floor beneath it is a plain, light-colored surface. The background is a flat, light gray, with no other objects or figures visible. The man’s posture is relaxed but upright, and his legs are crossed at the ankles. The image is rendered in a style that suggests it is a printed illustration, with visible lines and shading indicating form and texture. The colors are muted, with the man’s clothing appearing dark gray or black, the chair’s upholstery in a dull green, and the background in a pale, neutral tone. The lighting is even, with no strong shadows, and the overall impression is that of a formal, seated portrait. The image is framed by a thin border, and text at the top and bottom provides context: “VANITY FAIR. Aug. 5th, 1871.” and “STATESMEN, No. 90. ‘Big Ben.’” The number “No. 448” is also visible in the bottom left corner."
Baroque/cornelis-norbertus-gysbrechts_trompe-l-oeil-with-studio-wall-and-vanitas-still-life-1668.jpg,"This artwork shows a still life scene set against a wooden wall, with a central framed painting that is partially torn at the top right corner. Inside the frame, a human skull rests on a pile of straw, surrounded by a brass candlestick, a dark glass mug, and scattered papers. To the left of the frame, three small oval portraits hang on the wall, each showing a man in formal attire. Below the frame, on a wooden shelf, lies a long red paintbrush with a hanging glass bottle, a palette with dried paint, a bundle of brushes tied with a white cloth, and another small glass bottle hanging from the shelf. The wall is made of light-colored wood with visible knots and grain. The lighting is dim, with shadows cast across the scene, and the colors are muted, dominated by browns, grays, and dark tones, with the red of the paintbrush being the most vivid element. The objects are arranged in a cluttered, realistic manner, suggesting a painter’s workspace."
Pop_Art/peter-max_discovery-1992.jpg,"This artwork depicts a stylized, colorful scene with a large, curved blue shape resembling a planet or globe dominating the center and right side. On the left, a radiant sunburst with red, orange, and yellow rays spreads across the top and left edge, surrounded by white stars on a blue background. Several small, cartoonish ships with white sails and dark hulls are shown sailing on the surface of the blue globe, moving from left to right. The right side of the image features a large, dark blue silhouette of a human head in profile, facing left, with a yellow patch on its forehead and colorful, swirling patterns of red, yellow, and green around its face and neck. The entire scene is filled with bright, saturated colors, including red, yellow, blue, green, and orange, with many small, scattered dots and shapes that resemble stars or abstract patterns. The ships appear to be moving across the globe’s surface, and the sunburst is positioned to the left, behind the globe’s curve. The head silhouette occupies the right portion of the image, partially overlapping the globe. The artwork has a flat, graphic quality with bold outlines and no visible texture or depth, suggesting it is a painted or printed illustration."
Post_Impressionism/maxime-maufra_evening-at-the-sea-1909.jpg,"This artwork shows a wide, open sea under a soft, hazy sky, with a few small boats scattered across the water and dark, rocky shapes along the shoreline. The foreground is a mix of wet sand and dark rocks, with gentle waves lapping at the shore. In the middle distance, several small sailboats are visible, their sails dark and indistinct, drifting slowly. The horizon is a faint, dark line where the sea meets the sky, and the sky above is painted with soft, blended colors of pale pink, orange, and gray, suggesting either dawn or dusk. The surface of the water is rendered in broad strokes of green, yellow, and pale blue, with no clear definition of waves or ripples, giving it a smooth, misty appearance. The painting has a textured surface, with visible brushstrokes that are loose and impressionistic, especially in the sky and water. The artist’s signature and the year “1872” are visible in the lower left corner."
Romanticism/thomas-cole_the-voyage-of-life-manhood-1.jpg,"This artwork shows a dramatic, rugged landscape at either sunrise or sunset. A powerful river rushes through a deep, narrow gorge between steep, dark rock walls. On the right side, a large, twisted tree with sparse, reddish-brown leaves grows from the cliffside, its branches reaching out over the water. The sky above is dark and heavy with clouds, but a band of warm orange and yellow light glows along the horizon, casting a soft glow on the distant water and the tree’s upper branches. The rocks are rough and jagged, and the water is turbulent, with white foam visible where it crashes against the rocks. The overall impression is one of wild, untamed nature. The tree is positioned on the right, dominating the foreground, while the river and cliffs stretch into the center and left, leading the eye toward the distant, hazy horizon. The light is directional, coming from the horizon, illuminating the tree’s upper parts and the water’s surface, while the rest of the scene remains in shadow. The colors are mostly dark and earthy, with the warm glow of the sky providing a stark contrast. The textures suggest rough stone, turbulent water, and gnarled bark."
Baroque/caravaggio_salome-with-the-head-of-john-the-baptist(1).jpg,"This artwork shows four figures gathered around a central object: a head in a shallow dish, held by a woman on the left. A man on the right reaches toward the head with his right hand, gripping a tool or instrument in his left. Behind the head, a woman with a white head covering leans forward, her hand near the head. The woman on the left holds the dish with both hands, her body angled slightly toward the viewer. The man on the right is shirtless, with a dark garment draped over his left shoulder, and his face is turned toward the viewer with a serious expression. The background is dark and indistinct, with no clear architectural or environmental details. The lighting is dramatic, focused on the figures’ faces and the head in the dish, with deep shadows surrounding them. The colors are mostly dark, with muted browns, blacks, and whites, and the textures suggest fabric, skin, and metal or ceramic for the dish. The figures’ clothing appears to be simple, unadorned garments. The composition is tightly packed, with the central head and the hands reaching toward it forming the focal point."
Realism/isaac-levitan_by-the-seashore-1886.jpg,"This artwork shows a rocky shoreline with the sea stretching to the horizon. A large, dark, jagged rock dominates the center-left, partially submerged in shallow water. Smaller rocks and pebbles cover the beach in the foreground, with some wet and others dry. The water is calm, with gentle ripples, and a few small birds are visible in the distance. The sky is a flat, pale, off-white color, suggesting overcast or hazy conditions. The artist’s signature is visible in the bottom left corner. The scene is rendered with muted earth tones—browns, grays, and dull blues—with shadows and highlights suggesting a diffuse light source. The texture of the rocks and pebbles is rough and uneven, and the water’s surface is depicted with fine, broken strokes to imply movement. The overall impression is quiet and still, with no people or animals in motion."
Realism/james-tissot_caricature-of-henry-william-eaton-m-p.jpg,"This is a printed caricature from a publication called Vanity Fair, dated October 14, 1871. It shows a man sitting on a cushioned sofa, dressed in formal attire including a tall black top hat, a black suit, and a white shirt with a dark cravat. He has a white flower pinned to his left lapel. His hands are clasped together in his lap, and his legs are crossed at the ankles. He is looking directly at the viewer with a neutral or slightly smug expression. The sofa is upholstered and has a decorative pattern on its backrest. The background is plain and light-colored, with two small rectangular labels visible on the sofa’s backrest, one on the left and one on the right. The image is printed in black and white, with some areas showing faint gray shading to suggest depth and texture. At the top, the title “VANITY FAIR” and the date are printed. At the bottom, the text reads “STATESMEN No. 95.” and “‘BIL.’” The man is centered in the composition, and the sofa occupies the lower half of the image. The overall impression is that of a formal, seated portrait with a satirical or editorial tone."
Post_Impressionism/andre-derain_still-life-on-the-table-1904.jpg,"This artwork shows a still life scene with a table covered in a draped cloth, surrounded by various kitchen and dining items. The cloth, in shades of yellow and blue, hangs in heavy folds across the center and left side of the composition. On the table, there are several objects: a bowl with fruit, a small plate with two round red items, a dark bottle, a ceramic pitcher, a lidded pot, a glass bowl holding green fruit, and a large white plate in the background. To the right, there is a dark, rounded object that appears to be a pot or container, and a small blue and yellow ceramic vessel. The background is dark and indistinct, with a reddish-brown tone. The objects are arranged in a cluttered, dense manner, with no clear central focus, and the cloth drapes over and around them, obscuring parts of the items. The painting uses thick, visible brushstrokes, with colors that are bold and contrasting, including deep reds, dark browns, and bright yellows and blues. The lighting appears to come from the left, casting shadows and highlighting the folds of the cloth and the surfaces of the objects. The texture of the canvas and paint is visible, suggesting a rough, tactile surface. The artist’s signature is visible in the lower right corner."
Baroque/jan-steen_arrival-of-a-visitor.jpg,"The artwork shows a woman reclining on a chair in a dimly lit room, holding a small red object in her raised hand. She is dressed in a long, shiny green gown with a white collar and appears to be resting or sleeping. To her left, a small dog lies on the floor near the chair. Behind her, a large, ornate-framed painting hangs on the wall. To the right, two figures in dark clothing stand near a doorway, facing each other. The room has a high ceiling with a hanging object, possibly a lantern or decorative item, suspended from above. The floor is wooden, and the overall lighting is subdued, with a warm glow coming from the right side of the scene. The woman’s gown has a reflective, satin-like texture, and the chair has a dark, carved frame with a red cushion. The figures in the background are mostly in shadow, making their details unclear. The room’s walls are dark, and the doorway is partially visible, suggesting an entrance or exit. The overall atmosphere is quiet and intimate, with a focus on the woman’s relaxed posture and the stillness of the room."
Romanticism/gustave-dore_don-quixote-99.jpg,"This artwork depicts Don Quixote, a man in a tattered, ornate costume, standing in a dimly lit room filled with marionettes. Above him, several large, muscular hands hang from the ceiling, each holding strings that control the marionettes below. The marionettes are dressed in elaborate, theatrical costumes, some in armor, others in flowing dresses, and many are in dynamic, dramatic poses. Some are standing, some are falling, and one is lying on the floor. The room appears cluttered, with wooden structures and other objects in the background, suggesting a workshop or stage. The hands are positioned above the marionettes, controlling them from above. The scene is rendered in black and white, with strong contrasts between light and shadow, and the lines are detailed and textured, giving a sense of depth and movement. The artist’s signature is visible in the lower left corner. The caption below the image reads: “Don Quixote is fascinated by Master Pedro’s marionettes (III, 26).”"
Northern_Renaissance/albrecht-durer_triumphal-arch-1526.jpg,"This artwork depicts a large, ornate, and highly detailed architectural structure, likely a tomb or memorial, viewed from the front. It is symmetrical and rises vertically, with a central tower-like section flanked by two matching wings. The entire structure is covered in intricate carvings, including numerous small figures, scenes, and decorative motifs. At the very top, there is a domed roof with statues or figures on its surface. The central part of the structure has a doorway, and below it, the floor is divided into sections with inscriptions or plaques. The structure is supported by pillars on either side, and the entire thing is set on a raised platform. The artwork is rendered in black and white, with fine lines and shading to show depth and texture. There is no visible light source or color, as it is a monochrome drawing. The figures are mostly static, arranged in rows or groups, and appear to be in various poses, some standing, some seated, or in scenes of action, but no specific movement is depicted. The material appears to be stone or wood, suggested by the carving style and the way the lines are drawn. The overall impression is one of grandeur, complexity, and solemnity."
Romanticism/eugene-delacroix_the-rape-of-sabine-women(1).jpg,"This artwork depicts a chaotic, violent battle scene set in an ancient, ruined environment. In the center, a figure on horseback is engaged in a fierce struggle with another figure, both in dynamic, twisting poses. Around them, other figures are scattered across the ground, some on horseback, others fallen or in motion, suggesting a melee of combat. To the left, a rider in red armor appears to be charging or falling. In the background, atop a stone platform, several figures stand, some in red robes, watching the scene unfold. Behind them, large stone columns and the silhouette of a ruined building are visible under a dark, cloudy sky. The foreground is littered with debris, fallen bodies, and broken objects. The painting uses dark, earthy tones with patches of red and white to highlight the figures and action. The brushwork is rough and textured, conveying movement and the intensity of the moment. The lighting is dim and dramatic, with shadows dominating the scene, suggesting a tense, possibly nighttime or overcast setting."
Post_Impressionism/anita-malfatti_as-duas-igrejas-itanha-m-1940.jpg,"This artwork shows a rural landscape under a bright, hazy sky. In the foreground, a person walks away from the viewer across a grassy field, carrying a bundle of long, dark sticks or branches balanced on their shoulder. To the left, a small church with a bell tower stands on a hillside. On the right, a larger, light-colored building, possibly a house or estate, sits atop a steep, tree-covered hill. The ground is covered in green and yellow grass, and the sky is mostly yellow with patches of blue and white clouds. The painting has visible brushstrokes, and the colors are warm and somewhat faded, suggesting an older medium like oil or watercolor on canvas. The person is walking toward the center-right of the image, moving away from the viewer, and their posture is upright and purposeful. The buildings are positioned in the midground and background, with the church on the left and the larger structure on the right, separated by the hill. The overall impression is one of quiet, open countryside with human activity."
Post_Impressionism/raoul-dufy_the-beach-and-pier-at-trouville-1905.jpg,"This artwork shows a crowded seaside scene with a wooden pier extending into the ocean. Many people are gathered on the pier and on the beach below it. Some individuals on the pier are standing near the railing, looking out toward the water. On the beach, people are clustered together, many holding large, striped umbrellas, and some are seated or standing in groups. The ocean stretches across the middle of the image, with a small boat visible far in the distance. The sky above is light blue with faint clouds. The painting uses bright, bold colors, with the blue of the sea and sky contrasting with the white and red of the umbrellas and the varied tones of the clothing. The brushwork is visible and textured, with thick, applied strokes that give the scene a lively, energetic feel. The foreground is dominated by the beach and the large umbrellas, while the pier and the ocean form the central and background elements. The figures are mostly indistinct, with their forms simplified and their details obscured by the style of the painting."
Abstract_Expressionism/sam-francis_sulfur-sails-1969.jpg,"This artwork shows a large, mostly empty white space framed by colorful paint splatters and drips along the edges. The splatters are concentrated around the perimeter, with some appearing near the corners and along the sides, and they vary in size and intensity. The paint colors include red, blue, green, yellow, and purple, with some areas blending or overlapping. The center of the image is a plain white area with no objects or figures. The paint splatters appear to be applied in a rough, spontaneous manner, with some dots and streaks visible. The texture suggests wet paint, with some areas appearing more saturated or layered than others. The overall impression is one of a canvas with a central blank space surrounded by chaotic, vibrant marks."
Early_Renaissance/paolo-uccello_roundel-with-head.jpg,"This artwork shows a portrait of a person’s head and shoulders, viewed from the side, set within a circular frame. The person’s hair is styled in tight, curly locks, with some strands appearing lighter in color, and is pulled back from the face. The person is wearing a garment with a visible collar, painted in a reddish-orange hue, though the paint is worn and flaking in places. The circular frame is painted with a white border, and the background inside the circle is dark, possibly black or very dark brown. The outer edges of the frame show signs of aging, with patches of red and green paint visible, and the surface is cracked and weathered. The person’s face is turned toward the right, with the gaze directed slightly downward. The lighting appears to come from the left, casting subtle shadows on the right side of the face and neck. The texture of the painting surface is rough and uneven, with visible cracks and areas where paint has peeled away."
Art_Nouveau_Modern/heorhiy-narbut_cover-for-the-book-the-russian-red-cross-1867-1917-1917.jpg,"This artwork is a poster with a central red cross on a light background, surrounded by black and red decorative elements. At the top, the text reads “РОССИЙСКИЙ КРАСНЫЙ КРЕСТЬ” in large red and black letters. Below the cross, the years “1867–1917” are printed in black. Underneath the years, there is a small black horizontal line, followed by the word “СНГ” in small black letters. The poster is framed by a black border with red inner lines. On the left and right sides, there are tall black vertical shapes with red wavy bands and black decorative tops. At the top corners and bottom corners, there are black stylized bird-like figures with outstretched wings. The bottom left corner has small text that appears to read “Портрет Харриса,” and the bottom right corner has the date “1917 г.” The overall design is symmetrical, with the cross centered and the decorative elements flanking it. The colors are primarily red, black, and white, with no visible texture or material detail. The poster appears to be printed on paper or a similar flat surface."
Color_Field_Painting/paul-reed_upstart-18f-1965.jpg,"This artwork shows a series of overlapping rectangular shapes arranged in a layered, inward-facing pattern. The shapes are not solid or complete; they are broken and irregular, with rough, uneven edges that suggest they were applied with a brush or sponge. The composition is centered, with the shapes receding into the center, creating a sense of depth. The outermost layer is a wide, uneven band of teal blue on the left and a narrow, uneven band of red on the right. Inside this, there are multiple layers of dark brown and black rectangles, with a central area that contains a bright red-orange rectangle, which is partially obscured by darker shapes. The colors are flat and saturated, with no visible gradients or highlights. The texture of the surface appears rough and uneven, with visible brushstrokes and edges that are not clean or sharp. The overall effect is one of layered, geometric abstraction with a strong contrast between the bright central area and the dark surrounding shapes."
Realism/mihaly-munkacsy_paris-interior-1877.jpg,"This artwork shows a woman seated at a table in a richly furnished room, reading a book. She is dressed in a long, white, frilly dress with a dark bodice, and her hair is up. The room is filled with heavy, dark drapes, ornate furniture, and a large, faded mural on the wall behind her. To her left, there is a chair with a blanket draped over it, and a small table with a plant and a golden vase. To her right, a doorway is partially covered by red curtains, leading to another room with light coming through. On the floor in front of her, there is a rug with a red border, and a small doll lies on the floor near the rug. The lighting is dim, with a few small lamps casting a soft glow. The colors are mostly dark, with the white of the woman’s dress and the red of the rug and curtains standing out. The textures suggest fabric, wood, and paint, with the surfaces appearing worn and aged. The woman is seated upright, holding the book open, and appears focused on reading. The room is cluttered with objects, including a small table with a plant, a chair with a blanket, and a doll on the floor. The overall impression is one of quiet, domestic life in a luxurious, somewhat cluttered interior."
Pop_Art/hiro-yamagata_not-detected-272396.jpg,"This artwork depicts a bustling, colorful festival scene set in a picturesque, stylized landscape. In the foreground, a large crowd of people gathers around a central area with a red-and-yellow striped tent, a white ambulance with a green cross, and a large, ornate archway marked with the words “GRAND MARATHON.” People are scattered throughout the scene, some sitting, some standing, some walking, and a few appear to be riding in small vehicles or on horseback. To the left, a large, elaborate building with many spires and red-and-white striped roofs dominates the view, surrounded by trees and smaller structures. In the midground, a town with colorful houses and winding roads stretches across the hills, with more people and activity visible. In the background, a range of snow-capped mountains rises behind the town, and a distant castle-like structure sits atop a hill. Above the scene, two large hot air balloons—one red and white, the other blue and white—float in the sky, with a banner between them that reads “GRAND MARATHON.” The sky is blue with a few clouds, and the overall lighting is bright and even, suggesting a sunny day. The colors are vivid and saturated, with strong contrasts between the reds, blues, and yellows, and the textures appear flat and stylized, typical of a printed illustration. The composition is dense and layered, with the foreground activity drawing attention, while the background elements provide context and scale."
Mannerism_Late_Renaissance/titian_tarquin-and-lucretia-1576.jpg,"This artwork depicts a dramatic scene with two figures in a dark, shadowy setting. One figure, a man with dark hair and a beard, is standing and leaning forward, his left hand gripping the arm of the other figure. He wears a dark tunic with a white collar and a red garment draped over his lower body, and he holds a curved blade in his right hand. The second figure, a woman, is lying on her back on a pile of white, soft-looking fabric or pillows. She is nude except for a thin white cloth around her waist and a string of pearls around her neck. Her right arm is raised high, her hand open, and her left hand is pressed against the man’s chest. Her head is turned to the side, and her expression appears passive or resigned. The background is completely dark, with no discernible objects or details. The lighting is focused on the two figures, highlighting their bodies and the textures of their clothing and the fabric beneath the woman. The colors are mostly dark, with the red of the man’s garment and the white of the woman’s cloth and pillows standing out against the black background. The textures suggest fabric, skin, and the softness of the pillows. The overall composition is tense and intimate, with the figures positioned close together, suggesting a moment of physical or emotional confrontation or restraint."
Post_Impressionism/vincent-van-gogh_portrait-of-armand-roulin-1888.jpg,"The artwork shows a portrait of a man in profile, looking toward the left side of the image. He is wearing a black hat with a wide brim and a dark coat over a light-colored shirt with a loosely tied blue scarf or cravat. The background is a flat, textured green surface. The man’s face is turned slightly away from the viewer, with his gaze directed off to the left. His expression is neutral, and his lips are closed. The lighting appears to come from the front-left, casting subtle shadows on the right side of his face and neck. The brushwork is visible, with thick, textured strokes, especially on the coat and background. The colors are bold and contrasting, with the black of the hat and coat standing out against the green background and the pale tones of the shirt and skin. The image is a close-up, focusing on the upper body and head, with no other figures or objects present."
Post_Impressionism/periklis-vyzantios_boats-hydra.jpg,"This artwork depicts a busy harbor scene with several boats and figures. In the foreground, a wooden boat with a dark hull and visible rigging dominates the lower right, its oar or pole extending diagonally across the frame. Behind it, another boat is partially visible, with a figure standing on its deck, facing away and appearing to be working or adjusting something. To the left, a third figure stands near a boat, also engaged in activity, possibly handling ropes or equipment. The background is filled with more boats, masts, and indistinct structures, suggesting a crowded dock or port area. The scene is rendered with thick, visible brushstrokes and a palette of earthy tones—browns, oranges, and muted blues—with some areas of white and gray. The painting has a textured surface, with paint applied in broad, gestural strokes, giving it a rough, tactile quality. The overall impression is one of movement and labor, with figures actively involved in their tasks within a complex, cluttered environment."
Rococo/jean-baptiste-simeon-chardin_rabbit-and-copper-pot.jpg,"This artwork shows a still life scene with a dead rabbit hanging upside down by its hind legs from a thin rope tied to a wooden stick, positioned near the center of the composition. To the left of the rabbit is a large, reddish-brown copper pot with a lid, a black handle, and a metal latch. On the right side, near the bottom, are two small, pale, round vegetables with stems, possibly turnips or small pumpkins. Two small, dark, round objects, likely nuts or seeds, lie on the floor in the lower left corner. The background is a plain, textured wall with faint cracks and a dull, earthy tone. The lighting comes from the upper left, casting shadows to the right and below the objects, emphasizing their forms and textures. The rabbit’s fur appears coarse and matted, the pot has a dull metallic sheen, and the vegetables have a slightly waxy surface. The floor is a flat, light-colored surface with some scattered dark stains near the rabbit’s feet. The artist’s initials, “C.C.,” are visible in the upper right corner."
Romanticism/caspar-david-friedrich_the-abbey-in-the-oakwood.jpg,"The artwork shows a desolate, foggy landscape dominated by the ruins of a stone building with a tall, arched window, surrounded by many bare, twisted trees. In the foreground, a group of small, dark figures walks along a path near the ruins, and a single cross stands on the right side of the path. The sky is a pale, hazy gray with a faint crescent moon visible in the upper right corner. The scene is enveloped in a thick, misty atmosphere that obscures distant details. The light is dim and diffused, with a soft glow on the right side of the sky, suggesting either dawn or dusk. The ground appears to be covered in snow or frost, and the overall color palette is muted, consisting mostly of grays, browns, and dull yellows. The texture of the painting suggests a rough, grainy surface, with visible brushstrokes and a sense of depth created by the fog. The figures are small and indistinct, appearing to move slowly and deliberately toward the ruins. The trees are tall and skeletal, their branches reaching upward and outward, framing the central ruin. The ruin itself is dark and weathered, with its structure partially obscured by the trees and mist. The path is uneven and winding, leading from the bottom center toward the ruins. The cross in the foreground is small and isolated, standing alone on the right side of the path. The overall impression is one of quiet, somber isolation."
Symbolism/harry-clarke_tales-of-mystery-and-imagination-by-edgar-allan-poe-1923-11.jpg,"The artwork shows a tall, slender figure standing in a dark space, with one arm extended upward and the other out to the side. The figure is wrapped in long, flowing strips of material that drape from their body and hang down, some of which appear to be dripping or falling. The figure’s head is covered with a textured, rounded cap, and their face is partially obscured, with visible features suggesting a skeletal or gaunt appearance. Their hands are open and extended, with fingers spread, as if reaching or gesturing. The figure is positioned near a vertical strip of light that runs along the left side of the image, creating a stark contrast with the surrounding darkness. The figure’s body is mostly obscured by the flowing material, which covers their torso and limbs, and the material appears to be made of thin, linear lines that suggest texture and movement. The background is entirely dark, with no other objects or figures visible. The artwork is rendered in black and white, with the figure and the light strip appearing in a lighter tone against a dark background. The artist’s signature, “HARRY CLARK,” is visible in the bottom left corner."
Art_Nouveau_Modern/zinaida-serebriakova_portrait-of-a-a-cherkesovoy-benoit-and-his-son-alexander-1922.jpg,"The artwork shows a woman sitting and holding a small child who is asleep. The woman is looking directly at the viewer with a calm expression. Her dark hair is styled in a bun, and she is wearing a light-colored shirt with a reddish-brown collar and sleeves. The child, with light brown hair, is resting against her chest, wrapped in a striped garment, and appears to be sleeping peacefully. The woman’s hands are gently placed on the child’s body, one on the child’s back and the other near the child’s shoulder.

The woman and child are positioned in the center of the composition, with the woman’s body slightly angled toward the viewer. Behind them, to the left, there is a table with a white ceramic pitcher and bowl, and a small orange object next to them. The background is a deep red wall with two framed pictures hanging on it. The wall and the table are positioned behind the figures, creating a sense of depth. The table is to the left of the woman, and the framed pictures are on the right side of the wall, above the table.

The painting uses soft, warm lighting that illuminates the woman’s face and the child’s head. The colors are mostly muted, with the red wall contrasting against the pale tones of the clothing and the woman’s skin. The texture of the paint is visible, with thick, impasto strokes, especially around the woman’s face and hands, giving the image a tactile quality. The surfaces of the ceramic objects and the fabric appear rough and uneven, suggesting they are made of real materials. The overall impression is one of quiet intimacy and stillness."
Symbolism/konstantin-bogaevsky_feodosia-1926.jpg,"This artwork shows a town built into a steep, rocky hillside under a heavy, dark sky. The town is made of many small, closely packed buildings with flat or low-pitched roofs, mostly in muted earth tones. A larger, more fortified structure stands on the highest point of the hill, and a smaller building is visible on a lower slope to the right. In the foreground, there are bare trees and a stone bridge or archway, suggesting a path or crossing. The sky is filled with thick, swirling clouds in shades of gray and dark blue, with a faint hint of light breaking through in the upper left. The overall impression is one of a rugged, isolated settlement under an oppressive atmosphere. The colors are mostly dark and desaturated, with some areas of lighter gray and brown suggesting light or shadow. The textures appear rough and uneven, consistent with a rocky, mountainous terrain. There are no visible people or moving figures."
Symbolism/odilon-redon_melancholy-1876.jpg,"The artwork shows a solitary figure sitting on a rocky outcrop, facing away from the viewer, with their head bowed and arms wrapped around their knees. Behind the figure is a large, glowing, circular shape that emits radiating light, resembling a sun or a halo. The figure is positioned on the left side of the composition, with the glowing circle centered behind them. To the right, there are dark, jagged rocks that form a steep, shadowy slope. In the foreground, there are rough, uneven rocks with visible texture. The entire scene is dominated by warm, earthy tones—browns, ochres, and golds—with the glowing circle providing a bright, almost blinding contrast. The light from the circle illuminates the figure’s back and the rocks around them, while the rest of the scene remains in deep shadow. The surface of the painting has a textured, brushy quality, with visible strokes and a rough, uneven finish. The figure’s form is dark and indistinct, blending into the shadows, with only the outline of their posture and the glow behind them clearly defined."
Realism/david-burliuk_an-actor-1938.jpg,"This artwork is a portrait of a man shown in profile, facing toward the left. The man has short, dark hair, a defined jawline, and a serious expression. He is wearing a dark suit jacket and a light-colored shirt with a dark tie. The drawing is done on textured, aged paper that appears yellowed and slightly worn. The artist’s signature, “Budlik,” and the year “1938” are written in the lower right corner. In the lower left corner, the words “acteur” and “act” are written in red ink. The drawing uses dark, rough lines for the hair, clothing, and facial contours, with some areas of reddish-brown shading on the face and neck. The background is plain and unadorned, with no other objects or figures present. The man’s head and shoulders occupy the center of the composition, with no significant spatial separation from the background. The texture of the paper and the roughness of the lines suggest the medium is likely charcoal or a similar dry medium."
Realism/john-everett-millais_once-a-week.jpg,"This artwork shows a person with long, curly hair, dressed in a dark, flowing coat, standing in a field of tall grass and wildflowers. They are holding a book or scroll in one hand and a small, dark object in the other. A large, dark bird with a hooked beak perches on a branch or bush to the right of the figure, facing away. The background is a distant, hazy landscape with faint outlines of buildings or hills under a pale sky. The figure is positioned slightly off-center, facing toward the right, with their body angled and head turned upward, as if looking at the bird or something beyond it. The bird is perched on a bush that is to the right of the figure, partially obscuring the view of the background. The figure’s coat and the surrounding vegetation are rendered with fine, dense lines that suggest texture and depth. The overall image is in black and white, with strong contrasts between light and dark areas, especially around the figure’s face and the bird’s silhouette. The ground is covered with detailed, tangled vegetation, and the sky is a flat, pale area at the top. The artist’s signature, “SWAN,” is visible in the bottom right corner."
Realism/ilya-repin_portrait-of-an-italian-woman.jpg,"The artwork shows a woman standing against a dark background. She is wearing a light-colored, possibly off-white or pale green, garment with intricate lace or embroidery on the sleeves and neckline. A red beaded necklace is visible around her neck, and she wears a matching green headscarf that drapes over her head and shoulders, with some frayed or textured edges. Her arms are crossed in front of her body. Her face is turned slightly to the viewer’s left, and her expression is neutral or somber. The lighting is focused on her face and upper body, making them stand out against the dark, unbroken background. The colors are muted except for the red necklace and the green headscarf, which contrast with the dark surroundings. The texture of the fabric appears soft and detailed, especially in the lacework, while the background is smooth and shadowy. The woman is centered in the composition, with no other figures or objects present."
Rococo/jean-baptiste-oudry_still-life-with-monkey-fruits-and-flowers-1724.jpg,"This artwork shows a still life scene with a monkey, fruit, flowers, and a vase, set against a landscape backdrop. A monkey with a long tail is positioned on a stone ledge, leaning forward with its head lowered toward a pile of fruit on the ground. To the left, a silver bowl holds a large assortment of fruit, including grapes, peaches, and pomegranates, along with some flowers. To the right, a small bowl contains what appear to be garlic bulbs. Behind the monkey, on a raised stone platform, sits a dark, ornate vase filled with a bouquet of flowers. The background features a hazy landscape with trees and a pale sky. The scene is lit with soft, diffused light, casting gentle shadows. The colors are rich and varied, with deep reds, greens, and browns dominating the foreground, contrasted by the pale blues and pinks of the flowers and sky. The textures suggest the smoothness of the fruit, the roughness of the stone, and the delicate nature of the flowers. The monkey’s fur appears coarse and dark, while the fruit and flowers show varied, detailed surfaces. The overall composition is balanced, with the monkey and the fruit arrangement as central focal points."
Romanticism/ivan-aivazovsky_a-rocky-coastal-landscape-in-the-aegean-1884.jpg,"This artwork shows a dramatic coastal scene viewed from a high cliff. In the foreground, a rocky cliff edge dominates the lower right, with two large birds perched on it. One bird, with wings spread, is on the right side of the cliff, appearing to be in the act of tearing at a carcass. Another bird sits further back on the cliff’s edge, facing away. Below, the sea stretches out, dark and vast, with a single sailing ship visible in the distance, far to the right. The sky is filled with thick, swirling clouds, and a bright, diffuse light reflects off the water’s surface, creating a shimmering path that leads toward the horizon. The cliff’s surface is rough and uneven, with visible textures of rock and debris. The colors are muted, dominated by grays, blues, and whites, with the bright reflection on the water providing a stark contrast. The artist’s signature and the year 1884 are visible in the bottom right corner."
Abstract_Expressionism/william-congdon_istanbul-no-2-1953.jpg,"The artwork depicts a dark, moody scene of a waterway with a boat in the center, surrounded by large, domed buildings in the background. The boat is small and appears to be moving through the water, which is rendered with wavy, jagged lines. The buildings are tall and have multiple domes and spires, suggesting a dense urban or architectural setting. The entire scene is dominated by dark, earthy tones, with no bright or contrasting colors. The surface of the painting has a rough, textured quality, with visible brushstrokes and layered marks that give it a gritty, tactile feel. The boat is positioned in the lower center, with the buildings stretching across the upper portion of the image, and the water occupies the middle ground. There are no visible figures or people in the scene. The overall impression is one of a somber, possibly nocturnal or overcast environment, with a sense of movement and confinement."
Pop_Art/eduardo-paolozzi_yours-till-the-boys-come-home-1951.jpg,"This artwork is a collage made of several photographs arranged on a torn, aged paper surface. The left side contains three vertically stacked images showing damaged or burning aircraft, with visible wreckage, smoke, and figures in military-style clothing near the planes. The right side has two vertically stacked black-and-white photographs of a woman in a bikini and stockings, posing in different dance-like stances with one hand on her head or hip, and the other arm extended. The paper has visible tears, stains, and a small piece of torn text at the bottom left corner. The images are not connected by a continuous scene but are juxtaposed, with the aircraft photos on the left and the woman’s photos on the right. The aircraft images have a faded, possibly color-bleached appearance, while the woman’s images are in stark black and white. The overall surface has a rough, uneven texture from the torn edges and stains."
Post_Impressionism/paul-serusier_the-aqueduct-1905.jpg,"This artwork shows a landscape with bare trees in the foreground, a long stone bridge with multiple arches in the middle ground, and dark hills in the background under a muted, cloudy sky. The trees are thin and leafless, with some small orange or brown leaves clinging to branches. The bridge stretches horizontally across the middle of the image, its arches repeating in a pattern. Behind the bridge, the hills are painted in deep blue and purple tones. The ground in the foreground is textured with patches of yellow, orange, and brown, suggesting dry grass or fallen leaves. The sky is a mix of dark blue, gray, and purple, with no visible sun or light source. The painting has thick, visible brushstrokes, giving it a rough, textured surface. The colors are mostly muted, with the exception of the orange and yellow tones in the foreground, which stand out against the darker background. The overall impression is one of a cold, quiet, and somewhat desolate scene."
Romanticism/joseph-wright_the-captive-from-sterne.jpg,"The artwork shows a solitary, emaciated man sitting on the ground inside a dark, stone-walled room. He is barefoot, with long hair and a beard, and is wrapped in a thin, tattered cloth around his lower body. His head is bowed, and his hands are clasped together near his lap, suggesting he is in a state of deep contemplation or sorrow. Behind him, a large, arched stone doorway is visible, with a faint, warm light illuminating the wall behind him, contrasting sharply with the surrounding darkness. To his right, a small, dark object, possibly a metal tool or chain, rests against the wall. The floor is rough and uneven, made of stone or dirt. The entire scene is enveloped in shadow, with the only light source coming from the area behind the man, which highlights his form and the texture of the stone walls. The colors are muted, dominated by dark browns, grays, and a small patch of pale, almost white light behind the figure. The textures suggest rough, aged stone and the coarse fabric of the cloth. The man’s posture and the stark lighting create a sense of isolation and quietude."
Realism/vasily-sadovnikov_view-of-palace-square-and-winter-palace-in-st-petersburg.jpg,"This artwork shows a large, open square filled with many people, dominated by a tall, dark column with a statue on top, standing in the center. Behind the column, a massive, ornate building stretches across the left and center of the image, with a flag flying from its roof. To the right, a smaller, simpler building is visible. The crowd is scattered across the square, with some groups gathered near the column and others dispersed along the edges. People are dressed in period clothing, standing, walking, or conversing. The ground is a flat, brownish surface. The sky above is light and cloudy, with soft, diffused light. The buildings are rendered in muted tones of gray and beige, while the column is dark and the sky is pale with hints of blue. The overall impression is one of a public gathering in a grand, open space."
Realism/vasily-surikov_shooting-cossack-1893.jpg,"The artwork shows a person in profile, viewed from the side, holding a long firearm. The person is wearing a dark, furry hat with a red top and a reddish-orange garment that covers their body. Their hands are gripping the weapon, with the barrel pointing toward the right side of the image. The person’s head is turned slightly forward, and their face is partially visible, showing the side of their cheek and ear. The background is plain and light-colored, with no distinct features. The figure is positioned in the center-left of the frame, with the weapon extending diagonally to the right. The image appears to be a watercolor or similar medium, with visible brushstrokes and areas of wet paint. The colors are muted, with the reds and browns standing out against the pale background. The texture of the clothing and hat suggests fur or coarse fabric, and the weapon has a metallic sheen in some areas. There is faint handwritten text in the upper right corner, but it is not legible."
Realism/henri-fantin-latour_roses-2.jpg,"This artwork shows a cluster of flowers, mostly peonies, arranged in a loose, naturalistic grouping. The flowers vary in color, including creamy white, pale yellow, and deep red, with some petals showing signs of wilting or fading. They are surrounded by dark green leaves and stems, which blend into a very dark, almost black background. The flowers are positioned in the center of the composition, with some slightly to the left and others to the right, creating a sense of natural, unstructured arrangement. The lighting is soft and directional, illuminating the upper portions of the flowers, while the lower parts and the background remain in deep shadow. The texture of the paint is visible, with thick, impasto strokes that give the petals and leaves a rough, tactile quality. The overall impression is one of still life, with the flowers appearing to rest on a dark surface, possibly a table or cloth, which is barely visible beneath them."
Early_Renaissance/domenico-ghirlandaio_vaulting-of-the-sassetti-chapel.jpg,"This artwork shows a painted ceiling with a cross-shaped design, divided into four triangular sections by intersecting beams. At the center of the cross is a small, round, white object. In each of the four triangular sections, there is a painted figure. The top section features a figure in golden robes, suspended in the air with arms outstretched, surrounded by clouds. The left section shows a figure with wings, wearing a purple robe, holding a scroll. The right section shows a figure in green robes, also with wings, holding a scroll. The bottom section shows a seated figure in orange and purple robes, holding a scroll, with a halo behind them. The figures are set against a dark blue background. The beams separating the sections are decorated with intricate patterns of small, round, golden objects and floral motifs. The paint appears worn in places, with visible cracks and discoloration. The overall surface is flat, and the figures are painted with visible brushstrokes."
Post_Impressionism/david-burliuk_summer-gardens-near-the-house.jpg,"This artwork shows a small house nestled among trees and wildflowers, with a garden in the foreground filled with yellow and red blooms. The house is centered in the middle ground, partially hidden by dense foliage. Trees and bushes surround the house on all sides, with branches and leaves extending into the upper right corner. The foreground is dominated by a field of flowers, mostly yellow, with some red and purple accents, growing in uneven patches. The sky above is painted with soft, blended strokes of pale yellow, pink, and blue, suggesting a cloudy or twilight atmosphere. The brushwork is thick and textured, with visible strokes that give the scene a rough, tactile quality. The colors are mostly muted greens, browns, and yellows, with the flowers providing small bursts of brighter color. There are no people or animals visible in the scene. The overall impression is one of a quiet, rural landscape, viewed from a low angle through the garden."
Abstract_Expressionism/richard-pousette-dart_cascella-ii-1952.jpg,"This artwork shows a large, abstract composition with no clear figures or recognizable objects. The surface is covered in thick, layered paint, with visible brushstrokes and smears. The central area contains a bright, textured yellow shape that resembles a diamond or a cross, surrounded by darker, chaotic marks. Around this, the canvas is filled with tangled, overlapping strokes of black, gray, white, and muted brown, creating a sense of dense, tangled movement. The yellow shape is positioned in the center, with darker areas spreading outward to the left, right, and top. The edges of the canvas are framed by a thin, dark border. The texture is rough and uneven, with raised areas and deep grooves from the paint application. The colors are mostly muted except for the central yellow, which stands out as the most intense and brightest part of the piece. The overall impression is one of energetic, chaotic motion, with no clear focal point beyond the central yellow form."
Symbolism/william-blake_the-number-of-the-beast-is-666.jpg,"The artwork depicts a dramatic scene with two central figures. Above, a large, winged figure with a fiery, glowing head and outstretched wings dominates the upper portion of the image. Below, a muscular, horned figure with multiple arms and legs stands on a rocky surface, holding a staff or weapon in one hand and pointing upward with the other. The lower figure appears to be seated or standing on a red, possibly fiery, base. The background is dark and filled with star-like shapes, suggesting a night sky or celestial space. The figures are positioned with the upper figure above and behind the lower one, creating a sense of hierarchy or confrontation. The entire scene is rendered in warm, earthy tones with strong contrasts between light and shadow, giving the figures a textured, almost sculpted appearance. The composition is dense and dynamic, with the figures occupying most of the frame."
Abstract_Expressionism/frank-lobdell_dance-iv-1970.jpg,"The artwork shows a dynamic, abstract scene with three distinct figures or forms. On the left, a pale, sketchy figure appears to be lying or crouching, with limbs loosely drawn and no clear facial features. In the center, a figure with a black head and yellow torso is depicted in a strong, upward-reaching pose, with arms extended and legs bent, as if climbing or pushing against something. To the right, a dark, swirling form with sharp, angular edges and a curved, horn-like protrusion dominates the space, suggesting movement or aggression. The ground is a flat green band at the bottom, with a thin line of grass-like texture. The background is split: the left side is light and smudged, while the right side is a solid, deep brown. The colors are bold and contrasting — pale tones on the left, bright yellow and red on the central figure, and dark brown and black on the right. The textures appear rough and applied with thick paint, giving the surface a tactile, uneven quality. The central figure seems to be interacting with the dark form on the right, while the pale figure on the left remains passive or distant. The composition is divided into three vertical zones, with the central figure positioned slightly to the right of center, and the dark form occupying the right third of the canvas."
Baroque/adriaen-van-ostade_interior-of-a-tavern-with-violin-player.jpg,"This artwork shows three men in a dimly lit, rustic interior, likely a tavern or small room. One man, wearing a red cap and a dark jacket, is seated on the left, playing a violin. Another man, standing in the center, wears a black hat and a dark coat, and is holding a pipe to his mouth. A third man, wearing a light-colored hat and sitting on a wooden chair to the right, is facing the violinist and appears to be drinking from a glass. A small wooden table between them holds a bowl, a spoon, and a small jug. In the background, through a window with a grid pattern, other figures and a dog are visible, though blurred. The room has rough wooden walls, a dark floor, and a doorway leading to a darker area. The lighting is dim, focused on the central group, with shadows dominating the space. The colors are muted, dominated by browns, dark grays, and the red of the cap. The textures suggest rough wood, worn fabric, and the coarse surface of the floor."
Realism/ilya-repin_hunchback-study-1880.jpg,"The artwork shows a young person sitting on the ground outdoors, dressed in a long, dark coat and light-colored pants, with dark shoes. They are holding a wooden stick or cane in their right hand, resting it on their lap or thigh. Their head is turned slightly to the right, looking away from the viewer, with their gaze directed toward something off-frame. The person’s posture is slumped, suggesting they are seated in a relaxed or weary position. Behind them, there is a blurred background of trees and what appears to be a fence or barrier, painted in muted greens and browns. The ground around them is grassy, with some patches of dirt or gravel visible. The painting is rendered in watercolor, with visible brushstrokes and a soft, diffused quality to the colors. The overall tone is subdued, with earthy and muted hues dominating the scene. The artist’s signature is visible in the lower right corner."
Color_Field_Painting/morris-louis_vav-1960.jpg,"The artwork shows a large, dark reddish-brown shape that dominates the center of the canvas. This shape has a rough, uneven edge along the top and sides, with a glowing, fiery orange and red outline that appears to be bleeding outward. The background is a flat, off-white or pale beige color, with a faint, warm glow along the top edge that matches the outline of the central shape. The surface of the central shape has vertical streaks and subtle variations in tone, suggesting texture or brushwork. The overall composition is simple, with no figures or objects, and the shape is centered, occupying most of the frame. The colors are bold and contrasting, with the dark central mass set against the lighter background, and the glowing edge creates a sense of depth or energy. The texture appears to be painted, with visible brushstrokes or smudges, especially in the central area."
Northern_Renaissance/hans-holbein-the-younger_signboard-for-a-schoolmaster-1516.jpg,"This artwork depicts three men gathered around a long wooden table in a dimly lit room. Two of the men, both wearing red caps and colorful clothing, are seated on either side of the table, leaning forward and appearing to be engaged in a discussion or transaction. One man, dressed in green and white, sits on the right side of the table, also leaning in toward the center, where papers or documents are spread out. A third man, in a red outfit, is seated on the left, turned away from the others, seemingly focused on writing or reading something on a small object in his hands. Behind them, a large window with a grid of small, square panes lets in some light, illuminating the scene from above. To the right, a heavy wooden door with a metal latch is visible, and next to it, a small shelf holds a cylindrical object. The floor is made of wooden planks, and the room has a low bench along the wall. The painting uses muted, earthy tones with some brighter colors on the clothing, and the lighting is uneven, with shadows cast across the floor and table, suggesting a single light source from the window. The textures appear rough and aged, consistent with an older painting medium."
Pop_Art/hiro-yamagata_atlanta-1996-womens-softball.jpg,"The artwork depicts a baseball player in profile, facing left, wearing a helmet and holding a bat over their shoulder. Below the player, the five interlocking Olympic rings are shown in their standard colors: blue, yellow, black, green, and red. Beneath the rings, text reads “CENTENNIAL OLYMPIC GAMES” and “LES JEUX OLYMPIQUES DE MONTRÉAL” with the years “1976” and “1976” below. The background is a flat, stylized gradient of yellow and orange, with no other figures or objects. The player is centered in the upper portion of the image, with the rings directly below them. The text is at the bottom, centered. The image uses bold, flat colors and sharp outlines, with no visible texture or shading. The player’s helmet and bat are rendered with solid color blocks and strong edges, suggesting a graphic, poster-like style. The overall composition is symmetrical and centered, with the player and rings as the primary focal points."
Symbolism/felicien-rops_satanic-self-portrait.jpg,"The artwork shows a man standing, facing slightly to the right, with his head tilted downward. He has dark, curly hair and a beard, and is wearing a dark coat over a light-colored shirt collar. His right hand is near his waist, and his left arm is bent, with the hand resting on his hip or near his side. The figure is centered in the composition, and the background is a soft, indistinct area with no clear objects or details. To the right of the figure, there is a faint, sketchy outline of what appears to be a cane or stick leaning against a surface. The image is rendered in monochrome, using dark and light tones to create form and depth. The texture of the surface suggests it is a drawing, possibly with charcoal or pencil, and the edges of the figure are softly blurred, giving the image a hazy, unfinished quality. The lighting appears to come from the front, casting subtle shadows on the figure’s face and clothing."
Romanticism/francisco-goya_still-life-of-sheep-s-ribs-and-head-the-butcher-s-conter-1812.jpg,"This artwork shows several large, raw animal ribs and a piece of meat with a bone, resting on a flat surface. The ribs are arranged in a cluster, with one large rib section prominently in the center, slightly tilted, and another rib section lying partially behind it to the right. To the left, a smaller, irregularly shaped piece of meat with a visible bone fragment lies flat. The background is dark and uniform, contrasting with the lighter, textured surface the objects rest on. The lighting comes from the upper left, casting shadows to the right and behind the objects, highlighting the rough, uneven surfaces of the meat and bone. The colors are mostly earthy and muted, with reddish-brown tones on the meat and pale, off-white on the bone, set against a dark background and a dull, yellowish surface. The texture appears rough and tactile, with visible brushstrokes suggesting the physicality of the meat and bone."
Early_Renaissance/benozzo-gozzoli_st-augustine-departing-for-milan-1465.jpg,"This artwork depicts a group of people gathered outdoors in a landscape with a city visible in the distance. In the center, a man on a brown horse is surrounded by others, some standing and some walking beside or near the horse. To the left, a man in a blue and red robe stands with his hands clasped, while another man in a red robe stands to the right, facing the central figure. A white horse is positioned near the center-left, with a man in a yellow tunic and red pants walking beside it, holding a staff. Behind the group, a cityscape with buildings and hills stretches across the background. Above the scene, two angelic figures are shown in the sky, each holding a rope or chain, with a banner between them containing Latin text. The entire composition is framed by ornate, carved borders on the left and right sides, featuring small figures and decorative patterns. The colors are rich and varied, with reds, blues, browns, and greens dominating the scene. The figures are rendered with detailed clothing and distinct postures, suggesting a formal or ceremonial gathering. The lighting appears even, with no strong shadows, and the textures suggest painted surfaces with visible brushwork. The banner’s text is legible and appears to be a formal inscription."
Minimalism/yves-gaucher_untitled-8-3-d-19-1985.jpg,"This artwork shows two vertical rectangular shapes on a plain, light-colored surface. The shape on the left is dark and filled with dense, crosshatched lines, giving it a textured, heavy appearance. The shape on the right is lighter, with faint, diagonal strokes that create a subtle gradient from light to slightly darker gray, appearing less dense and more airy. The two shapes are positioned side by side, with the darker one on the left and the lighter one on the right, separated by a narrow gap. The entire composition is set against a uniform, unadorned background. The surface appears to be paper, and the marks suggest they were made with a dry medium like pencil or charcoal. The texture of the left shape is rough and granular, while the right shape has a smoother, more translucent quality. A small, faint signature or mark is visible in the bottom right corner."
Romanticism/sir-lawrence-alma-tadema_sculptors-in-ancient-rome-1877.jpg,"This artwork shows several workers carving a massive stone face, likely from a larger statue, using tools. One worker stands on a wooden platform, facing away, with one hand raised to their head and the other holding a tool near the stone. Another worker is positioned to the left, partially visible, with their hand near the stone’s cheek. A third worker is at the bottom left, bent over and reaching toward the stone’s lower face. The stone face is large, with smooth, rounded features, and appears to be made of light-colored marble or similar material. The workers are dressed in simple, rough clothing, and one carries a woven basket. The scene is set in a confined space, with wooden beams and ropes visible, suggesting a workshop or construction site. The lighting is warm and directional, casting shadows that emphasize the texture of the stone and the workers’ forms. The colors are muted, dominated by earth tones and the pale, cool color of the stone. The surface of the stone shows signs of being worked, with dust and debris visible around it. The workers’ positions and tools suggest active, physical labor."
Art_Nouveau_Modern/ferdinand-hodler_valentine-gode-darel-in-hospital-bed-1914.jpg,"The artwork shows a woman lying in bed, viewed from the side. She is resting on a pillow, with her head turned toward the left, looking away from the viewer. Her dark hair is pulled back, and she is covered with white sheets and blankets. Her right hand is visible, resting on the bed near her chest. To the right of the woman, there is a small, floating pocket watch with its hands pointing to a time. Below the watch, three red, circular shapes, possibly representing flowers or fruit, are drawn on the bedspread. The background is a plain, light beige color. The artist’s signature, “P. Hola,” is visible in the lower right corner. The painting uses soft, blended colors and visible brushstrokes, with the woman’s face and hands rendered in warmer tones, while the bedding and background are cooler and more muted. The texture of the canvas is faintly visible, and the overall style is loose and impressionistic."
Ukiyo_e/utagawa-kuniyoshi_osho-catching-a-carp.jpg,"The artwork depicts a winter scene with a man in the foreground, kneeling on a frozen surface, reaching toward a fish that is jumping out of the water. Behind him, snow-covered trees and small buildings are visible, set against a dark sky. The man is shirtless, wearing red pants, and appears to be in motion, possibly trying to catch or interact with the fish. The fish is mid-air, with its body arched and fins spread, suggesting it is leaping from the water. To the left of the man, there is a bundle of cloth or a sack lying on the ice. The background features snow-laden trees and structures, with the snow appearing thick and undisturbed. The sky is dark, and the overall scene is rendered in a style that uses flat areas of color and bold outlines, typical of traditional Japanese woodblock prints. The colors are limited to dark blues, whites, and reds, with the red pants of the man standing out against the icy blue of the water and the dark background. The texture of the snow and ice is suggested through stippling and line work, while the water surface is depicted with a smooth, flat tone. The scene is framed by a border, and there are Japanese characters printed along the right edge and in the lower right corner, which appear to be part of the print’s title or publisher’s mark."
Romanticism/karl-bodmer_capture-of-the-daughters-of-d-boone-and-callaway-by-the-indians-1852.jpg,"This artwork depicts a tense scene on a river at night, with a small boat carrying several women in the center. To the left, two figures, appearing to be Native American men, are partially submerged in the water near the bank, one holding a long pole or spear. The women in the boat are in distress: one is covering her face with her hands, another is reaching out with her arms, and a third is lying down with her head down. The boat is surrounded by tall reeds and dense, dark trees in the background, which form a shadowy, enclosed forest. The water is dark and reflective, with some lily pads visible near the right edge. The image is in black and white, with strong contrasts between the dark background and the lighter areas of the figures and water reflections. The texture suggests a detailed, possibly engraved or etched print, with fine lines indicating foliage and the roughness of the water and trees. The overall impression is one of danger and urgency, with the figures’ poses conveying fear and panic."
Symbolism/james-tissot_etude.jpg,"The artwork shows a close-up portrait of a man with a long, dark beard and a white head covering, set against a solid blue background. The man’s face is turned slightly to the left, with his gaze directed toward the viewer. He is wrapped in dark clothing, with a red or reddish-brown fabric visible at the shoulder area. The head covering is draped over his head and shoulders, with folds and creases that suggest fabric. The lighting is focused on the man’s face, highlighting his features and the texture of his beard and head covering, while the rest of the image, including the background and the lower part of his body, is darker. The blue background is uniform and does not contain any other objects or figures. The surface of the painting appears to be textured, with visible brushstrokes and a slightly uneven finish, suggesting it is an oil painting on canvas. The colors are muted, with the white of the head covering contrasting against the dark tones of the man’s clothing and the blue background."
Baroque/adriaen-van-de-venne_maurice-1567-1625-prince-of-orange-lying-in-state.jpg,"The artwork shows a man lying down, appearing to be asleep or resting, with his head on a pillow. He is dressed in ornate, richly decorated clothing, including a red and gold headpiece, a white ruff collar, and a heavy, dark fur-lined garment. He is covered with a red, gold-embroidered fabric that drapes over his body. The background consists of a red curtain or fabric with gold patterns, and a dark pillow behind his head. The man’s face is turned slightly to the side, with his eyes closed and a calm expression. The lighting is dim, with a warm, reddish glow illuminating the scene, highlighting the textures of the fabrics and the man’s face. The materials appear to be painted with visible brushstrokes, suggesting a textured surface. The composition centers on the man’s head and upper body, with the red fabric and curtain framing him on the right and top. The overall impression is one of stillness and quiet repose."
Abstract_Expressionism/atsuko-tanaka_93e-1993.jpg,"This artwork shows a dense, chaotic tangle of thick, overlapping lines in bright, saturated colors like blue, red, green, yellow, and orange. The lines twist, loop, and cross each other in a way that suggests movement and energy, with no clear focal point or recognizable figure. The composition fills the entire space, with no distinct foreground or background, and the lines appear to be layered and intertwined throughout the entire canvas. The colors are vivid and contrast sharply against the white background, creating a sense of visual intensity. The texture appears flat and painted, with no visible brushstrokes or physical depth, and the lines are uniform in thickness, suggesting they were applied with a consistent tool. There are no figures, objects, or identifiable shapes, only abstract forms created by the arrangement of color and line."
Baroque/guido-reni_mary-magdalene-in-ecstasy-at-the-foot-of-the-cross-1629.jpg,"The artwork shows a woman with long, wavy brown hair, looking upward with her head tilted back. Her right hand is placed over her chest, near her heart. She is wearing a garment that appears to be a light-colored, possibly pink or mauve, fabric draped over her shoulders and torso. Behind her head, there is a soft, warm glow of light, suggesting a halo or divine radiance. The background is dark and indistinct, with no clear objects or figures. The woman is centered in the composition, and her body is slightly turned, but her face and gaze are directed upward and to the left. The lighting is focused on her face and upper body, creating a contrast with the dark surroundings. The texture of the hair and fabric appears soft and detailed, with visible brushwork. The overall impression is one of quiet contemplation or devotion, with the light source emphasizing her upper body and face."
Pop_Art/erro_the-final-selection-1961.jpg,"The artwork shows a dense, chaotic composition of many abstract, swirling, and distorted figures that appear to be creatures or faces, mostly in shades of green, blue, red, and gray, set against a light, mottled background. These forms are tangled together, overlapping, and flowing in unpredictable directions, with some shapes appearing to move or twist toward the viewer. In the lower left corner, a large, green, insect-like creature with a wide, open mouth and a single visible eye is prominent, with long, thin legs extending outward. To its right, a smaller, leaf-like shape with multiple eyes is visible. The overall impression is one of movement, entanglement, and a sense of crowded, swirling energy. The forms are rendered with visible brushstrokes and layered colors, suggesting a painted surface with texture. The background is not flat but has a subtle, uneven pattern, possibly indicating a textured canvas or a painted surface with visible marks. The colors are vivid and saturated in places, especially the green and red areas, while other parts are more muted or gray. The artwork does not show any clear foreground or background separation; everything is layered and interwoven. The figures do not appear to be standing or moving in a coordinated way; they seem to be in constant motion or distortion, with no clear direction or focus. The overall spatial arrangement is chaotic, with no single focal point, and the figures are distributed across the entire canvas, with no clear left or right dominance. The lower portion of the image contains more defined, larger forms, while the upper portion is filled with smaller, more fragmented shapes. The artwork does not suggest any specific narrative or action, but rather conveys a sense of visual noise and complexity."
Baroque/guido-reni_rosary-madonna-1598.jpg,"This artwork depicts a religious scene with a central figure of the Virgin Mary, dressed in a blue robe with a red undergarment, holding a small child, the Christ Child. She is seated on a cloud-like throne, surrounded by cherubic figures. Below her, a man in a dark robe with a white inner garment kneels, reaching upward with both hands toward the child, as if receiving something or praying. To the left of the Virgin, two small, nude children stand on a ledge; one holds an open book, the other holds a single white lily. The entire upper scene is set against a dark, cloudy background with architectural elements like pillars on either side. In the foreground, a large golden urn holds a decorative arrangement of branches with leaves and small, oval-shaped paintings embedded in them. These oval paintings show various religious scenes, each framed in gold. The lighting is dramatic, with strong contrasts between light and shadow, highlighting the figures and the central action. The colors are rich and saturated, especially the blue and red of the Virgin’s robes, and the dark tones of the background and the man’s robe. The textures suggest fabric, stone, and metal, with the robes appearing heavy and flowing, and the urn having a polished, reflective surface."
Pop_Art/aldo-mondino_iniziazione-1969.jpg,"This artwork shows a sculpture of a fish with long, thin, human-like legs walking forward. The fish’s body is positioned upright, as if it were standing on its legs, and its head is tilted upward. The legs are slender and extend downward from the fish’s body, ending in feet that rest on a dark, rectangular base. The sculpture is placed on a wooden floor, and the background is a plain, light gray wall.

The fish’s body is located in the upper center of the sculpture, with its head pointing toward the upper right. The two legs extend downward and outward, one to the left and one to the right, forming a V-shape as they meet the base. The feet are positioned at the front corners of the base, with the left foot slightly ahead of the right. The base is centered under the sculpture, resting on the floor.

The fish’s body has a golden-brown, textured surface that appears to be made of metal, with visible scales and a rough, uneven finish. The legs are a darker, bluish-green color, also with a rough, textured surface, suggesting a different material or patina. The base is solid black, with a smooth, flat top surface. The lighting comes from the front, casting a shadow behind the sculpture on the wall. The floor is made of light-colored wood planks, running horizontally. The wall is plain and unadorned, with no visible features or objects."
Early_Renaissance/filippo-lippi_madonna-and-child-with-st-fredianus-and-st-augustine-1438.jpg,"This artwork depicts a religious scene centered on a woman in a blue robe holding a small child, standing in the middle of a three-arched space. To her left and right, figures kneel on the ground, each holding a staff or staff-like object. On the left side, a figure in a red robe kneels with their head bowed, while on the right, a figure in a dark green robe also kneels, holding a staff. Behind the central woman, a group of figures stands, some with wings, and to the far right, a figure with large red wings stands near a pillar. On the far left, a figure with a staff stands near a pillar, and another figure is partially visible behind them. The central woman and child are positioned in the center of the composition, with the kneeling figures on either side. The background is divided into three arched sections, with the central arch framing the woman and child, and the side arches containing other figures. The lighting is soft and even, with no strong shadows, and the colors are muted, with blue, red, and dark tones dominating. The textures appear smooth, with no visible brushwork or roughness, and the materials suggest a painted surface. The figures are rendered with detailed clothing and facial features, but the overall scene is composed with a sense of solemnity and reverence."
Color_Field_Painting/leon-berkowitz_cathedral-18a-1966.jpg,"This artwork shows a vertical composition made up of many narrow, parallel stripes that run from top to bottom. The stripes are arranged in two distinct vertical sections, separated by a thin, light-colored gap in the center. The colors of the stripes vary, including shades of orange, pink, teal, dark purple, and yellow, with some stripes appearing as thin lines of a single color and others blending or fading into adjacent hues. The stripes are evenly spaced and consistent in width, creating a rhythmic, repetitive pattern. The surface appears flat and smooth, with no visible texture or depth, suggesting a painted or printed surface. There are no figures, objects, or actions depicted; the entire focus is on the arrangement and color of the stripes."
Symbolism/mikalojus-ciurlionis_creation-of-the-world-xi-1906.jpg,"The artwork depicts a surreal, dreamlike scene with tall, abstract structures that resemble towers or spires, some with curved, flowing forms and others with vertical, stick-like elements. These forms are arranged in a dense, layered composition, with some appearing to rise from the bottom and others floating or looming in the upper part of the image. The central area is dominated by a cluster of dark, vertical shapes that look like pillars or pipes, surrounded by lighter, smoky or misty areas. The overall impression is one of a strange, possibly industrial or otherworldly environment, with no clear human figures or identifiable objects.

The structures are positioned throughout the canvas, with the darker vertical forms clustered in the lower center and right, while lighter, more amorphous shapes occupy the upper and left portions. The forms do not appear to be interacting or moving; they are static, with no clear direction or action implied. The composition is not symmetrical, and the elements are layered, creating a sense of depth, though the boundaries between foreground and background are blurred.

The colors are muted and desaturated, dominated by browns, grays, and pale purples, with occasional hints of yellow and blue in the upper regions. The texture appears rough and uneven, suggesting the use of thick paint or impasto techniques, with visible brushstrokes and drips, especially in the vertical elements. The lighting is diffuse and does not come from a single source; it seems to emanate from within the forms or from the background, casting soft, indistinct highlights. The overall effect is hazy and atmospheric, with no sharp edges or clear boundaries."
Baroque/rembrandt_self-portrait-open-mouthed-1630.jpg,"This is a black-and-white drawing on textured paper, showing a man’s head and shoulders. He has thick, curly hair that frames his face, and his head is turned slightly to the right, with his gaze directed toward the viewer. His mouth is slightly open, and his expression appears neutral or perhaps slightly startled. He is wearing a garment with a high collar, and the fabric is rendered with dense, cross-hatched lines to suggest texture and depth. The drawing is signed in the upper left corner with what appears to be “R. 1630,” though the script is faint and partially worn. The paper has visible signs of age, including creases, stains, and a rough, uneven border. The background is plain and unadorned, with no other figures or objects present. The entire image is framed by a dark, irregular border that suggests the paper has been trimmed or is mounted. The drawing uses strong contrast between dark lines and the light-colored paper, with no color present. The texture of the paper is rough and fibrous, and the lines are sharp and deliberate, indicating it was created with a hard tool like a pen or stylus."
Baroque/annibale-carracci_translation-of-the-holy-house.jpg,"This artwork depicts a religious scene with a central figure of a woman in a blue robe holding a small child, seated on clouds above a small brick house. Two angels with wings are positioned above her, each reaching upward to hold a crown above her head. Below, four angels are shown carrying the brick house, with two on the left and two on the right, their bodies angled to support it. The house is suspended in mid-air, and the entire scene is set against a dark blue sky with clouds. The woman and child are centered in the upper part of the image, while the angels carrying the house are lower and spread out. The light appears to come from above, illuminating the figures and the crown, while the lower part of the image, including the house and the angels carrying it, is in shadow. The colors are rich but muted, with the blue of the woman’s robe being the most prominent, contrasted with the brown of the house and the pale skin tones of the figures. The textures suggest fabric, stone, and skin, with the wings appearing as layered, feathered surfaces. The house is made of brick, and its door is visible. The background is a dark, cloudy sky, and the ground below is rocky and shadowed."
Symbolism/james-tissot_jacob-mourns-his-son-joseph.jpg,"The artwork shows a group of people gathered around a central figure who is seated and covering their face with their hands. Several other figures are positioned around them, some kneeling, some standing, all appearing to be focused on the central person. Their postures suggest concern, sorrow, or attentiveness. One figure to the left is kneeling and reaching toward the central person, while others stand nearby, some with hands on their heads or in their laps, indicating distress or contemplation. The setting appears to be indoors, with a plain wall and floor, and no visible windows or doors. The figures are dressed in simple, loose-fitting garments, mostly in muted earth tones like beige, brown, and gray, with some brighter colors like yellow and red on clothing. The lighting is soft and even, with no strong shadows, suggesting an indoor, possibly dimly lit space. The surfaces of the clothing and skin appear textured, with visible brushwork that gives a sense of fabric and form. The overall impression is one of a tense, emotionally charged moment, with the central figure as the focus of attention."
Romanticism/edward-burne-jones_arthur-in-avalon.jpg,"This artwork depicts a somber scene inside a wooden structure, likely a hall or chamber, where a man lies on a raised platform covered with a dark cloth. He is surrounded by several women and other figures, all dressed in rich, colorful robes. Some women are seated or kneeling near the platform, while others stand nearby, holding objects like a harp or a bouquet of flowers. One woman in a red robe stands near the center, holding flowers, while another in a green robe kneels beside the platform. A woman in a white robe stands to the left, her head bowed. The platform is under a large, ornate wooden canopy with carved panels. The floor in the foreground is covered with small white flowers and green grass. The lighting is dim, with a warm, golden glow illuminating the central figures and the canopy, while the background remains dark. The textures suggest wood, fabric, and stone, with the canopy appearing carved and detailed. The overall mood is solemn and quiet."
Art_Nouveau_Modern/raphael-kirchner_impassive-mask.jpg,"The artwork shows a woman lying on her back on the floor, her legs raised and bent at the knees, with her feet pointing upward. She is wearing black stockings and black shoes, and her light-colored, torn garment is scattered around her. Her head rests on a colorful, patterned pillow or cushion. Above her, a large, grotesque face with a long, gray beard and a sinister expression peeks out from behind a decorative, ornate curtain or tapestry that has swirling, colorful patterns. The face appears to be looking down at her. The background is a plain, light brown wall. The artist’s signature, “Raphael Kirchner,” is visible in the bottom right corner. The image has a flat, illustrative style with visible lines and textures, and the colors are somewhat muted, with the curtain and pillow providing the most vibrant contrast. The lighting is even, with no strong shadows, suggesting a flat, two-dimensional surface."
Realism/fyodor-vasilyev_peasant-s-courtyard-1869.jpg,"This artwork shows a rural scene with a woman sitting on the ground near a wooden structure, possibly a barn or shed, under a weathered roof. Behind her, the structure’s interior is dark and contains old wooden carts or wagons. To the left, there is a pile of hay or straw, and the ground is dirt with some scattered debris. The woman is seated with her back partially against the wooden wall, her head slightly bowed, and she holds a small bundle of greenery in her lap. The scene is framed in an oval shape. The lighting is harsh and directional, casting strong shadows, with the sun illuminating the right side of the woman and the ground, while the interior of the structure remains in deep shadow. The colors are muted, dominated by browns, grays, and dull earth tones, with the woman’s white skirt standing out against the darker surroundings. The textures suggest rough, weathered wood and dry, uneven ground. The overall impression is one of quiet, everyday rural life."
Art_Nouveau_Modern/carlos-saenz-de-tejada_don-juan-tenorio-seville-street-1946.jpg,"This artwork shows a large, dark, and complex interior space, likely a grand building or palace, with heavy architectural elements. A wide staircase dominates the center, leading upward through a series of arches and corridors. To the left, a massive, draped curtain or fabric hangs heavily, partially obscuring the view. On the right, a tall, narrow window with bars is visible, and below it, a small statue or figure stands in a niche. At the bottom right, a group of people is gathered, some sitting, one standing with a light-colored garment. The scene is framed by thick walls and columns, with shadows and light creating depth. The drawing is in black and white, using pencil or charcoal, with rough, textured strokes and strong contrasts between light and dark areas. The overall impression is one of grandeur, mystery, and depth, with the staircase and the figures suggesting movement or activity within the space."
Romanticism/gustave-dore_the-childhood-of-gargantua.jpg,"This artwork depicts a crowded indoor scene with several figures, mostly dressed in elaborate, colorful clothing, gathered around a central figure who is seated and holding a sword. To the left, a group of smaller figures, some in gray and blue, are clustered near the center figure, with a small dog nearby. To the right, a woman in a blue robe and head covering kneels, her hands clasped, looking toward the central figure. Behind the central figure, another large figure with a wide face and a crown-like headpiece leans forward, smiling. In the background, a tall, ornate fireplace or mantelpiece is visible, and to the far right, a shadowy, tall figure stands near a doorway. The floor is littered with scattered objects, including a book, a horn, and a small ball. The colors are muted and earthy, with the blue and red garments standing out. The textures suggest watercolor or similar medium, with visible brushwork and smudges. The lighting appears to come from the front, casting soft shadows. The overall impression is one of a lively, possibly chaotic gathering, with figures in various poses of attention, interaction, or observation."
Symbolism/william-blake_the-parable-of-the-wise-and-foolish-virgins-1822.jpg,"This artwork depicts a group of women in long, flowing robes gathered in a dim, outdoor setting. One woman stands in the center, extending her arm forward as if pointing or directing, while another woman kneels before her, reaching up toward her hand. Other women surround them, some standing in a line to the left, others in a cluster to the right, with some appearing to be in motion or reacting to the central figures. The background shows a dark, rolling landscape with distant hills and a low, shadowy structure on the right. The sky is heavy and dark, suggesting a storm or twilight. The scene is rendered in muted, earthy tones with some areas of pale, almost white light on the figures’ robes, creating a contrast with the darker surroundings. The textures suggest a painted surface with visible brushwork, and the overall impression is one of a tense, dramatic gathering."
Realism/pyotr-konchalovsky_still-life-meat-and-poultry-1936.jpg,"This artwork shows a rustic indoor scene with several slaughtered birds hanging and lying on a wooden surface. A large, dark-feathered bird with its wings spread hangs from a wooden beam above the center. To its left, a lighter-colored bird hangs by its legs, and below it, another bird lies on the wooden surface. On the far left, a small, pale bird hangs from a hook. A metal bucket sits on the left side of the wooden surface, near the hanging birds. On the right, a white bird lies on the surface, and next to it, a dark, possibly charred or cooked bird is visible. The background is a rough wooden wall. The scene is lit with warm, dim light, casting shadows and highlighting the textures of the feathers, skin, and wood. The colors are earthy and muted, with dark browns, reds, and blacks dominating, contrasted by the pale feathers of some birds. The surface appears rough and worn, suggesting a utilitarian, possibly rural setting."
Symbolism/james-tissot_miriam-shut-out-from-the-camp.jpg,"The artwork shows a man sitting on a stone step, leaning against a rough stone wall. He is wrapped in a loose, light-colored cloth that covers his body and head, with his hands pressed to his head as if in distress or exhaustion. To his left, a round, woven basket rests on the ground. The setting appears to be indoors or in a shadowed courtyard, with a dark doorway or opening visible to the right. The man’s feet are bare and resting on the step. The scene is rendered in grayscale, with strong contrasts between light and shadow. The stone wall behind him is uneven and textured, while the step and floor are dark and indistinct. The lighting seems to come from the left, illuminating the man’s face and the basket, while the right side of the image and the doorway remain in deep shadow. The artist’s signature is visible in the bottom left corner."
Art_Nouveau_Modern/henri-de-toulouse-lautrec_moulin-rouge-l-union-franco-russian.jpg,"This artwork shows two people standing side by side, facing each other slightly, in a sketchy, dark-toned style. The figure on the left is larger and wears a dark, form-fitting dress with a high collar, standing with one hand on their hip and the other near their side. The figure on the right is smaller, wearing a light-colored, loose-fitting garment with a cap, and has a small, rectangular patch on the chest with some writing on it. Both figures are drawn with loose, sketchy lines, and their faces are simplified with minimal detail. Behind them, there is a dark, indistinct background with faint, circular shapes that suggest lights or reflections. The overall tone is monochromatic, using shades of gray and black, with no bright or vivid colors. The texture appears rough and grainy, as if made with a dry medium like ink or charcoal. The figures are positioned in the center of the frame, with the left figure slightly more prominent. The artwork has a small signature or mark in the bottom right corner."
Post_Impressionism/paul-cezanne_three-skulls-on-a-patterned-carpet.jpg,"The artwork shows three human skulls resting on a dark, textured surface, with a cluster of bright pink flowers placed in front of them. The skulls are positioned close together, with one slightly behind the others, and all appear to be facing forward. The background is dark and indistinct, with muted green and black tones, suggesting a shadowy or dimly lit environment. The foreground is dominated by the skulls and flowers, with the flowers appearing to be arranged in a shallow, somewhat chaotic manner around the base of the skulls. The surface beneath the skulls and flowers is rough and uneven, with visible brushstrokes and a mix of dark browns and blacks. The lighting is dim, with a faint, warm glow illuminating the skulls and flowers from the front, creating subtle shadows that define their forms. The texture of the painting is thick and impasto, with visible brushstrokes that give the surface a rough, tactile quality. The colors are starkly contrasted, with the bright pink of the flowers standing out against the dark, earthy tones of the skulls and background. The overall impression is one of stillness and heaviness, with the objects arranged in a way that suggests they are resting or placed deliberately on a surface."
Post_Impressionism/edouard-cortes_st-denis-4.jpg,"This artwork shows a busy, wet city street at dusk or early evening, filled with people and vehicles. The scene is framed by tall buildings on both sides, with a central street that recedes into the distance. On the left, a brightly lit storefront with a green awning is visible, and a cart with flowers sits near the curb. A group of people, including a woman in a red coat and a child in a light blue coat, walks toward the center of the street. Other figures are scattered along the sidewalk and street, some walking, others standing. A vintage car is parked on the right side of the street, and a tall, light-colored structure stands in the center background. The ground is wet and reflective, catching the glow of streetlights and shop windows. The sky is a pale, hazy blue, and the overall lighting is warm and dim, with strong contrasts between the bright lights and the darker surroundings. The painting has a textured surface, with visible brushstrokes, and the colors are rich and saturated, especially in the warm tones of the lights and the wet pavement. The artist’s signature is visible in the bottom right corner."
Romanticism/ivan-aivazovsky_the-shipwreck-1894.jpg,"The artwork depicts a large, old-fashioned sailing ship struggling through rough, churning ocean waves. The ship is tilted to one side, its masts and rigging visible, and it appears to be in distress or caught in a storm. A smaller boat is nearby, also in the water, and a single white bird is visible far to the right. The sky is overcast and gray, blending into the sea, with no clear horizon. The water is dark blue and green, with white foam and spray from the waves. The painting is signed in the lower right corner, and the year 1892 is visible near the signature. The surface of the painting has a textured, slightly grainy appearance, and the colors are muted and atmospheric, with no strong light sources. The overall impression is one of a violent, chaotic sea with a vessel in peril."
Romanticism/alexander-orlowski_portrait-of-a-cabman-1820.jpg,"This artwork shows a portrait of a man with a full beard and curly hair, wearing a dark, high-collared garment and a distinctive hat with a large, rounded, reddish-brown top and a dark band around its base. The man is facing forward, looking directly at the viewer, with a neutral expression. The hat sits atop his head, centered in the composition, and the garment covers his shoulders and chest. The background is plain and light-colored, with faint, sketchy lines suggesting depth or shadow behind the figure. The image has a hand-drawn quality, with visible pencil or charcoal strokes and areas of smudging. The colors are muted, with the reddish-brown of the hat being the most prominent, contrasted against the dark clothing and the pale background. A signature or inscription is visible in the lower right corner, written in a cursive style, but the letters are not clearly legible."
Symbolism/nicholas-roerich_lake-dal-1925.jpg,"This artwork shows a large mountain range stretching across the background, with a wide, calm body of water in the foreground. The mountains are rugged and layered, with sharp ridges and deep shadows, and the water reflects the sky and mountains in a muted, smooth surface. In the middle ground, between the mountains and the water, there is a narrow strip of land with sparse vegetation and a few small, indistinct structures, possibly buildings or trees. The sky above is overcast, with soft, gray clouds. The colors are dominated by cool blues and purples in the mountains, with hints of brown and ochre in the shadows and lower slopes. The water is a flat, grayish-blue, with subtle variations in tone suggesting gentle ripples. The overall impression is one of vast, quiet landscape, with no people or animals visible. The texture of the painting appears rough and impasto in places, especially on the mountains, suggesting thick brushwork. The composition is balanced, with the mountains occupying the upper two-thirds of the canvas and the water filling the bottom third. There are no figures or moving elements in the scene."
Minimalism/robert-ryman_untitled-from-six-aquatints-1975.jpg,"The artwork shows a single, solid white square centered on a flat, uniform pale peach background. The square is the only object in the composition, and it occupies the central area of the frame. There are no figures, no movement, and no other shapes or textures visible. The white square has clean, straight edges and appears to be a flat, matte surface. The background is a consistent, unbroken color with no variation in tone or texture. The lighting is even, with no shadows or highlights, suggesting a neutral, flat illumination. The overall impression is one of minimalism and stillness."
Symbolism/jacek-malczewski_death-of-ellenai.jpg,"The artwork shows a man lying on a wooden floor, his head resting on a pile of fur, with his arms and legs spread out. He is wearing a light-colored shirt and dark pants, and his body is positioned so that his feet are near the viewer’s perspective. Another person, with dark hair and a beard, is lying beside him, their head close to the man’s foot, appearing to be kissing or touching it. The man’s head is tilted back, and his eyes are closed. In the background, there is a fireplace with a dark curtain hanging above it, and several bottles are visible on a surface near the fireplace. To the right, a large piece of animal hide hangs from the ceiling. The floor is made of light-colored wood planks. The lighting is dim, with a warm glow coming from the fireplace area, casting shadows across the scene. The textures suggest rough fabric, fur, and wood, with the fur appearing thick and coarse. The colors are muted, with earthy tones dominating the scene, and the overall atmosphere is quiet and intimate."
High_Renaissance/luca-signorelli_the-last-judgment-the-left-part-of-the-composition-the-blessed-consigned-to-paradise-1502.jpg,"This artwork depicts a dramatic religious scene with many figures in motion, set within an arched, decorated interior space. At the top, several angelic figures with wings are shown in flight, some holding musical instruments like lutes. Below them, a group of people, some nude and some clothed, are gathered around a central figure who appears to be in distress or being embraced, with others reaching toward or away from them. To the left, a tall, ornate wall with small circular portraits and decorative carvings runs vertically. In the center foreground, there is a dark, arched doorway with a blank, light-colored panel. To the right, a stone-like structure with carved details is visible. The background is a golden, textured surface with small dots, suggesting a celestial or heavenly realm. The figures are rendered with varied clothing colors, including reds, blues, and earth tones, and their poses suggest urgency, movement, and emotional intensity. The overall composition is crowded and dynamic, with figures overlapping and interacting in a complex arrangement. The lighting appears to come from above, illuminating the upper figures and casting shadows on the lower figures and the architectural elements. The textures suggest painted surfaces, with some areas appearing worn or faded."
Art_Nouveau_Modern/alexandre-benois_a-coachman-and-a-nurse-costume-design(1).jpg,"This artwork depicts two figures, a woman on the left and a man on the right, standing close together. The woman is dressed in a long, flowing gown with a light blue skirt and a white bodice, adorned with small red dots. She has a white veil or shawl draped over her head and shoulders, and her hands are raised near her head as if adjusting or holding the veil. Her face is turned slightly toward the man, and she appears to be smiling. The man is wearing a red coat with gold trim, dark blue trousers, and a black hat with a gold band. He has a beard and is smiling broadly, with one hand resting on the woman’s shoulder and the other holding a long, thin object that looks like a cane or stick. His posture is upright and slightly angled toward the woman. The background is plain and unadorned, with some faint handwritten notes visible at the top left and bottom of the image, but no other objects or scenery. The colors are bright and distinct, with the red of the man’s coat and the blue of the woman’s dress standing out against the pale background. The lines are sketchy and appear to be drawn with a pen or pencil, giving the image a loose, informal quality. The figures are positioned in the center of the frame, with the woman on the left and the man on the right, facing each other."
Mannerism_Late_Renaissance/paolo-veronese_end-wall-of-the-stanza-del-cane-1561.jpg,"This artwork shows a painted interior space with two main painted panels set into a decorative architectural frame. The upper panel depicts a religious scene with a central figure of a woman holding a child, flanked by other figures, all under a draped canopy. Below, a large rectangular panel shows a landscape with a blue sky, trees, distant buildings, and water, framed by tall, fluted columns. On either side of the landscape panel, there are statues of nude and draped figures standing on pedestals. The entire structure is surrounded by ornate carvings, including decorative moldings, small sculpted faces, and a broken oval medallion at the bottom center. The colors are muted, with dominant tones of white, gray, blue, and earthy browns. The surfaces appear to be painted on plaster or wall, with some areas showing signs of aging or cracking. The figures in the upper panel are arranged in a group, with the central woman holding the child, while the figures around her are in various poses, some appearing to support or attend to her. The landscape panel is centered, with the statues positioned symmetrically on its left and right sides. The columns are vertical and evenly spaced, framing the central scene. The overall structure suggests a formal, enclosed space with a clear division between the upper religious scene and the lower landscape."
Ukiyo_e/katsushika-hokusai_ocean-waves.jpg,"This artwork shows a dramatic sea scene with two small boats navigating turbulent, massive waves. The waves are rendered with strong, sweeping lines and white foam, suggesting great power and motion. One boat is in the upper left, appearing to be moving away from the viewer, while the other, larger boat is in the lower center, with figures on board. The figures in the lower boat are shown in active poses: one stands at the bow, leaning forward, and another is seated near the stern, both appearing to be rowing or steering. A third figure is visible in the upper boat, also in a seated position. The scene is set against a dark blue sea and a distant, rocky shoreline on the right. The artwork uses bold, contrasting colors: deep blue for the water, white and light gray for the foam and wave crests, and a muted yellow for the boats. The texture of the waves is suggested through fine, parallel lines and stippled patterns, while the boats are depicted with flat, solid areas of color. A vertical red seal with Japanese characters is located in the upper right corner."
Abstract_Expressionism/sam-francis_untitled-from-pasadena-box-lembark-l61-1963.jpg,"The artwork shows a dynamic composition of large, irregularly shaped splotches in deep blue and black, scattered across a pale yellow background. These splotches vary in size and form, some appearing as rounded blobs, others as fragmented or dripping shapes. Smaller splatters of blue and yellow are scattered throughout the canvas, adding to the chaotic energy. The overall impression is one of energetic, spontaneous movement, as if paint has been thrown or splattered across the surface.

The largest splotches are positioned toward the center and left side of the canvas, with one particularly large, complex shape dominating the center. Smaller splotches and drips are distributed around the edges and in the background, creating a sense of depth and motion. The shapes do not appear to be posed or arranged in a structured way; they seem to be randomly placed, with some appearing to drip or trail downward, suggesting motion or gravity.

The colors are highly contrasting: deep blue and black against a bright yellow background. The texture appears flat and printed, with no visible brushstrokes or physical texture beyond the printed marks. The edges of the splotches are irregular and sometimes blurred, suggesting a printing or screen-based process. The background is uniformly pale yellow, with no discernible pattern or gradient."
Rococo/antoine-pesne_birth-of-christ-1745.jpg,"This artwork depicts a dimly lit, crowded scene centered around a small, glowing light source. In the center, a figure is seated on the ground, holding a small object that emits a bright, warm light, illuminating their hands and the immediate area. To the left, several figures are gathered, some standing and some seated, appearing to be observing or reacting to the central light. On the right, another figure is partially visible, also near the light source. The background is dark and indistinct, with shapes suggesting a rocky or uneven terrain. The overall atmosphere is one of focused attention on the central light, with surrounding figures in shadow. The painting uses strong contrast between the bright, warm glow and the surrounding dark, murky areas. The surface appears textured, with visible brushwork and cracks, suggesting an aged canvas. The colors are dominated by deep browns, blacks, and muted yellows, with the central light providing a stark, almost radiant contrast."
Abstract_Expressionism/joan-miro_not_detected_227940.jpg,"The artwork shows two abstract, stylized figures. The figure on the left is large and dominates the left side of the canvas, with a black outline, a red face, and two large, round eyes—one orange and one blue—set within a black frame. Its mouth is a dark, horizontal shape. The figure on the right is smaller, green and black, with a more fragmented form, and appears to be leaning or reaching toward the left figure. Between them, a thin, dark line stretches horizontally, suggesting a connection or barrier. The background is a textured, beige surface with scattered patches of color, including red, blue, green, and yellow, and some areas appear to have a shiny, reflective quality. The overall composition is dynamic, with the figures positioned close together, creating a sense of interaction or tension. The surface has visible texture, suggesting it was painted with thick, impasto strokes, and the colors are applied in bold, non-naturalistic ways."
Romanticism/francisco-goya_woman-battered-with-a-cane.jpg,"This artwork depicts a dramatic scene with three figures. A man stands in the center, holding a long stick or rod raised in his right hand, and appears to be striking or threatening a woman who is lying on the ground with her arms raised and head tilted back. The man is dressed in what looks like a short jacket and breeches, with his hair tied back. The woman is wearing a long dress and is positioned on her back, with her hands clasped above her head. Behind them, to the left, a third figure is partially visible, seated and wrapped in a cloak or shawl, with their head bowed and face obscured. The entire scene is rendered in grayscale, with strong contrasts between light and dark areas, suggesting a dramatic lighting effect. The drawing has a sketchy, rough texture, with visible lines and smudges, indicating it was likely created with pencil or charcoal. A number, “34,” is visible in the upper left corner. The figures are arranged so that the man and woman are in the foreground, while the third figure is in the background, to the left."
Baroque/peter-paul-rubens_the-victory-of-eucharistic-truth-over-heresy.jpg,"This artwork depicts a dramatic, crowded scene set within a grand, classical architectural frame. At the center, a muscular, bare-chested man in a red cloth around his waist is struggling with a large, dark-colored bull, his body twisted in exertion, one hand gripping the animal’s head, the other raised as if in pain or defiance. To his left, another man with a beard, wearing a blue garment, kneels and grips the bull’s head with both hands, appearing to try to control or restrain it. Behind them, a figure draped in white cloth, possibly a woman or older man, stands with arms outstretched, seemingly reacting to the struggle. To the right, a figure in a dark robe holds a torch, while another figure sits on the ground nearby, holding a small child. Above, a winged figure in a flowing white and pink garment extends a hand toward the center, as if offering or directing something. The entire scene is framed by ornate, carved stone columns and a decorative frieze at the bottom, suggesting a temple or palace setting. The lighting is dramatic, with strong contrasts between bright highlights on the central figures and deep shadows, emphasizing the tension and movement. The colors are mostly earthy and muted, with the red cloth and white drapery standing out against the darker tones. The textures suggest painted surfaces, with visible brushwork and the roughness of the stone architecture. The figures are rendered with dynamic poses, conveying urgency and physical struggle."
Baroque/bernardo-strozzi_salome-1630.jpg,"This artwork shows two women and a man’s head in a dark setting. One woman, in the center, is seated and leaning forward, her right arm extended toward the man’s head, which rests in a shallow dish on the table. Her left hand is near the head, and she appears to be touching or holding it. She wears a red bodice with a white ruffled collar, a green sash around her waist, and a white, flowing garment over her legs. She has a necklace with a dark pendant and a bracelet on her right wrist. To her left, another woman stands, looking toward the seated woman and the head. She wears a dark dress with a light-colored, possibly lace, collar and a necklace with small dark beads. Her hands are near the head, but her fingers are not clearly visible. The man’s head is bald, with a beard, and lies in a shallow, dark dish. The background is completely dark, with no visible objects or details. The lighting is focused on the women and the head, with the light source coming from the upper left, illuminating their faces and the head. The colors are rich but muted, with the red of the central woman’s bodice and the green sash standing out against the dark background. The textures suggest fabric, with the white garments appearing soft and flowing, and the dark clothing appearing heavy. The surface of the dish is smooth and reflective. The overall composition is intimate and focused on the interaction between the women and the head."
Realism/vasily-polenov_upper-pond-in-abramtsevo-1882.jpg,"This artwork shows a rural landscape with a small building nestled among dense trees, viewed from across a calm body of water. The water reflects the trees and sky, with patches of darker and lighter tones suggesting ripples or depth. The building, possibly a shed or small house, is partially obscured by foliage and has a sloped roof. To the right, near the water’s edge, there are indistinct shapes that appear to be people or objects, possibly a boat or equipment, but they are not clearly defined. The foreground consists of dry, yellowish grass along the water’s edge. The background is filled with thick, dark green and brown trees under a pale blue sky with faint clouds. The painting uses visible brushstrokes, with colors ranging from deep greens and browns to muted blues and yellows. The overall impression is one of quiet, natural surroundings, with the building and trees dominating the center and right side of the composition. A signature and the year “82” are visible in the bottom right corner."
Art_Nouveau_Modern/theodor-severin-kittelsen_har-dyrene-sj-l-cover-1894.jpg,"This artwork shows a man in a dark suit and top hat, bent over with his hands clasped near his chest, looking up at a large butterfly that is floating above him. The man’s head is tilted upward, and his eyes are closed as if he is in awe or startled. The butterfly has a light-colored body with dark spots and red-orange markings on its wings. Above the man, written in a flowing cursive script, is the text “Har Dyrene Sjal?”, and above that, in smaller letters, is the name “Th. Kjøttetun.” The background is a plain, light-colored surface with no other objects or details. The man is positioned in the lower left, and the butterfly is in the upper right. The artwork uses soft, muted colors and appears to be drawn with ink and watercolor, giving it a slightly textured, aged look."
Baroque/rembrandt_the-shepards-in-the-woods-1644.jpg,"This artwork shows a sketchy, monochrome scene of a rural landscape with two people and several animals. In the foreground, a man wearing a wide-brimmed hat stands, holding a small object in his hands, while a child sits on the ground nearby, facing away from the viewer. Around them, several sheep or similar animals are gathered, some lying down, others standing. Behind them, the terrain rises into a hillside covered with dense vegetation and trees. In the far background, a cluster of buildings, possibly a village or town, is visible atop the hill. The right side of the image is dominated by a large, dark tree. The drawing is done in a rough, sketchy style with visible lines and shading, suggesting it was made with pencil or charcoal on paper. The image has a textured, grainy surface, and the overall tone is dark and muted, with no visible color. The artist’s initials and a date are faintly visible in the upper left corner."
Color_Field_Painting/mark-rothko_red-white-and-brown.jpg,"This artwork shows a vertical composition dominated by a deep red background. On this background, there are three distinct horizontal bands of color. The top band is a dark, almost blackish-red, with a rough, uneven texture. The middle band is a large, rectangular area of orange-red, with a slightly textured surface and irregular edges. The bottom band is a narrow, horizontal strip of white, with a jagged, uneven edge. The bands are separated by thin red lines, and the entire piece is set against a solid red field. The colors are bold and saturated, with the white band contrasting sharply against the red. The textures of the bands appear rough and applied with visible brushstrokes or thick paint, giving the surface a tactile quality. The composition is centered, with the bands aligned vertically, and there are no figures or other objects present."
Color_Field_Painting/anne-truitt_remember-no-6-1999.jpg,"This artwork shows a flat, rectangular surface painted with two distinct horizontal bands. The upper portion is a solid, bright red, covering most of the canvas. The lower portion is a solid, deep black, forming a narrow strip along the bottom edge. The red and black areas are separated by a straight, clean line. The surface has a textured, slightly uneven finish, with visible brushstrokes and slight imperfections along the top edge, suggesting it was painted directly onto a physical surface. The colors are bold and saturated, with no gradients or variations within the red or black areas. The overall composition is simple and geometric, with no figures, objects, or movement depicted."
Color_Field_Painting/charles-hinman_double-kite-1981.jpg,"This artwork shows a three-dimensional abstract form made of flat, angular pieces arranged in overlapping layers. The form is composed of four distinct colored sections: a large orange-red panel, a large white panel, a small black triangle, and a small blue triangle. The orange-red panel is positioned in the upper left, partially behind the white panel. The white panel dominates the center and extends diagonally from the upper left to the lower right, appearing to overlap the orange-red panel. The black and blue triangles are located at the bottom right, with the black triangle slightly behind the blue one. The surfaces of the pieces are smooth and appear to be made of a rigid, matte material. The lighting is even, with no strong shadows, and the colors are solid and saturated. The overall structure suggests a folded or layered object, with sharp edges and clean, geometric boundaries."
Early_Renaissance/giovanni-bellini_st-francis-in-ecstasy-1485.jpg,"This artwork shows a monk standing barefoot on a rocky path near a cliffside, looking upward and to his left. Behind him, a steep, light-colored rock face rises, with a simple wooden structure and a small table with a book on it to his right. To his left, a large, dark tree stands, and beyond it, a valley with a village and a castle on a hilltop under a cloudy sky. A single cow stands in the middle ground, near a fence and a small stream. The monk is wearing a long, brown robe with a hood, his hands slightly open as if in contemplation or prayer. The scene is set in a rugged, natural landscape with uneven terrain and sparse vegetation. The lighting is dim, with some areas illuminated by a weak, diffuse light, suggesting an overcast day. The colors are mostly muted earth tones—browns, grays, and dull greens—with the sky showing a dark blue and white clouds. The textures appear rough and natural, with the rocks and earth showing visible, uneven surfaces. The overall impression is one of quiet solitude in a remote, wild setting."
Romanticism/gustave-dore_don-quixote-5.jpg,"The artwork depicts a fallen knight in armor lying on the ground next to a dead horse, with a shield and two broken spears nearby. The knight is positioned on the left side of the image, lying on his back with his arms outstretched and legs extended, suggesting he is motionless. The horse is lying beside him, also motionless, with its head raised slightly. The shield is on the ground to the right of the knight, and the spears lie scattered near the knight’s feet. The background shows a steep, rocky cliff on the left, with a few tall, thin trees at the top of the cliff. The ground is uneven and covered with sparse vegetation, including dry, leafless bushes and some small patches of grass. The sky is dark and cloudy, with no visible sun or light source. The entire scene is rendered in black and white, with detailed shading and texture that suggests rough terrain and the worn surfaces of the armor and horse. The image is signed in the bottom left corner and has a caption below that reads: “After his beating, the Don calls for his ideal lady, Dulcinea del Toboso (I, 5).”"
Early_Renaissance/filippo-lippi_birth-and-naming-st-john-1465.jpg,"This artwork depicts a religious scene set inside a building with an arched ceiling. In the center, a figure lies in a bed with a green blanket, surrounded by several other figures. To the left, a woman in a red robe stands beside a small child, while another figure kneels before the bed, reaching toward the child. A third figure, also kneeling, is positioned near the bed’s foot, appearing to assist or attend to the child. To the right, a woman in a blue robe sits holding a small child, while another figure in red robes stands nearby, and a fourth figure sits beside them, holding a book or scroll. The room has architectural elements like columns and arches, with a red patterned ceiling visible above the bed. The walls are plain, and the floor is a reddish-brown color. The figures are dressed in robes of various colors, including red, blue, and gray, and their poses suggest reverence or care. The lighting is even, with no strong shadows, and the colors are muted, with reds and earth tones dominating the scene. The surface appears to be painted on a wall, with visible cracks and signs of age."
Cubism/gino-severini_still-life-with-the-dome-of-st-peter-s-1943.jpg,"This artwork shows a still life scene viewed from inside a room, with a large window framing a distant cityscape. In the foreground, on a table, are various objects: a fish lying flat, a basket with fruit, a bowl with grapes and other items, and several decorative bottles or vases. The window is open, revealing a view of a large domed building and another smaller dome in the distance, suggesting a city skyline. The room has patterned curtains on the left and right sides of the window, and the window frame is painted a light brown. The objects on the table are arranged in a cluttered, overlapping manner, with the fish and basket closest to the viewer, and the bottles to the right. The colors are bold and varied, with strong contrasts between the bright, saturated hues of the objects and the cooler, more muted tones of the background and window frame. The textures appear painted with visible brushstrokes, giving the surfaces a rough, tactile quality. The lighting seems to come from outside the window, casting shadows and highlights on the objects, especially on the fish and the fruit. The overall composition is flat and stylized, with no realistic depth or perspective. The artist’s signature is visible in the bottom right corner."
High_Renaissance/luca-signorelli_the-last-judgment-the-right-part-of-the-composition-the-damned-consigned-to-hell-the-left-part-1502.jpg,"This artwork shows a large, arched ceiling and walls covered in painted scenes, with a central window framed by painted figures. The walls are divided into two main painted areas: one on the left with angels and figures in motion, and one on the right with a scene of people in a fiery landscape, some falling into water. The central window is dark and has a grid pattern, surrounded by painted figures on either side. Below the window, there is a stone or marble structure with small statues of cherubs and what appears to be a pile of wooden sticks or rods. The entire space is surrounded by decorative borders with small painted portraits and intricate patterns. The colors are mostly gold, blue, and earth tones, with some reds and browns. The surfaces appear to be painted on plaster or wall, with some areas showing signs of wear or damage. The figures are depicted in various poses: some are flying or dancing, others are standing or falling, and some are holding objects like instruments or weapons. The central window is the focal point, with figures on both sides appearing to be in motion or interacting with the space around it. The overall impression is one of a large, ornate, and complex interior space filled with painted scenes and figures."
Post_Impressionism/edouard-cortes_boulevard-des-italians.jpg,"This artwork shows a busy, wet city street at dusk or early evening, with people walking, horse-drawn carriages moving, and buildings lining both sides. The scene is centered on a tree in the middle of the sidewalk, with a man standing near it holding a paper or map. To the right, a large, brightly lit building with signs reading “VAUDEVILLE” and “L’ÉCOLE INGRAT” dominates the corner, with people walking past its entrance. On the left, the street extends into the distance, showing more buildings, a carriage, and figures moving away. The ground is wet and reflective, with scattered fallen leaves. The sky is a pale yellow and gray, suggesting twilight. The lighting is warm and artificial, coming from the building’s windows and street lamps, casting bright glows on the wet pavement. The painting has a textured, impressionistic style, with visible brushstrokes and a focus on the interplay of light and shadow. The figures are mostly indistinct, with clothing and postures suggesting movement and daily life. The overall impression is one of a lively, urban environment captured in a moment of transition between day and night."
Pop_Art/hiro-yamagata_telephone-1987.jpg,"This artwork depicts a bustling, rain-soaked street scene in a city, likely Paris, with brightly lit storefronts and people walking under umbrellas. The street is flooded with water, reflecting the lights and signs of the buildings. A vintage green taxi is parked on the right side of the street, facing the viewer. In the center, a telephone booth stands with a person inside, and several people with umbrellas are walking along the sidewalk, some moving toward the left, others toward the right. The buildings lining the street have colorful, glowing signs, including “CASINO DE PARIS,” “PATISSERIE,” “NICOLE’S,” and “STELLA BY STARL” with “MODERN JAZZ QUARTET” beneath it. The ground is dark and wet, with reflections of the lights and signs visible on the water. The overall color palette is rich and saturated, with deep blues, reds, and yellows dominating the scene. The textures suggest a painted surface, with visible brushstrokes and a stylized, illustrative quality. The scene is crowded, with many figures and objects packed closely together, creating a sense of movement and activity."
Post_Impressionism/paul-gauguin_maternite-ii-1899.jpg,"This artwork shows three people in an outdoor setting. One person stands on the left, wearing a blue wrap, holding a green fruit in one hand and a basket filled with similar fruit in the other. Another person stands in the center, wearing a red wrap and holding a small bouquet of white flowers near their chest. A third person is seated on the ground in the foreground, holding a baby close to their chest. The background is a bright yellow sky with pink and green shapes suggesting clouds or foliage, and a dark, indistinct shape to the right. The figures are barefoot and appear to be in a natural, open space. The colors are bold and flat, with strong contrasts between the bright sky and the darker ground and figures. The textures suggest painted surfaces, with visible brushwork or smudges, especially in the background and on the figures’ skin and clothing. The figures are positioned with the standing ones behind the seated one, creating a sense of depth. The baby is wrapped in a light-colored cloth and is being held securely. The overall impression is one of a quiet, everyday moment in a tropical or rural environment."
Romanticism/ivan-aivazovsky_reval.jpg,"This artwork shows a wide expanse of choppy sea with many ships, including large sailing vessels and a small rowboat with several people in it, moving through the water. In the distance, a cityscape with prominent buildings and spires rises along the shoreline, suggesting a harbor or coastal town. The sky is filled with soft, hazy clouds, and the light appears to be fading or just beginning, casting a warm, muted glow over the scene. The small boat is in the lower right, with people seated and facing forward, seemingly navigating the waves. The large ships are scattered across the middle and left portions of the image, with one particularly tall vessel on the left and another with a red flag near the center. The water is dark blue and green with visible whitecaps, indicating movement and wind. The distant city is rendered in muted tones, with its architecture clearly defined against the sky. The painting has a textured surface, with visible brushstrokes and a slightly grainy quality, and the colors are subdued, dominated by blues, grays, and pale yellows. A signature and date, “A. K. 1845,” are visible in the lower right corner."
Mannerism_Late_Renaissance/paolo-veronese_st-francis-in-ecstasy.jpg,"This artwork shows two men in dark robes sitting on rocky ground in a wooded area. One man, on the left, is seated with his legs crossed, holding an open book and looking down at it. The other man, on the right, is kneeling on a rock, with his head tilted back and his right arm raised upward, as if reaching toward the sky. Between them, the landscape includes trees with brown and green leaves, and the sky above is dark with a faint glow near the top center. The entire scene is framed by a decorative, gold-colored border that has a scalloped, cloud-like shape. The painting uses muted earth tones, with the robes appearing dark gray or black, and the trees and rocks in shades of brown and green. The lighting is subdued, with no strong highlights, and the textures suggest a painted surface with visible brushwork. The figures are positioned in the center and left portions of the composition, with the kneeling figure slightly more central. The gold frame is ornate, with repeating patterns along its edges."
Realism/vasily-polenov_beirut-1882-1.jpg,"This artwork shows a coastal scene with a large, weathered white building with a red-tiled roof on a rocky cliffside, next to a smaller, darker wooden structure. In the foreground, a sandy and rocky beach has scattered broken wooden boats and debris. Two figures are near the water’s edge: one is crouched, appearing to be gathering or examining something, while the other stands nearby, facing away. A small, dark boat floats in the shallow water near the shore. The sea stretches to the horizon under a pale, overcast sky. The light is soft and diffused, with muted colors—mostly browns, grays, and faded blues—with the red roof and white walls of the buildings standing out. The textures suggest rough stone, weathered wood, and wet sand, with visible brushstrokes indicating the painter’s technique. The signature “Gennys” is visible in the lower right corner."
Realism/camille-corot_cowherd-and-her-child.jpg,"This artwork shows a rural landscape with a woman and a small child standing near the edge of a body of water, possibly a river or lake, with a cow nearby. In the background, there are houses nestled on a green hillside, partially obscured by trees. The scene is framed by bare tree branches in the foreground, with dense foliage on the left and a large, leafless tree on the right. The woman is dressed in dark clothing with a yellow head covering and is holding a long stick or pole, standing slightly bent forward. The child is small, close to her, and appears to be looking toward the water or the woman. The cow is lying down in the grass near the water’s edge, facing away from the viewer. The sky is overcast with soft, gray clouds, and the water reflects a muted, grayish tone. The overall color palette is subdued, with earthy greens, browns, and grays dominating, and the brushwork suggests a textured, somewhat impressionistic style. The lighting is diffused, with no strong shadows, giving the scene a quiet, subdued atmosphere. The foreground is dark and shadowed, while the background is slightly lighter, creating a sense of depth. The composition draws attention to the figures and the cow in the middle ground, with the houses and hillside receding into the distance."
Early_Renaissance/sandro-botticelli_scene-from-the-life-of-moses-1482(1).jpg,"This artwork depicts a large, crowded scene set outdoors in front of a grand, ancient-style stone archway. Many figures are gathered around a central stone pedestal or altar, with some standing, others kneeling, and a few lying on the ground. People are actively engaged in movement — some are reaching toward the center, others are gesturing or appearing to be in conflict. To the left, a group of figures is clustered near a building’s entrance, with one person appearing to be in a state of distress or collapse. On the right, a group of people stands in a more orderly formation, some with arms raised. The background features the archway, which is flanked by ruined buildings and distant hills under a cloudy sky. The scene is rendered with dramatic lighting that highlights the central figures and the arch, while the surrounding areas are in shadow. The colors are mostly earthy and muted, with some brighter tones on clothing and skin, suggesting a focus on the human activity. The textures appear rough and detailed, especially in the clothing and architectural elements, giving a sense of physical presence. The overall composition is dense and chaotic, with figures overlapping and filling the space."
Romanticism/francisco-goya_what-a-tailor-can-do-1799.jpg,"This artwork depicts a dramatic scene with a large, central figure standing tall and raising both arms upward, as if in a gesture of proclamation or supplication. Below this figure, a woman kneels on the ground with her head tilted up, hands clasped in prayer, looking toward the central figure. Around them, several other figures are gathered, some also looking upward, others appearing to be in distress or awe. In the background, fainter, sketchy figures are visible, suggesting a crowd or a heavenly presence. The central figure’s robe is long and flows around them, and their face is turned upward, with an expression that appears to be intense or emotional. The woman in the foreground is dressed in dark clothing with a hood, and her posture conveys deep reverence or fear. The entire scene is rendered in black and white, with strong contrasts and detailed line work that creates a sense of depth and movement. The text at the bottom reads “Lo que puede un Sastre!” which translates to “What a tailor can do!” — indicating the scene may be related to a specific event or character. The composition places the central figure as the dominant element, with the kneeling woman directly beneath them, and the surrounding figures arranged around the edges, creating a sense of focus on the central action. The artwork uses shading and line to suggest volume and texture, with the central figure appearing more prominent and detailed than the surrounding figures."
Romanticism/ivan-aivazovsky_darial-gorge-moon-night-1868.jpg,"This artwork shows a narrow, winding road cutting through a deep, dark mountain pass at night. A bright, full moon hangs high in the sky, casting a pale glow over the distant peaks and the valley below. The mountains rise steeply on both sides, their surfaces rough and shadowed, with the left side showing a darker, more textured rock face. In the lower left corner, a small group of figures is visible on the road, appearing to be traveling in a cart or wagon pulled by animals. The figures are small and dark, making it hard to discern their exact actions, but they seem to be moving along the path. The overall scene is dominated by deep blues and blacks, with the moon’s light creating a stark contrast in the sky and on the distant mountains. The road is barely visible, appearing as a thin, light-colored strip winding through the darkness. The texture of the rocks suggests rough, uneven surfaces, and the sky has a hazy, atmospheric quality with faint clouds. The composition places the viewer on the edge of the pass, looking down the path toward the distant, illuminated mountains."
Ukiyo_e/utagawa-kuniyoshi_the-actor-20.jpg,"The artwork shows a person with a highly expressive, distorted face, looking upward and to the left. Their eyes are wide and staring, eyebrows are sharply arched, and their mouth is open in a grimace or shout. Their hair is wild and curly, with a dark, smudged patch on top. They are wearing a large, ornate, ruffled collar that extends around their neck and shoulders, with decorative, cloud-like patterns drawn around it. Their arms are raised, with hands open and fingers spread, as if in motion or reacting to something. The figure’s body is partially visible, with the torso and arms shown in a dynamic, slightly tilted pose. The background is plain and unadorned, with no other figures or objects. The drawing is done in black ink and some faint reddish-brown wash on aged, beige-toned paper. The lines are bold and sketchy, with some areas of smudging and texture visible, especially in the hair and clothing. The paper shows signs of wear, including small stains and creases."
Realism/vincent-van-gogh_sorrow-1882.jpg,"The artwork shows a nude figure sitting on a rough, uneven surface, hunched over with their head bowed and arms wrapped around their knees. The figure’s body is curled inward, with their face hidden, suggesting a posture of withdrawal or sorrow. The figure’s legs are bent, feet bare and resting on the ground, and their hands are clasped or resting near their knees. The surface they sit on appears to be stone or concrete, with visible texture and rough edges. The background is a flat, indistinct area with horizontal lines suggesting a wall or distant horizon. The artwork is rendered in black and white, with shading and line work creating depth and form. The word “Sorrow” is written in a stylized script in the lower right corner, and a signature, possibly “V. van Gogh,” is in the lower left. The overall impression is one of stillness and isolation, with the figure occupying the center of the composition."
Cubism/raoul-dufy_the-trapeze-artists-1922.jpg,"This artwork shows a dynamic, crowded scene with several figures, mostly women, walking or standing under large, open umbrellas. The umbrellas are painted in various colors, including white, purple, and green, and are held by the figures. One woman in a bright red dress stands prominently in the center-left, her arms outstretched, as if in motion or balance. To her right, another figure in a green and gray outfit is partially obscured by an umbrella. In the lower right, a figure in red is bent over or lying down, with their body angled toward the bottom edge of the canvas. A bicycle is drawn in the lower left corner, outlined in black with simple wheels and frame. The ground is painted in warm, flat tones of orange and red, with a dark, triangular shape in the bottom center. The background is filled with abstract, radiating shapes and streaks of color, suggesting movement or a chaotic environment. The figures are stylized with simplified features and outlines, and the overall surface has a textured, painted quality with visible brushstrokes. The composition is tilted, giving a sense of motion or instability. The colors are bold and contrasting, with the red dress and the white umbrellas standing out against the darker, more muted background. The artwork appears to be on a flat surface, possibly paper or canvas, with no visible frame or border."
Early_Renaissance/sandro-botticelli_st-dominic(1).jpg,"The artwork shows a single figure standing in an open field, dressed in a long white robe and a dark, flowing cloak. The figure is raising their right arm upward, pointing toward the sky, while their left hand holds a small, dark object that appears to be a book or a scroll. The figure’s head is tilted back, and their gaze is directed upward, as if looking at or reaching toward something above. Behind them, the landscape stretches out with rolling hills, distant trees, and a wide sky filled with clouds. To the right, there is a faint suggestion of a stone structure or ruins. The ground is green and appears to be grassy. The lighting is soft and diffused, with no harsh shadows, and the colors are muted, dominated by earth tones and the stark contrast between the white robe and the dark cloak. The figure is positioned in the center of the composition, with the landscape extending around them. The overall impression is one of a solitary figure in a vast, open space, engaged in an upward gesture."
Early_Renaissance/domenico-veneziano_st-john-the-baptist-and-st-francis-of-assisi.jpg,"This artwork shows two figures standing side by side under an arched structure. The figure on the left is a man with dark, disheveled hair, wearing a torn, dirty white garment tied around his waist, and he has a golden halo above his head. He is standing with his left hand on his chest and his head tilted upward, looking toward the right. The figure on the right is an older man with a bald head and a beard, wearing a long, dark brown robe with a hood, and also has a golden halo. He is standing with his hands clasped in front of him, looking down and slightly to the left, toward the other figure. Both figures are standing on a raised platform that appears to be made of stone or wood, and the background is dark and indistinct, with faint architectural elements like columns and arches. The painting has visible cracks and areas of flaking paint, suggesting it is an old fresco or mural. The colors are muted, dominated by earth tones, with the gold halos providing a contrast. The lighting appears to come from the front, illuminating the figures’ faces and upper bodies."
Abstract_Expressionism/sam-francis_untitled-l-213-sf-240-1976.jpg,"This artwork shows a chaotic, abstract composition made of black ink splatters and smears on a white background. The central area contains a dense cluster of dark, irregular shapes that resemble a mass of broken or fragmented forms, with some areas appearing to drip or smear outward. Around this central mass, smaller dots and streaks of ink are scattered across the entire surface, some appearing to radiate outward from the center, while others are randomly distributed. Thin, faint lines, possibly from a brush or tool, cross the canvas in various directions, intersecting with the ink marks. The overall impression is one of energetic movement and disruption, with no clear figure or object identifiable. The texture is rough and uneven, with the ink appearing thick and viscous in places, creating a sense of physical presence. The contrast between the black ink and the white background is stark, making the marks stand out sharply. There are no discernible foreground or background elements, as the entire surface is filled with the ink marks and lines. No figures or poses are present, as the work is abstract and non-representational."
Romanticism/paul-cezanne_the-negro-scipio-1867.jpg,"The artwork shows a muscular, bare-chested man sitting on a wooden chair, leaning forward with his head resting on his arms, which are draped over a white pillow or cushion. His body is angled toward the right side of the frame, and his legs are bent, with his feet resting on the chair’s seat. He is wearing dark green or blue pants that are loose and appear to be made of fabric, with folds and creases visible. The chair is simple, with a light brown or yellowish frame, and its legs are visible in the lower left corner. The background is dark and indistinct, with no clear features, and the lighting is focused on the man’s back and the white pillow, creating a strong contrast. The surface of the painting has visible brushstrokes, suggesting it is an oil painting. The colors are mostly dark browns, blacks, and muted greens, with the white pillow providing a stark contrast. The texture of the paint is rough and impasto in places, especially on the man’s skin and the chair, giving a sense of physicality. The overall composition is centered on the man’s posture, which conveys a sense of stillness and weight."
Realism/boris-kustodiev_poster-for-the-freedom-loan-1917.jpg,"The artwork shows a large, central figure of a man standing on a wooden platform, holding a rifle horizontally with both hands. He wears a dark, long coat with red trim on the collar and shoulders, a dark belt, and a fur hat with a red emblem. His face is stern, with a full beard, and he looks directly forward. Behind him and to his sides, there are multiple red flags with black text. Below him, a crowd of people is visible, some raising their hands or holding flags. The top of the image has large red text in Cyrillic script. The background is a plain, light beige color. The man is positioned in the center, dominating the composition. The flags are to his left and right, and the crowd is below him, surrounding the platform. The text is at the top, above the figure. The colors are mostly dark browns, reds, and black, with a light beige background. The texture appears to be a printed illustration with visible lines and shading, suggesting a hand-drawn or printed style. The lighting is flat, with no strong shadows, and the overall impression is that of a poster or propaganda image."
Mannerism_Late_Renaissance/giorgio-vasari_st-francis-receiving-the-stigmata-1548.jpg,"This artwork depicts a dramatic outdoor scene with a central figure kneeling on the ground, wearing a long, loose robe, and raising both hands upward as if in prayer or supplication. To the left, another figure lies on the ground, also in a robe, with one hand resting on their head, appearing to be asleep or in deep rest. Behind the kneeling figure, a large, dark tree dominates the center of the composition, its trunk and branches casting heavy shadow. Above the tree, in the upper left corner, a group of small, winged figures—likely angels—float in a glowing, light-filled area, suggesting divine presence or intervention. The background shows a distant, hazy landscape with faint outlines of buildings and hills under a dark, cloudy sky. The entire scene is framed by a thick, ornate gold-colored frame. The lighting is stark, with a strong contrast between the bright, almost radiant glow around the angels and the deep, shadowy areas surrounding the figures and the tree. The colors are mostly muted, with the robes of the figures appearing in pale, off-white tones, while the surroundings are dominated by dark browns, blacks, and grays. The texture of the painting suggests a rough, uneven surface, typical of oil paint on canvas, with visible brushwork and areas of smudging. The figures are rendered with clear, defined forms, though their details are obscured by shadow and the overall dark palette."
Pop_Art/keith-haring_andy-mouse-1985.jpg,"The artwork shows a cartoon-style mouse character standing upright with its hands on its hips, wearing glasses and a short-sleeved shirt with shorts. The mouse has large ears, a long tail, and is drawn with bold black outlines. Behind the mouse, there is a faint, larger, white outline of a similar figure, and the background is filled with pink splotches and abstract shapes. The words “Andy Mouse” are written in a stylized, dripping font at the bottom center of the image. The entire piece is set against a light blue background. The mouse is centered in the composition, with the text directly beneath it. The colors are bright and flat, with no shading or texture visible. The lines are thick and clear, suggesting it was drawn with a marker or similar medium. The pink splotches appear to be randomly placed across the background, not forming any specific pattern."
Realism/vincent-van-gogh_woman-s-head-1883.jpg,"This artwork shows a close-up portrait of a person’s face, viewed from the side. The person is wearing a dark, textured head covering that wraps around the head and obscures the top and back of the head. The face is turned slightly toward the viewer, with the right side of the face more visible. The eyes are dark and appear shadowed, with the left eye mostly obscured by the head covering. The nose and mouth are visible, with the mouth slightly open and the lips closed. The skin texture is rendered with fine, sketchy lines, suggesting wrinkles and contours. The background is a dark, grainy area with horizontal lines, possibly indicating a wall or surface behind the figure. The overall image is in black and white, with high contrast between the dark areas and the lighter tones of the face. The texture of the head covering and the face is rendered with visible, rough lines, giving the image a gritty, hand-drawn quality. The figure’s head is positioned in the center of the frame, with the face angled slightly to the left. The head covering appears to be made of a fabric material, with folds and creases visible. The image has a grainy, low-resolution quality, with some areas appearing pixelated or distorted. The figure’s expression is neutral, with no clear indication of emotion. The image does not show any other objects or figures. The figure’s head is the only prominent element in the image. The image does not show any movement or action. The figure is stationary, with no indication of motion. The image does not show any other people or objects. The figure is alone in the image. The image does not show any background details beyond the dark, grainy area behind the figure. The figure’s head is the only prominent element in the image. The image does not show any other people or objects. The figure is alone in the image. The image does not show any background details beyond the dark, grainy area behind the figure. The figure’s head is the only prominent element in the image. The image does not show any other people or objects. The figure is alone in the image. The image does not show any background details beyond the dark, grainy area behind the figure. The figure’s head is the only prominent element in the image. The image does not show any other people or objects. The figure is alone in the image. The image does not show any background details beyond the dark, grainy area behind the figure. The figure’s head is the only prominent element in the image. The image does not show any other people or objects. The figure is alone in the image. The image does not show any background details beyond the dark, grainy area behind the figure. The figure’s head is the only prominent element in the image. The image does not show any other people or objects. The figure is alone in the image. The image does not show any background details beyond the dark, grainy area behind the figure. The figure’s head is the only prominent element in the image. The image does not show any other people or objects. The figure is alone in the image. The image does not show any background details beyond the dark, grainy area behind the figure. The figure’s head is the only prominent element in the image. The image does not show any other people or objects. The figure is alone in the image. The image does not show any background details beyond the dark, grainy area behind the figure. The figure’s head is the only prominent element in the image. The image does not show any other people or objects. The figure is alone in the image. The image does not show any background details beyond the dark, grainy area behind the figure. The figure’s head is the only prominent element in the image. The image does not show any other people or objects. The figure is alone in the image. The image does not show any background details beyond the dark, grainy area behind the figure. The figure’s head is the only prominent element in the image. The image does not show any other people or objects. The figure is alone in the image. The image does not show any background details beyond the dark, grainy area behind the figure. The figure’s head is the only prominent element in the image. The image does not show any other people or objects. The figure is alone in the image. The image does not show any background details beyond the dark, grainy area behind the figure. The figure’s head is the only prominent element in the image. The image does not show any other people or objects. The figure is alone in the image. The image does not show any background details beyond the dark, grainy area behind the figure. The figure’s head is the only prominent element in the image. The image does not show any other people or objects. The figure is alone in the image. The image does not show any background details beyond the dark, grainy area behind the figure. The figure’s head is the only prominent element in the"
Pop_Art/patrick-caulfield_bananas-and-leaves-1977.jpg,"The artwork shows a cluster of bright yellow bananas, outlined in black, positioned in the center of the image. Surrounding the bananas are green leaf shapes, some appearing to hang over the top and sides, and below them are dark blue silhouettes of leaves and branches spread across a light gray background. The entire central image is framed by a wide, solid green border. The bananas are grouped together, curving slightly, and appear to be resting on the gray surface. The green leaves are mostly above and to the sides of the bananas, while the blue shapes are below and around them. The colors are flat and bold, with no shading or texture, and the edges of all shapes are sharp and defined. The image has a strong contrast between the yellow bananas, the green leaves, and the blue and gray areas. The artist’s signature and date are visible in the bottom right corner of the central image."
Rococo/george-morland_the-press-gang-1790.jpg,"This artwork depicts a chaotic, outdoor scene involving several men around a small wooden boat in shallow water near a dock or riverbank. On the left, a man in a green coat and white trousers stands on the muddy ground, holding a long chain or rope, appearing to pull or resist. In the center, a man in a red coat and black hat stands in the boat, gripping another man’s arm or neck, while a third man in a dark green coat and light trousers is also in the boat, leaning forward with his arms outstretched, seemingly involved in the struggle. To the right, two other men sit in the boat, one in a dark coat and hat, the other in a dark dress with a light collar, both watching the confrontation. Behind them, a large, weathered wooden building with a steep roof stands, and in the far background, the masts and sails of ships are visible through a hazy sky. The scene is lit by a soft, diffused light, with muted earth tones dominating the palette—browns, greens, reds, and grays—with the red coat standing out as a focal point. The water is muddy and turbulent, and the ground is uneven and wet. The figures are rendered with visible brushstrokes, suggesting a painting style that conveys movement and tension."
High_Renaissance/pietro-perugino_pala-di-sant-agostino-adoration-of-pastors.jpg,"The artwork depicts a figure with large, dark wings, wearing full armor, standing upright and facing forward. The figure holds a shield in front of its body with one hand and a long staff or spear in the other. The shield is ornate, with a central emblem and decorative patterns. The figure’s head is turned slightly to the right, with a calm expression. Behind the figure, the background shows a distant landscape with rolling hills and a blue sky, suggesting an open outdoor setting. To the left, a portion of a wooden structure or tool is visible, and to the right, a sword or blade rests on the ground. The figure’s armor is detailed with visible joints and plates, and the wings are broad and dark, extending outward from the back. The lighting is even, with no strong shadows, and the colors are muted, dominated by dark tones of the armor and wings, contrasted with the reddish-brown of the shield and the blue of the sky. The surface of the armor appears metallic and reflective, while the shield has a textured, possibly painted surface. The figure’s feet are planted firmly on the ground, and the overall posture is static and imposing."
Pop_Art/roy-lichtenstein_the-grip-1962.jpg,"The artwork shows a hand gripping a tool, specifically a screwdriver, with the hand positioned in the center of the frame. The hand is depicted in a clenched, firm pose, holding the screwdriver with its handle near the top and the metal tip pointing downward. The screwdriver’s head is circular and appears to be a flathead, with a white circle inside a black outline. The hand is outlined in white and filled with a red background that has a stippled texture, suggesting a printed or screen-like effect. The entire image is set against a solid red background, with no other objects or figures present. The hand and tool are the only elements, and they are centrally located, with the tool held firmly in the hand. The color is predominantly red and white, with the red background and the white outline of the hand and tool. The texture of the hand and tool appears to be printed with a halftone dot pattern, which is visible throughout the image. The image has no lighting effects, and the material appears to be flat and printed, with no sense of depth or dimensionality beyond the flat, two-dimensional representation."
Romanticism/ivan-aivazovsky_downpour-in-sudak-1897.jpg,"This artwork shows a dark, stormy landscape with a turbulent sea and a heavy, ominous sky. In the foreground, a muddy, uneven shore is littered with rocks and debris. A small, overturned cart with two oxen lies partially submerged in the mud, and a single figure sits atop the cart, facing away from the viewer. To the right, a dense cluster of dark trees and bushes stands at the edge of the shore. In the middle distance, a ship with a tall mast is visible on the water, far from the shore. Behind the ship, a faint, distant landmass appears as a dark silhouette against a thin band of pale light near the horizon. The sky dominates the upper half of the image, filled with thick, swirling clouds that are mostly dark green and black, with a faint glow near the horizon. The water is dark and choppy, reflecting the gloom of the sky. The overall color palette is dominated by deep greens, blacks, and browns, with only a narrow strip of pale light near the horizon. The texture of the painting suggests rough, heavy brushwork, especially in the sky and water, conveying a sense of chaos and weight. The figure on the cart appears motionless, and the oxen are still, suggesting a moment of stillness despite the storm. The painting is signed in the lower right corner, though the signature is not clearly legible."
Romanticism/caspar-david-friedrich_funeral-scene-at-the-beach.jpg,"This artwork depicts a somber outdoor scene with three figures on uneven, rocky ground. One figure lies face down in the foreground, appearing motionless, with a stick or pole beside them. To their right, a woman in a long dress sits with her head in her hands, looking down, while a man in simple clothing kneels beside her, also looking down, with his hands on his knees. A small dog stands near the woman’s feet. Behind them, a bare, twisted tree rises, and to the right, a tall, weathered cross stands on a hill, with a small stone structure nearby. The sky is pale and cloudy, and the entire scene is rendered in muted, earthy tones of brown, beige, and gray, with soft, diffused lighting. The ground is rough and uneven, with scattered rocks and sparse vegetation. The image has a faded, aged appearance, with visible texture and signs of wear. In the upper left corner, handwritten text reads “Von 26 Mei: 1799 invent:,” indicating the date and discovery of the artwork."
Art_Nouveau_Modern/jury-annenkov_russian-ballet-irina-grzhebina-1950.jpg,"This artwork is a poster advertising a ballet performance by the Ballet Russe, featuring a dancer named Irina Grjebina. The poster shows three stylized figures in dynamic, theatrical poses against a simple background. On the left, a large figure in a red jacket, purple pants, and black boots stands with one arm extended outward and the other on their hip, facing slightly to the right. In the center, a figure in a green dress with white floral patterns is shown in a low, twisting pose, with one arm raised and the other bent, as if caught mid-movement. To the right, a smaller figure in a black and red costume is airborne, with arms outstretched and legs spread, suggesting a leap or fall. The background is a flat, stylized sky with a blue and yellow gradient, and the figures are outlined with bold black lines. Text is printed in large, bold, black capital letters at the top and bottom of the poster, including the names “BALLET RUSSE” and “IRINA GRJEBINA,” and phrases like “CHANTS DANSES MUSIQUE” and “40 ARTISTES 300 COSTUMES.” The poster also includes the text “A TRAVERS L’U.R.S.S.” and “RUSSIE, UKRAINE, CAUCASE, BESSARABIE.” The overall style is graphic and illustrative, with flat areas of color and strong outlines, typical of early 20th-century poster design. The figures are not detailed with realistic textures, and the poster has a slightly aged, off-white paper appearance."
Ukiyo_e/utagawa-kuniyoshi_sotoku-invoking-a-thunder-storm.jpg,"The artwork depicts a figure with long, dark hair and a pale blue face, wearing a flowing, patterned robe, standing on a dark, rocky surface amid turbulent, dark waves. The figure is turned slightly to the side, with one hand raised and the other near the chest, appearing to be in motion or reacting to something. To the right, a thick, glowing orange line snakes through the waves, suggesting a path or force. In the upper right corner, there is a rectangular block of Japanese text on a red and blue background, with a small red seal to the left of the figure. The background is a flat, dark gray, and the overall scene is rendered with strong contrasts and dynamic lines to convey movement and intensity. The colors are limited to dark tones, with the orange line and the figure’s pale face providing contrast. The texture appears flat and printed, typical of a woodblock print."
Post_Impressionism/paul-cezanne_the-drinker-1891.jpg,"The artwork shows a man sitting at a wooden table, leaning forward with his right hand resting near his mouth, as if in thought or contemplation. He is wearing a dark hat, a dark coat over a lighter shirt, and appears to be seated in a dimly lit room. On the table to his left, there is a dark bottle and a small orange-colored object, possibly a fruit. The background is a solid, warm brown, and the table and the man’s clothing are rendered with visible brushstrokes, suggesting a textured surface. The lighting is subdued, with no strong highlights, and the colors are mostly earthy and muted, dominated by browns, dark grays, and a small patch of orange. The man’s posture is slumped slightly, and his head is tilted, with his gaze directed toward the viewer. The table is positioned to the left of the man, and the bottle and fruit are on its surface, close to the edge. The overall composition is tightly framed, with the man occupying the center-right portion of the image, and the table and objects to his left. The brushwork is thick and visible, giving the image a rough, tactile quality."
Realism/klavdy-lebedev_svyatoslav-s-meeting-with-emperor-john-as-described-by-leo-the-deacon-1916.jpg,"This artwork depicts a group of people on a riverbank, with one man in a small boat in the foreground. He is seated, wearing a white tunic and dark boots, holding a wooden oar with both hands, looking toward the group on the shore. On the bank, a group of men stands in a line, dressed in ornate, colorful robes and armor, some with crowns or ceremonial staffs. One man in the center wears a long, patterned robe and a head covering, gesturing with his hand. Behind them, a large, domed structure with a golden top is visible, suggesting a tent or pavilion. To the left, a few figures in armor stand further back on the grassy bank. The scene is set near water, with the boat in the foreground and the group on land behind it. The sky is pale and overcast, and the colors are muted, with the robes and armor showing gold, red, and brown tones. The textures suggest fabric, wood, and metal, with the boat’s wood grain and the figures’ clothing patterns visible. The overall composition places the man in the boat as the focal point, with the group on land appearing to be observing or addressing him."
Romanticism/gustave-dore_the-eagle.jpg,"The artwork depicts a large bird, resembling an eagle, soaring through a sky filled with clouds and mountains. The bird is shown in mid-flight, with its wings spread wide and its body angled downward, as if descending or moving through the air. Below the bird, jagged mountain peaks rise from the lower right corner, partially obscured by clouds. Behind the bird, a bright, circular light source—likely the sun—emits rays that cut through the clouds, illuminating the scene. The bird’s form is detailed with shading and texture, suggesting feathers and a dark, possibly cloaked body. The clouds are rendered with varied densities and shapes, some appearing turbulent or heavy, while others are lighter and more diffuse. The overall composition places the bird as the central focus, with the light source behind it and the mountains below. The image is in black and white, with strong contrasts between light and shadow, and the textures are created through fine lines and cross-hatching, giving the image a detailed, engraved appearance. The text at the bottom identifies the image as “THE EAGLE” and includes a line from a poem: “Terrible as the lightning he descended / And smote me upward even to the fire (Parg. IX. 29, 30).” The artist’s signature is visible in the lower left corner."
Pop_Art/hiro-yamagata_vacance-1980.jpg,"This artwork depicts a bustling, crowded street scene filled with buildings, signs, people, and vehicles. The central focus is a large, multi-story building with many signs, including “VACATION,” “CIGARETTE,” “PATISSERIE,” and “HOTEL.” The building is surrounded by other structures, some with blue roofs, and the street is packed with people walking, standing, and interacting. Several vintage cars are visible, including a blue one in the lower center and a dark-colored one to its right. A large striped awning covers a storefront at the base of the central building. The sky above contains floating objects like hot air balloons and a banner that reads “DON VOYAGE.” The overall impression is one of dense, chaotic urban life with many details competing for attention. The colors are bright and varied, with dominant tones of brown, blue, and yellow, and the textures suggest a painted surface with visible brushwork. The figures are small and stylized, appearing to be in motion or engaged in daily activities, with no clear focal point on any single person. The scene is framed by buildings on all sides, creating a sense of enclosure."
Minimalism/bruce-nauman_untitled-hand-circle-1996.jpg,"The artwork shows several human hands suspended in mid-air, hanging from thin wires against a plain, light-colored background. The hands are arranged in a tangled, overlapping cluster, with fingers interlaced and reaching toward each other in various directions. Some hands are open, others are curled or partially closed, and they appear to be gripping or pulling on the wires that hold them up. The hands are positioned mostly in the center of the frame, with no clear foreground or background separation. The material of the hands appears to be a solid, matte substance, possibly clay or resin, with a rough, uneven texture that mimics the natural skin and muscle structure of human hands. The color is a muted, earthy brown, with subtle variations in tone that suggest depth and form. The lighting is even and diffuse, casting soft shadows that help define the shape of the hands without creating harsh contrasts. The wires are thin and barely visible, hanging vertically from above, anchoring the hands in place."
Color_Field_Painting/mark-rothko_violet-black-orange-yellow-on-white-and-red.jpg,"This artwork shows a large, flat composition divided into horizontal bands of color. The central area is dominated by a wide, solid magenta rectangle, positioned in the middle of the canvas. Below it, a thin, solid black horizontal line runs across the width of the canvas. Underneath that line, there is a broad band of yellow, which is slightly lighter and more textured than the surrounding areas. The entire composition is framed by a thick, uneven border of off-white or cream color, which appears to be applied with a rough, brushy texture. On the left and right edges, there are vertical streaks of red, slightly blurred and irregular, extending from the top to the bottom of the frame. The surface of the painting has a visible texture, suggesting it was made with thick paint applied in broad strokes. The colors are bold and saturated, with no figures or objects present. The edges of the colored areas are not sharp but appear to be slightly blurred or smudged, as if the paint was applied with a wet or textured brush. The overall impression is one of strong, flat color fields arranged in a simple, geometric structure."
Northern_Renaissance/hieronymus-bosch_the-garden-of-earthly-delights-4.jpg,"This artwork shows two large, vertically aligned panels, each framed in dark wood with a thin gold inner border. Each panel contains a large, circular, half-sphere shape set against a dark background. Inside each half-sphere, there is a landscape scene with hills, trees, and scattered buildings, rendered in muted, earthy tones. The left panel shows a bright, almost white light source near the top center, casting rays downward into the landscape. The right panel has a similar landscape but with no such light source. Both scenes include small, dark, abstract shapes that appear to be animals or figures, scattered across the terrain. The surfaces of the half-spheres have a slightly textured, aged appearance, and the overall color palette is dominated by dark browns, grays, and muted whites. The panels are separated by a narrow vertical gap, and each has a line of small, faded text at the top, which is illegible. The entire piece is enclosed in a dark, ornate frame."
Realism/anders-zorn_mona-1911.jpg,"This artwork shows a detailed sketch of an elderly woman seated, facing forward. She is wearing a hooded garment with a dark, patterned fabric around her neck and shoulders, and her hands are clasped in her lap. Her face is deeply lined, and her expression is solemn and direct. The sketch is rendered in black ink on a light, textured paper, with visible grain and marks from the printing process. The woman is centered in the frame, with no other figures or objects around her. The background is plain and unadorned, emphasizing her presence. The artist’s signature, “Mona,” is visible in the upper right corner, and a small stamp or mark is in the lower left. The drawing uses strong contrasts and fine lines to create depth and texture, particularly in the folds of her clothing and the details of her face. The overall impression is one of quiet stillness and focus on the subject’s form and expression."
Romanticism/constantin-daniel-rosenthal_vanitas-1848.jpg,"This artwork shows a still life arrangement of objects on a dark surface, centered around a human skull with reddish-brown hair or fur on top. To the left of the skull is a large, ornate glass bottle with a brass or gold-colored top and a long, coiled hose. Behind the skull, a small, framed portrait of a woman’s face is visible, resting on a surface. To the right of the skull, a dark, slender figure, possibly a statue or doll, stands upright, holding a long, curved object that resembles a pipe or a tool. In front of the skull, a small, round mirror reflects a face, and next to it lies a pipe with a wooden stem and a metal mouthpiece. The background is dark and indistinct, with a faintly visible figure in a doorway or window frame. The lighting is dim, with a focused glow on the skull and the objects around it, creating deep shadows. The colors are muted, dominated by dark browns, blacks, and the pale, off-white of the skull. The textures suggest varied materials: glass, metal, wood, and possibly fabric or leather, with some surfaces appearing smooth and others rough or worn. The objects are arranged in a cluttered, dense composition, with no clear sense of depth or perspective."
Art_Nouveau_Modern/boris-kustodiev_the-guy-from-tula-1926-1.jpg,"This artwork shows a single figure, a man, depicted in a walking pose, facing toward the left side of the image. He is wearing a dark blue hat, a brown coat with wide, puffy sleeves, a white garment underneath with pink circular patterns, yellowish-brown pants with a spotted texture, and tall dark blue boots. His hands are visible, with red-painted fingers, and he appears to be in motion, with one leg forward and the other back, suggesting a step or stride. The figure is centered in the composition, with no other people or objects around him. The background is plain and light-colored, with no discernible features. The surface of the paper appears slightly textured and aged, and the colors are applied in a loose, painterly style with visible brushstrokes. In the lower right corner, there is handwritten text in a cursive script, which appears to be a signature and date, reading “T. Mykolaenko 1922.” The overall impression is that of a sketch or study, with a focus on the figure’s form and movement."
Abstract_Expressionism/raoul-ubac_rythme-circulaire-1972.jpg,"The artwork shows a flat, rectangular composition with a central area of dark blue horizontal lines that curve gently upward in the middle, forming a wave-like shape. These lines are evenly spaced and appear to be cut or layered, with thin white gaps between them. Above and below this central blue area is a light gray band that curves slightly to match the top and bottom edges of the blue section. The entire piece is set against a plain white background. The blue lines are arranged in a continuous, symmetrical pattern, and the gray bands frame them on top and bottom. The surface appears smooth and flat, with no visible texture or depth. The artwork is signed in the lower right corner and numbered in the lower left corner."
Northern_Renaissance/hieronymus-bosch_death-and-the-miser-1490.jpg,"This artwork shows a small, dark figure with wings, partially hidden behind a draped, reddish-orange cloth. The figure’s face is visible, looking forward with a neutral or somber expression. The wings are detailed with feather-like textures and appear to be spread slightly, but the figure is mostly obscured by the cloth. To the left, a stone pillar or column is visible, suggesting a building or architectural setting. Above the figure, parts of other objects or figures can be seen, including what appears to be a dark, curved object and a small, possibly metallic, tool or instrument. The cloth has folds and texture, suggesting it is made of a heavy fabric. The overall color palette is muted, dominated by earthy browns, dark tones, and the reddish-orange of the cloth. The lighting is subdued, with no strong highlights or shadows, giving the scene a flat, somber quality. The figure’s position is central, but low, almost at the level of the cloth, and appears to be peeking or emerging from behind it. The spatial arrangement places the figure and cloth in the center foreground, the pillar to the left, and the upper background elements above and behind the figure. The figure’s posture is static, with no clear movement, and its head is tilted slightly upward. The texture of the cloth is rough and heavy, while the wings have a more delicate, layered appearance. The background is mostly dark and indistinct, with no clear depth or detail beyond the immediate elements."
Realism/volodymyr-orlovsky_huts-in-summer-day-1870(1).jpg,"This artwork depicts a rural village scene, likely on a hillside, with several simple, low-roofed buildings clustered together. In the foreground, a dirt path runs diagonally from the lower left toward the center-right, with a few small figures near the buildings. One figure appears to be sitting or crouching near the center of the path, while another figure is positioned further to the right, near the edge of the path. The buildings are made of rough materials, with thatched or slanted roofs, and are surrounded by sparse vegetation and uneven ground. The background shows more structures and a distant treeline under a cloudy sky. The image is in grayscale, with no distinct colors, but there are variations in tone—darker areas for shadows and lighter areas for open ground or sky. The texture suggests rough surfaces, such as dirt, stone, and thatch, and the overall impression is one of a quiet, everyday rural setting."
Symbolism/ferdinand-hodler_saleve-in-autumn-1891.jpg,"This artwork shows a river flowing in the foreground, with a large, steep hill rising behind it. The hill is covered in trees with autumn-colored leaves, mostly in shades of orange, red, and brown, and has a rocky, cliff-like top. At the base of the hill, near the riverbank, there are a few small buildings, possibly houses, nestled among some green patches of land. The sky above is a pale, light blue-green. The river’s surface is textured with swirling blues, greens, and whites, suggesting movement and ripples. The artist’s signature, “F. Huddler,” is visible in the bottom right corner. The colors are vivid and applied in visible brushstrokes, giving the scene a textured, impressionistic feel. The river occupies the lower half of the image, while the hill and sky dominate the upper half. The buildings are small and located toward the center-left of the hill’s base, near the riverbank. There are no people or animals visible in the scene."
Ukiyo_e/katsushika-hokusai_oiran-and-kamuro.jpg,"This artwork shows two women dressed in traditional Japanese clothing, standing side by side against a plain, light blue background. The woman on the left is larger and more prominent, wearing a red kimono with a white floral pattern, a blue obi, and a tall, ornate hairstyle with golden hairpins. She is turned slightly away, looking down, with her body angled toward the right. Her kimono is draped in flowing folds, and she wears dark, flat-soled wooden shoes. The woman on the right is smaller and positioned to the right of the first, wearing a red kimono with a similar floral pattern, a red obi, and a decorative headdress with white and red elements. She is holding a small doll or figure dressed in blue and red, with her head tilted slightly upward. Both women are standing on the same level, with no significant depth or background elements behind them. The colors are rich and saturated, with the reds, blues, and golds standing out against the pale background. The fabric appears to be painted with fine, detailed patterns, and the figures are rendered with smooth, stylized features. The overall impression is one of stillness and formality, with no indication of movement or action beyond the static poses."
Romanticism/theodore-gericault_five-horses-seen-from-behind-with-croupes-in-a-stable-1822.jpg,"The artwork shows the rear view of four horses standing side by side in a stable or barn, all facing away from the viewer. Each horse is wearing a saddle with a red and white patterned blanket or saddle cloth. The ground is covered in straw or hay. Behind the horses, a dark, rough wooden wall or fence runs across the background, with some indistinct shapes that might be hay or other stable items. The horses are positioned in a line, with their bodies close together, and their legs are planted firmly on the ground. The lighting is dim, with a warm, yellowish glow illuminating the horses and the straw, while the background remains dark. The texture of the painting suggests brushstrokes and visible paint, with the straw appearing rough and the horses’ hides showing subtle variations in tone. The edges of the painting are worn, suggesting age."
Post_Impressionism/ilya-mashkov_vegetables.jpg,"This artwork shows a still life arrangement of various vegetables and fruits placed on a wooden surface. The objects are clustered together, filling the central area of the composition. On the left, there is a large green cabbage, a head of cauliflower, and a red ceramic jug. In the center, a large orange pumpkin sits prominently, surrounded by smaller items including a red apple, a yellow lemon, a red pepper, and a small onion. To the right, there is another cabbage, a cluster of grapes in multiple colors, a few carrots, and a pear. The background is dark and indistinct, suggesting a wall or curtain, and the wooden surface beneath the objects is visible. The lighting appears to come from the left, casting shadows to the right, and the colors are rich and varied, with strong contrasts between the bright vegetables and the dark background. The textures of the objects are rendered with visible brushstrokes, suggesting a painted surface."
Baroque/rembrandt_the-crucifixion-an-oval-plate-1640.jpg,"This artwork depicts a crucifixion scene, showing three figures on crosses. The central figure is a man with his arms outstretched, nailed to a cross, with his head tilted back and eyes closed. To his left, another figure is nailed to a cross, with his body slumped and head down. To the right, a third figure is also nailed to a cross, with his arms spread wide and head tilted back. Below the crosses, a crowd of people is gathered, some standing, some kneeling, all facing the crucified figures. The crowd is mostly in shadow, with some figures appearing to be in distress or in prayer. The entire scene is enclosed within an oval frame, and the background is a plain, light-colored surface. The artwork is rendered in black and white, with detailed lines and shading that create a sense of depth and texture. The figures are drawn with clear outlines and varying degrees of detail, with the central figure being the most prominent. The lighting is not explicitly shown, but the contrast between the dark figures and the light background suggests a focus on the central scene. The texture appears to be that of a printed or etched image, with fine lines and shading that give the image a sense of depth and realism."
Pop_Art/hiro-yamagata_balloon-race-1990.jpg,"This artwork shows a wide, colorful cityscape under a bright sky, filled with many hot air balloons of various shapes, sizes, and bright patterns. The balloons float at different heights, some near the ground, others high above, and some appear to be carrying small figures or objects. Below, a river flows beside a bridge with cars moving across it, and the city skyline includes buildings, trees, and statues. In the foreground, there are more balloons and swirling ribbons of confetti, suggesting celebration or festivity. The scene is set during daylight, with clear blue skies and soft, even lighting. The colors are vivid and saturated, with bold patterns on the balloons and a mix of natural tones in the city and landscape. The textures appear smooth and painted, with no visible brushstrokes or rough surfaces. The overall impression is one of joy, movement, and a lively, surreal urban environment."
Northern_Renaissance/jean-fouquet_capture-of-jerusalem-by-herod-the-great-1475.jpg,"This artwork depicts a grand, crowded scene set within a large, ornate hall. At the center, a figure in golden armor and a crown rides a horse, facing toward the left. To the right of this central figure, a person in a yellow robe kneels on the ground, with another figure in blue kneeling beside them. Behind the central figure, a white stone basin holds several figures submerged in water, with a small golden fountain in the center of the basin. Above this, a raised platform with golden pillars supports a throne-like structure where a figure in gold robes sits, surrounded by other figures in blue robes. To the left, a group of armed men in blue and gold armor stand with weapons drawn, some on horseback. To the right, more figures in armor and red banners are visible, some on horseback, others on foot. The background shows a distant cityscape with towers and buildings under a dark sky. The entire scene is framed by a gold border. The colors are rich and varied, with gold, blue, red, and earth tones dominating. The textures suggest stone, metal, and fabric, with the gold elements appearing shiny and the stone surfaces rough. The lighting is diffuse, with no strong shadows, and the overall impression is one of a busy, formal, and possibly ceremonial gathering."
Early_Renaissance/fra-angelico_view-of-the-chapel-vaulting.jpg,"This artwork shows a ceiling painted with religious scenes, divided into four large triangular sections by a central cross-shaped pattern. Each triangle contains a group of figures, mostly dressed in robes of various colors, gathered around central figures. The top center triangle depicts a scene with a cross and figures surrounding it, with Latin text above. The bottom center triangle features a seated figure in a circular frame, holding a globe, surrounded by smaller figures. The left and right triangles show large groups of figures, some with halos, arranged in clusters, with Latin text on the right side. The figures are mostly standing or kneeling, facing inward toward the central areas, with some appearing to be in prayer or discussion. The entire surface is dominated by gold, with decorative borders in green, white, and brown, and the figures are painted with visible brushwork and flat, bright colors. The central point where the cross meets has a small, round, white object. The painting appears to be on a ceiling, with the edges of the structure visible at the bottom."
Baroque/annibale-carracci_the-butcher-s-shop.jpg,"This artwork shows two men working in a butcher’s shop, surrounded by hanging animal carcasses. One man, wearing a reddish shirt and white apron, stands in the center, holding a large knife and cutting meat from a carcass on a wooden block. The other man, in a white tunic and green boots, stands to the right, holding a knife and looking toward the viewer, with a carcass hanging above his head. A small animal head lies on the floor in the lower right corner. The space is filled with hanging meat, including a large, partially skinned carcass on the left and several other carcasses suspended from hooks along the ceiling. The room has a wooden ceiling and walls, with a dark, shadowy background. The lighting is dim, focused on the men and the meat they are handling, with the rest of the room in shadow. The colors are muted, dominated by browns, reds, and grays, with the white apron and tunic standing out. The textures suggest rough wood, raw meat, and coarse fabric, with the meat appearing wet and bloody. The overall impression is one of a busy, functional, and somewhat grim environment."
Early_Renaissance/benozzo-gozzoli_tabernacle-of-the-madonna-delle-tosse-assumption-of-the-virgin.jpg,"This artwork depicts a religious scene with a central figure seated on a high, cloud-like platform, surrounded by angels with wings, all above a group of people gathered below. The central figure is dressed in flowing, light-colored robes and appears to be in a position of authority or divine presence. Below, a group of men, some with halos, are gathered around a stone altar or table, with their hands raised in prayer or awe. One man in the center, wearing a brown robe, is kneeling with his hands clasped. To the left, a man in a blue and orange robe stands with his arms raised, looking upward. The background shows a landscape with trees, hills, and a distant town, suggesting a setting on earth. The entire scene is framed by an arched architectural structure, with visible wooden beams and decorative moldings. The colors are muted, with earth tones, blues, and pale pinks, and the surface appears to be painted on a wall, with some areas showing signs of aging or damage. The figures are arranged in a clear vertical division: the divine figures above, the earthly figures below, and the altar at the center bottom. The light seems to emanate from the central figure, illuminating the scene from above. The textures suggest a painted surface, with visible brushwork and faded areas."
High_Renaissance/giorgione_musical-instruments-music-1510(1).jpg,"This artwork shows a collection of abstract, geometric shapes and forms arranged in a complex, layered composition. The central focus is a large, flat, circular object with a small, dark, oval-shaped mark in its center, positioned toward the upper left. Below it, a larger, irregularly shaped object with a patterned circular design near its center dominates the lower half of the image. To the right, a series of vertical, cylindrical forms rise from the lower right corner, appearing to be stacked or grouped. Along the edges and between these forms, wavy, ribbon-like lines curve in and out, suggesting movement or connection. In the lower right, a cluster of small, circular, button-like shapes is arranged in a grid-like pattern. The entire scene is rendered in a limited palette of earthy browns, grays, and off-whites, with visible texture suggesting rough, possibly carved or painted surfaces. The forms are not clearly defined as recognizable objects, but their shapes and arrangement suggest mechanical or architectural elements. The composition is dense, with no clear foreground or background, and the objects appear to be interlocked or overlapping, creating a sense of depth through their placement and the shadows between them. The lighting is flat and even, with no strong directional highlights, and the textures are rough and tactile, as if the surface were made of stone or heavy paper."
Art_Nouveau_Modern/felix-vallotton_portrait-of-english-writer-and-illustrator-aubrey-beardsley-1898.jpg,"This is a black-and-white line drawing of a young man shown in profile, facing left. His head is turned slightly downward, and his eyes are closed or looking down. He has short, neatly combed hair with a distinct side part. He is wearing a collared shirt and a jacket with vertical stripes. The background is a solid black oval shape that frames the figure’s head and shoulders. The drawing is rendered with fine, sharp lines, and the artist’s initials “EV” are visible in the lower-left corner. The figure’s face and clothing are detailed with clear outlines and shading, while the background remains uniformly dark and untextured."
Mannerism_Late_Renaissance/giorgio-vasari_pope-clement-vii-1478-1534-marrying-catherine-de-medici-1519-1589-and-henri-ii-of-france-1519.jpg,"The artwork shows a ceiling decorated with multiple painted scenes, framed in ornate gold and white moldings. The central oval painting depicts a group of people in historical or religious attire, with one figure in a red robe extending a hand toward another figure in a white robe, while others stand or sit around them. To the left and right of the center, there are smaller rectangular paintings showing groups of people in various poses, including one with a dog and another with a reclining figure. Above the center, a larger rectangular painting shows a scene with multiple figures, some seated and one reclining, with a dog nearby. The ceiling also includes decorative elements like carved figures and gold-leafed borders. The paintings are surrounded by elaborate gold and white architectural moldings, with some sections featuring small, circular, gold-leafed designs. The colors in the paintings are varied, with visible reds, blues, and earth tones, and the surfaces appear to be painted on a flat, possibly plastered, ceiling. The overall impression is one of grandeur and complexity, with the paintings arranged in a symmetrical, formal layout."
Baroque/diego-velazquez_prince-balthasar-carlos-on-horseback-1635.jpg,"The artwork shows a young child riding a horse in a dynamic, mid-air pose. The child, wearing a dark hat and ornate clothing with a pink sash, holds a long red stick or baton. The horse is dark brown with a flowing mane and tail, rearing up with its front legs lifted, as if captured in motion. The background features a landscape with rolling hills, distant mountains, and a cloudy sky in shades of blue and green. The foreground is dark, with the horse and rider positioned centrally, dominating the composition. The lighting appears to come from above, illuminating the child and horse against the darker surroundings. The colors are rich and saturated, with the red of the stick and sash contrasting against the darker tones of the horse and background. The textures suggest painted surfaces, with visible brushwork and a sense of movement in the horse’s mane and the child’s clothing."
Art_Nouveau_Modern/sergey-solomko_st-george-coming-to-the-rescue.jpg,"This artwork depicts a dramatic scene with three main figures. On the left, a knight in full armor rides a white horse, pointing forward with one hand while holding a sword in the other. The knight’s armor is detailed with visible plates and straps, and the horse is adorned with a decorative headpiece and reins. In the center foreground, a man with a prominent mustache and balding head lies on the ground, wearing a dark, heavy cloak or robe, and appears to be unconscious or dead. Behind the knight and to the right, a woman in a light-colored dress stands with her head tilted back, her arms raised, and a sign above her head reads “BELLEVILLE.” The background shows a distant, dark silhouette of a cityscape with towers. The image is in black and white, with strong contrasts between light and dark areas, and the textures suggest detailed line work and shading typical of a printed illustration. The text along the right edge identifies the image as “S.-GEORGES A LA RESCousse” and includes the artist’s name, “Prix S. Solonko,” and other publication details."
Art_Nouveau_Modern/aubrey-beardsley_page-preceding-contents-list.jpg,"This artwork shows a single figure, a man dressed in elaborate, theatrical clothing, standing in a dynamic, slightly tilted pose. He is wearing a tall, ornate hat with a feather, a ruffled collar, a coat with large dark spots, and a long, flowing garment that drapes around his body. He holds a large feather quill in his right hand, raised as if in motion, and his left hand is extended outward with an open palm. His legs are positioned with one foot forward and the other slightly back, suggesting movement or a dramatic stance. The figure is surrounded by decorative elements: a garland of flowers and ribbons lies at his feet, and similar ornamental motifs appear in the lower corners of the image. The entire image is rendered in black ink on a light, off-white background, with no visible color. The lines are detailed and precise, creating a sense of texture through the intricate patterns on the clothing and the decorative elements. The figure is centered in the composition, with the decorative garlands framing the bottom of the image. The artwork has a clear, defined border around it."
Symbolism/harry-clarke_tales-of-mystery-and-imagination-by-edgar-allan-poe-1923-19.jpg,"This artwork depicts a dark, night-time scene set in a dense forest of tall, spiky trees. In the lower center, two human figures are positioned near a glowing, circular object that emits bright, radiating lines. One figure, appearing to be male, stands with arms outstretched, facing away from the viewer. The other figure, appearing to be female, stands beside them, facing slightly toward the viewer, with one hand raised. The trees are rendered with a stippled texture, creating a dense, shadowy effect. Above, the sky is dark, with a faint, elongated shape visible near the top center, possibly a moon or distant light. A thin, horizontal line of faint lights stretches across the upper portion of the sky, suggesting a distant horizon or distant lights. The overall impression is one of isolation and mystery, with the glowing object serving as the focal point of the scene. The artwork is monochromatic, using black and white with high contrast between the dark background and the bright, radiating glow of the central object."
Art_Nouveau_Modern/aubrey-beardsley_prospectus-no-1.jpg,"The artwork shows a large, winged figure dressed in a top hat and ornate, loose-fitting clothing, standing on a stage-like surface with vertical lines. The figure holds a document labeled “PROSPECTUS NUMBER I DECEMBER 1895” in one hand and a bundle of quills or pens in the other. The figure’s wings are large and feathered, and its feet are clad in boots with claw-like tips. To the right, a small child is peeking out from under a blanket or curtain, looking up at the figure. The stage floor has a decorative black-and-white striped border with a garland-like pattern along the bottom edge. The background is plain and unadorned, with a faint, partially visible word or phrase at the top. The artist’s name, “AUBREY BEAROSLEY,” is printed at the bottom right. The image is in black and white, with clear lines and shading to define forms and textures. The figure is positioned centrally, dominating the scene, while the child is in the lower right corner. The document is held in the figure’s left hand, and the quills are in the right hand. The child is partially hidden, with only their head and upper body visible above the blanket. The stage floor is flat and extends across the bottom of the image. The overall composition suggests a theatrical or promotional setting."
Pop_Art/allen-jones_table-1969.jpg,"The artwork shows a mannequin in a kneeling position, supporting a flat, transparent glass surface on its back. The mannequin is wearing a yellow and black outfit, including thigh-high black boots, and is positioned on a white, fluffy rug. The rug is placed on a dark, reflective floor, and the mannequin’s head is bent down, with its face near the glass surface. The background is a plain, light-colored wall. The glass surface is rectangular and appears to be a table top. The mannequin’s body is positioned centrally, with its legs spread apart and its arms extended forward, supporting the glass. The rug is centered under the mannequin, and the glass is positioned directly above the mannequin’s back. The lighting is even, and the colors are muted, with the yellow and black of the outfit contrasting against the white rug and the dark floor. The texture of the rug is soft and fluffy, while the glass is smooth and transparent. The floor is dark and reflective, showing a faint reflection of the mannequin and the rug. The mannequin’s boots are black and appear to be made of a hard material, while the outfit is made of a synthetic material that is smooth and shiny. The rug is white and appears to be made of a soft, fluffy material. The glass is transparent and appears to be made of a hard, smooth material. The background is a plain, light-colored wall, and the floor is dark and reflective. The mannequin’s head is bent down, and its face is near the glass surface. The mannequin’s arms are extended forward, and its legs are spread apart. The rug is centered under the mannequin, and the glass is positioned directly above the mannequin’s back. The lighting is even, and the colors are muted, with the yellow and black of the outfit contrasting against the white rug and the dark floor. The texture of the rug is soft and fluffy, while the glass is smooth and transparent. The floor is dark and reflective, showing a faint reflection of the mannequin and the rug. The mannequin’s boots are black and appear to be made of a hard material, while the outfit is made of a synthetic material that is smooth and shiny. The rug is white and appears to be made of a soft, fluffy material. The glass is transparent and appears to be made of a hard, smooth material. The background is a plain, light-colored wall, and the floor is dark and reflective. The mannequin’s head is bent down, and its face is near the glass surface. The mannequin’s arms are extended forward, and its legs are spread apart. The rug is centered under the mannequin, and the glass is positioned directly above the mannequin’s back. The lighting is even, and the colors are muted, with the yellow and black of the outfit contrasting against the white rug and the dark floor. The texture of the rug is soft and fluffy, while the glass is smooth and transparent. The floor is dark and reflective, showing a faint reflection of the mannequin and the rug. The mannequin’s boots are black and appear to be made of a hard material, while the outfit is made of a synthetic material that is smooth and shiny. The rug is white and appears to be made of a soft, fluffy material. The glass is transparent and appears to be made of a hard, smooth material. The background is a plain, light-colored wall, and the floor is dark and reflective. The mannequin’s head is bent down, and its face is near the glass surface. The mannequin’s arms are extended forward, and its legs are spread apart. The rug is centered under the mannequin, and the glass is positioned directly above the mannequin’s back. The lighting is even, and the colors are muted, with the yellow and black of the outfit contrasting against the white rug and the dark floor. The texture of the rug is soft and fluffy, while the glass is smooth and transparent. The floor is dark and reflective, showing a faint reflection of the mannequin and the rug. The mannequin’s boots are black and appear to be made of a hard material, while the outfit is made of a synthetic material that is smooth and shiny. The rug is white and appears to be made of a soft, fluffy material. The glass is transparent and appears to be made of a hard, smooth material. The background is a plain, light-colored wall, and the floor is dark and reflective. The mannequin’s head is bent down, and its face is near the glass surface. The mannequin’s arms are extended forward, and its legs are spread apart. The rug is centered under the mannequin, and the glass is positioned directly above the mannequin’s back. The lighting is even, and the colors are muted, with the yellow and black of the outfit contrasting against the white rug and the dark floor. The texture"
Art_Nouveau_Modern/nicholas-roerich_sketch-of-tsar-dodon.jpg,"This is a sketch on textured, light gray paper, showing two figures in a close, dynamic interaction. One figure, on the left, is bent forward with their head down and arms wrapped around the other figure. The second figure, on the right, is seated or crouched, with their head tilted back and arms raised, suggesting a gesture of surrender or embrace. Their bodies are intertwined, with limbs overlapping and pressed close, creating a sense of physical closeness and tension. The drawing is done in pencil, with visible, rough lines and smudges that give it a raw, unfinished feel. The paper has a grainy texture, and the sketch is mostly monochromatic, relying on the contrast between the dark pencil marks and the light background to define form. The figures are positioned toward the left side of the frame, leaving the right side mostly empty."
Baroque/agostino-carracci_a-peasant-man-head-and-shoulders-shouting.jpg,"The artwork shows a man with his head tilted slightly upward, mouth wide open as if screaming or yelling, with his eyes wide and brows furrowed. He has short, dark hair, a beard, and is wearing a reddish-brown garment with a white, ruffled collar. The background is dark and indistinct, with no clear objects or figures. The man is centered in the frame, occupying most of the space. His arms are not visible, and his body is not shown in full, but his head and upper torso are the focus. The lighting is dramatic, with a strong light source from the front, illuminating his face and collar, while the rest of the image, including the background and parts of his clothing, is in deep shadow. The surface of the painting appears textured, with visible brushstrokes and signs of aging, such as cracks and discoloration, especially around the edges and in the dark areas. The colors are muted, dominated by dark browns, blacks, and the stark white of the collar."
Abstract_Expressionism/cy-twombly_untitled-13.jpg,"This artwork shows a dense, abstract arrangement of flowers and stems. The composition is dominated by thick, swirling strokes of pink, red, and purple, suggesting clustered blooms. Dark green and black vertical strokes, resembling stems or leaves, run diagonally across the canvas, mostly in the lower half and along the left and right edges. These dark strokes contrast sharply with the lighter, more chaotic areas of pink and white in the upper center and right. The painting has a rough, textured surface, with visible brushstrokes and areas where paint appears to be applied thickly or smeared. The overall impression is one of energetic, chaotic growth, with no clear focal point or defined shapes. The colors are vivid and saturated, with no soft transitions, and the texture suggests the use of paint applied with a brush or palette knife. The edges of the canvas are uneven, and the painting appears to be on a slightly textured surface, possibly paper or canvas."
High_Renaissance/giorgione_view-of-castelfranco-and-shepherd(2).jpg,"This artwork depicts a lone figure seated on the ground in the foreground, facing away from the viewer, with their head bowed and hands resting on their knees. Behind them, a large, sprawling structure with multiple towers and walls stretches across the background, suggesting a fortified city or castle. The figure is positioned toward the center-right of the composition, while the city occupies the entire upper half of the image, appearing distant and hazy. The entire scene is rendered in a monochromatic, reddish-brown palette, with visible texture and wear on the surface, indicating it is an aged painting or fresco. The ground and surrounding area are indistinct, with no clear boundaries, and the figure’s clothing and posture suggest stillness or contemplation. The distant city is blurred and lacks fine detail, reinforcing its role as a backdrop rather than a focal point. The overall impression is one of isolation, with the figure set against a vast, imposing structure."
Romanticism/john-collier_eve-1911.jpg,"The artwork shows a nude woman standing in a dense, green forest. She is barefoot and has long, dark hair. Her body is angled slightly away from the viewer, with her left arm extended forward and her right arm reaching out to touch a tree branch. She appears to be moving through the undergrowth, with her head turned toward the right side of the image. The forest surrounds her with thick foliage, twisted tree trunks, and patches of grass on the ground. The lighting is dim, with a small area of brighter light illuminating her back and the area around her right leg. The colors are mostly dark greens and browns, with the woman’s skin appearing pale in contrast. The texture of the foliage and tree bark is visible, suggesting rough, natural surfaces. The ground is covered in grass, which appears uneven and slightly blurred in places. The overall impression is one of movement through a wild, untamed environment."
High_Renaissance/leonardo-da-vinci_study-for-the-last-supper-2.jpg,"This is a sketch of a man’s head and shoulders, shown in profile, looking toward the right. He has a thick, curly beard and mustache, and his hair is short and curly. His face is deeply wrinkled, with a stern, intense expression. He is wearing a garment with a high collar, and his right hand is raised near his chest, holding a small, rounded object that appears to be a fruit or a small container. The sketch is done in dark, earthy tones on a light, textured surface that shows signs of aging. The lines are rough and expressive, with heavy shading around the face and clothing to suggest depth and form. The background is plain and unadorned, with no other figures or objects visible. The man’s head is centered in the frame, and his hand is positioned to the left of his chest. The texture of the paper is visible, and the drawing appears to be made with charcoal or a similar medium."
Ukiyo_e/utagawa-kunisada-ii_unryu.jpg,"This artwork depicts a large, muscular sumo wrestler standing in a full-body pose, facing forward. He is wearing a traditional sumo mawashi, a loincloth made of woven fabric, which is blue with white geometric patterns and has a fringed, reddish-brown lower edge. His bare feet are planted firmly on the ground, and his hands are held loosely at his sides. His body is extremely broad and rounded, with thick arms and a large belly, and his hair is tied back in a topknot. The background is a simple, flat blue sky above a dark, textured ground that appears to be a sumo ring or platform. On the left side of the image, there is vertical Japanese text in red and black ink, and on the right side, there is smaller vertical text in black ink. The entire image is rendered in a style typical of Japanese ukiyo-e woodblock prints, with bold black outlines and flat areas of color. The lighting is even and flat, with no strong shadows, and the textures are stylized, not realistic."
Post_Impressionism/gustave-loiseau_by-the-eure-river-in-spring-1902.jpg,"This artwork shows a natural landscape with a body of water, dense green trees on the left, and a grassy bank in the foreground. The trees form a thick, dark green mass along the water’s edge, with their reflections visible in the water below. The water appears calm and dark, with some lighter patches suggesting ripples or reflections. To the right, the land slopes gently away, covered in grassy vegetation. The sky above is light blue with soft, white clouds scattered across it. The scene is framed by the trees on the left and the open sky on the right, with the water occupying the center and lower portion of the image. There are no people or animals visible. The painting uses visible brushstrokes, with colors ranging from deep greens and blues to pale blues and whites. The texture appears rough and textured, with the brushwork creating a sense of movement and light. The overall impression is one of quiet, natural scenery, with no strong focal point or action."
Art_Nouveau_Modern/boris-kustodiev_meeting-on-the-corner-1920.jpg,"This artwork depicts a winter scene with two people in the foreground, standing in a snowy area. A woman in a dark coat with a checkered headscarf and a long, fringed shawl is positioned on the right side of the image, facing slightly toward the viewer. She is holding a dark, round object in her left hand, possibly a hat or a small container. Behind her and to her left, a man in a dark coat and hat is partially visible, looking toward the woman with a smile. To their left, a large, ornate panel or doorway is shown, filled with colorful, chaotic illustrations of food items like bread, cakes, and other baked goods, arranged in a swirling, overflowing manner. The ground is covered in snow, and in the background, to the right, there is a distant view of a snowy village or town with buildings, a church steeple, and a bright sun in the sky. The overall color palette is dominated by whites and grays of the snow and clothing, contrasted with the warm oranges and reds of the food illustrations and the distant sun. The painting has a textured, somewhat impressionistic quality, with visible brushstrokes and a slightly uneven surface."
Romanticism/caspar-david-friedrich_boy-sleeping-on-a-grave.jpg,"This artwork shows a man lying on his back in a field of tall grass and weeds, his body angled slightly to the right. He is wearing a tunic or robe that is loose and appears to be torn or worn. His head is turned to the left, and his eyes are closed. To his left, a tall, simple cross stands upright in the ground, with a small wreath or garland at its base. A small butterfly is visible in mid-air, near the cross and slightly above the man’s head. The background consists of a flat, open sky with horizontal lines suggesting clouds or haze. The entire scene is framed by a thin, dark border. The image is rendered in black ink on a light, aged paper surface, with fine lines and cross-hatching used to create texture and depth, especially in the grass, the man’s clothing, and the cross. There is no visible light source or color; the image is monochromatic. The man’s posture suggests he is resting or possibly deceased, and the cross implies a religious or memorial context. The butterfly adds a small, delicate detail to the otherwise somber scene."
Post_Impressionism/pyotr-konchalovsky_novgorod-peter-and-paul-church-1925.jpg,"This artwork shows a small, light-colored stone church with a green-tiled roof and a green onion-shaped dome, set on a grassy hill. The church is surrounded by dense trees on both sides, with the foliage appearing dark green and thick. In the foreground, there is a patch of green grass with some darker, shadowed areas. To the right of the church, a wooden ladder leans against the building. Near the base of the church, two small, reddish-brown figures appear to be sitting or crouching on the ground. The sky above is pale and cloudy, with soft, diffused light. The painting uses visible brushstrokes, with colors applied in broad areas, and the textures suggest a painted surface rather than a photograph. The artist’s signature is visible in the bottom right corner."
Color_Field_Painting/gene-davis_ice-box-p506-1969.jpg,"The artwork shows a square panel with a pattern of very thin, evenly spaced vertical lines running from top to bottom. The lines are a pale, muted beige or off-white color, set against a slightly darker, similarly toned background. The entire surface is framed by a thin, straight, metallic-looking border that is uniform in width and appears to be a light gold or brass color. There are no figures, no actions, and no other objects present. The lines are consistent in width and spacing, and the surface appears flat and smooth. The lighting is even, with no shadows or highlights, and the texture is uniform across the entire piece. The frame is centered and surrounds the entire panel."
Realism/valentin-serov_portrait-of-l-k-naryshkin-1910.jpg,"The artwork shows a young boy standing in a room, facing forward with his hands on his hips. He is wearing a long-sleeved, button-up shirt and loose-fitting pants, with dark shoes. Behind him, there is a doorway or large opening with vertical lines suggesting a door frame or wall structure. The floor is flat and appears to be indoors. The boy is centered in the composition, with the doorway to his left and the wall to his right. The drawing is done in a sketchy, monochromatic style, using dark lines and shading on a light, off-white background. The texture suggests pencil or charcoal on paper, with visible strokes and smudges. The lighting is flat and even, with no strong shadows or highlights, giving the scene a subdued, quiet atmosphere. The artist’s signature is faintly visible in the lower right corner."
Symbolism/konstantin-somov_book-of-the-marquise-illustration-7.jpg,"This artwork depicts a nighttime scene with several figures flying through the air above a town. The figures are mostly nude or partially clothed, riding on brooms or small animals, and appear to be in motion, moving from left to right across the sky. One figure at the top left is wearing a white headdress and a white garment, with arms outstretched. Below them, other figures are also airborne, some with wings or animal forms, and one is near a glowing crescent moon. In the lower right, a figure is riding a small creature toward a building with a lit window. The town below is shown as dark silhouettes of buildings and trees, with a few windows emitting a warm, orange glow. The sky is dark with streaks suggesting wind or motion, and the moon is a pale, curved shape. The overall impression is of a chaotic, fast-moving scene with a strong sense of movement and height. The colors are limited to dark tones, with the moon and windows providing the only bright spots. The texture appears flat and printed, with bold lines and areas of solid color, suggesting it is a woodcut or similar print medium."
Baroque/peter-paul-rubens_the-abbot-of-st-michael-s.jpg,"This artwork shows a portrait of an elderly man dressed in a white, heavy robe with a high collar, standing against a dark red background. He is positioned slightly to the left of center, looking toward the right side of the image. His hands are clasped in front of him, and a dark ring is visible on his right ring finger. To his right, a large ornate staff with a decorative top and a silver-colored mitre (a ceremonial headpiece) rest against the wall. In the upper left corner, a coat of arms is visible, featuring a shield with red and blue stripes and a bishop’s hat above it. The lighting is focused on the man’s face and hands, while the background and surrounding objects are darker. The robe has a soft, heavy texture, and the background has a rough, uneven surface. The staff and mitre appear metallic and detailed, with intricate carvings. The red background is solid and unbroken, with some darker areas suggesting shadow or texture."
Post_Impressionism/mily-possoz_senhoras-num-jardim-1930.jpg,"This artwork depicts two women seated together, one reclining and the other sitting upright, both appearing to be in a relaxed or leisurely setting. The woman on the left is seated, holding a long, slender object that resembles a flute or a similar wind instrument, and her posture suggests she is playing or preparing to play it. The woman on the right is reclined, leaning back with her head tilted slightly, and appears to be resting or listening. Both are dressed in clothing that suggests a formal or elegant context, with the reclining woman wearing a dark garment and the upright woman in a lighter, possibly white or cream-colored dress. The background includes abstract shapes and colors, with a large dark green mass to the right that may represent foliage or a decorative element, and a patterned area to the left that might suggest a floral arrangement or a draped fabric. The overall composition places the two figures centrally, with the reclining woman slightly more prominent in the foreground. The painting uses thick, visible brushstrokes and a palette of earthy tones, with strong contrasts between light and dark areas. The lighting appears to come from the left, illuminating the upright woman’s face and the instrument she holds, while the reclining woman is cast in shadow. The textures are rough and expressive, with no smooth or polished surfaces visible. The edges of the figures and objects are not sharply defined, giving the image a sense of movement or emotional intensity."
Art_Nouveau_Modern/j.-e.-h.-macdonald_the-wild-river-1919.jpg,"This artwork depicts a rugged, forested landscape in autumn, with trees and rocky terrain covered in vibrant red, orange, and brown foliage. The scene is dominated by a steep, uneven hillside that rises from the bottom left and curves upward toward the right, filled with dense trees and brush. A narrow, winding path or stream appears to snake through the lower center, rendered in pale yellow and white strokes, suggesting movement or water. A few tall, thin tree trunks stand out, positioned on the right side and center, their branches reaching upward into the sky. The background is a mix of darker greens and browns, suggesting deeper forest or shadowed areas. The painting uses thick, visible brushstrokes, with colors applied in bold, textured patches. The overall impression is one of wild, untamed nature, with the colors and forms conveying a sense of depth and movement through the landscape."
Realism/sergey-solomko_by-the-fence.jpg,"This artwork depicts two people standing near a wooden fence or railing, outdoors under trees. One person, on the left, is leaning forward with their arms resting on the fence, looking up at the other person. The second person, on the right, is standing slightly behind and above the first, also leaning on the fence, looking down at the first person. Both are dressed in clothing that suggests a historical or folk style, with the person on the right wearing a headband and a dark, possibly embroidered, garment. The scene is set in a natural environment with green foliage and tree branches visible above and around them. The lighting appears to be natural daylight, with soft shadows and a pale sky in the background. The wood of the fence is rough and weathered, and the surrounding vegetation is dense and green. The overall impression is one of a quiet, intimate moment between the two figures, with their bodies close and their gazes directed toward each other."
Romanticism/gustave-dore_idylls-of-the-king-5.jpg,"This artwork depicts a group of mounted warriors moving through a dark, rugged forest. The figures are on horseback, all facing forward, with weapons drawn and held aloft. They are clustered together in the center of the image, advancing through tangled roots and fallen branches. Behind them, the forest thickens into dense, shadowy trees. To the left, a jagged, rocky hill or cliff rises against a cloudy, dim sky. The entire scene is rendered in black and white, with strong contrasts between light and dark areas. The sky has a few bright, wispy clouds, while the ground and trees are mostly in deep shadow. The texture of the image suggests rough, detailed linework, with visible lines indicating the fur of the horses, the armor of the riders, and the gnarled roots and branches. The overall impression is one of movement through a hostile, natural environment."
Ukiyo_e/utagawa-kuniyoshi_women-25.jpg,"The artwork depicts a woman standing on a snowy path beside a body of water, holding a long staff or pole. She is dressed in a dark blue kimono with a pattern of small, light-colored shapes, and a lighter blue undergarment with a red sash visible at the waist. Her hair is styled in a traditional updo, secured with a yellow band, and she wears a black outer garment with a high collar. Her posture is upright, and she is looking slightly to her left. Behind her, a large tree with bare branches and snow-covered ground is visible. In the background, a small boat floats on the water, and distant hills or landforms can be seen. To the left of the woman, there is a block of Japanese text written in vertical columns. On the right side of the image, large Japanese characters are visible, and below them, a smaller signature or seal is present. The overall color palette is muted, with dominant blues, whites, and blacks, and the snow appears to be falling or lightly dusting the scene. The texture of the paper or canvas is visible, suggesting it is an older print. The woman’s feet are in white sandals, and her kimono is slightly lifted, revealing the red sash and the patterned fabric beneath. The staff she holds is long and appears to be made of wood, with a decorative top. The scene is set in a cold, wintry environment, and the woman’s presence suggests she is walking or standing in a place of quiet solitude."
Romanticism/cornelis-springer_altstadtmarkt-in-brunswijk.jpg,"This artwork shows a bustling European town square in daylight, dominated by a large Gothic-style church with two tall, pointed spires rising behind the scene. To the right, a tall, ornate stone fountain stands near the center of the square, surrounded by people and horse-drawn carts. The square is paved with cobblestones and filled with many figures—men, women, and children—walking, standing, or sitting in groups. Some are near market stalls with goods, others are near the fountain or carts. On the left, a row of buildings with dark, steep roofs and wooden facades lines the square, with people gathered in front of them. On the right, a long, light-colored building with arched windows and a gabled roof extends along the edge of the square. The sky above is pale blue with soft, wispy clouds. The light is bright and even, casting subtle shadows. The colors are mostly muted earth tones, with some darker shadows and occasional bright spots from clothing or objects. The textures suggest stone, wood, and fabric, with the cobblestones appearing rough and uneven. The overall impression is one of a lively, active public space with a strong sense of place and time."
Art_Nouveau_Modern/raphael-kirchner_to-love.jpg,"The artwork depicts a central, nude female figure standing upright, facing forward, with her left hand extended outward and her right hand holding a long, thin object that ends in a red heart shape. She wears a decorative, leafy headdress and a floral collar around her neck. To her left, a curved, greenish structure resembling a train track or spiral path winds upward into the background, where a small, dark figure appears to be riding or standing on it. Below the figure’s feet, a bicycle wheel and handlebar are visible, positioned near the bottom center. The background is a pale, cloudy sky with faint, indistinct shapes. At the bottom left, the words “VAMPIE LIEBE” are printed in a stylized, dark font. The entire image is rendered in a limited palette of pale greens, off-whites, and a single bright red heart, with visible sketchy lines and a slightly faded, aged appearance. The figure’s posture is static and upright, with no indication of movement. The red heart is clearly positioned to the right of the figure’s body, attached to the object she holds. The train track curves from the lower left toward the upper left, behind the figure’s left side. The bicycle parts lie flat on the ground near the bottom center, beneath the figure’s feet. The overall impression is flat and stylized, with no strong sense of depth or realistic texture."
Abstract_Expressionism/paul-jenkins_not_detected_235686.jpg,"The artwork shows a chaotic, abstract composition dominated by swirling, blended areas of dark brown, orange, and yellow, with some black and white streaks. There is no clear, identifiable figure or scene; instead, the image is made up of thick, uneven patches of color and texture that appear to flow and collide with each other. The center of the image contains a large, irregularly shaped dark mass, surrounded by lighter, glowing orange and yellow areas that seem to radiate outward. To the left, there is a vertical streak of white and light brown that appears to be dripping or flowing downward. On the right, there is a vertical band of bright yellow and orange that is more defined and contrasts sharply with the darker areas. The surface has a rough, uneven texture, suggesting it was created with thick paint or mixed media, and there are visible signs of wear or damage, including small cracks and smudges. The overall impression is one of movement, heat, and turbulence, with no clear spatial organization or identifiable figures."
Rococo/thomas-gainsborough_a-woman-in-blue-portrait-of-the-duchess-of-beaufort(1).jpg,"This is a portrait of a woman, shown from the chest up, looking directly at the viewer. She has a high, elaborate hairstyle with feathers and a dark ribbon, and she is wearing a light-colored dress with a dark blue fabric draped over her left arm. Her right hand is resting on the blue fabric, and she wears a small gold pendant on a dark ribbon around her neck. The background is dark and plain, with no other figures or objects. The lighting is focused on her face and upper body, making those areas bright while the rest of the image fades into shadow. The fabric appears smooth and reflective, and the hair and ribbon have a soft, textured look. The woman’s expression is calm and composed, with a slight smile."
Realism/thomas-eakins_study-for-taking-the-count-1898.jpg,"This artwork shows three figures in a dim, earth-toned room. On the left, a nude man stands with his hands clasped in front of him, facing forward. In the center, a man in a dark suit and white shirt stands with his head slightly bowed, looking down toward the right. On the right, another nude man is bent over, kneeling with his head down and hands on his knees, appearing to be in a posture of submission or exhaustion. The figures are positioned in a line from left to right, with the central figure between the two nude men. The background is a plain, textured wall with faint grid lines, and the floor is a flat, muted surface. The painting uses a limited palette of browns, ochres, and dark tones, with no strong highlights or shadows. The surface of the canvas shows visible brushstrokes and texture, and the edges of the painting have a reddish-brown border. The figures are rendered with loose, expressive strokes, and their forms are not sharply defined."
Art_Nouveau_Modern/anna-ostroumova-lebedeva_pavlovsk-novosilviysky-bridge-1921.jpg,"This artwork depicts a landscape with a small, arched bridge crossing a narrow stream, surrounded by trees and rolling terrain. The bridge is centrally located in the middle ground, spanning the water from left to right. On the left side, a large tree with dark, dense foliage stands prominently, its branches spreading outward. To the right, a cluster of tall, dark, conical trees rises against the sky. The ground is covered in grassy areas painted in warm, earthy tones of yellow and brown. The sky above is pale and cloudy, with soft, diffuse light suggesting an overcast day. The colors are dominated by muted browns, ochres, and dark greens, with the water reflecting the surrounding trees and sky in a darker, more subdued tone. The brushwork is visible and textured, with broad, expressive strokes that define the forms and surfaces. No people or animals are visible in the scene. The artist’s signature and date, “K. D. D. 1921,” are located in the lower-left corner."
Baroque/adriaen-brouwer_smallholders-playing-dice.jpg,"The artwork depicts a tense, chaotic moment involving two figures in a dimly lit interior. One figure, wearing a greenish garment, is standing and raising a small, rounded object—possibly a jug or a bottle—above their head, as if about to strike or pour something. Their body is angled toward the other figure, who is seated or leaning forward, with their head tilted back and mouth open in a scream or gasp. This second figure has reddish hair and is wearing a dark green jacket; their hands are near their face, suggesting they are reacting to the first figure’s action. A wooden table or surface is visible in the lower left corner, with a small red object and some indistinct items on it. The background is dark and indistinct, with no clear architectural features. The lighting is dim and uneven, with a faint glow illuminating the figures’ faces and upper bodies, while the rest of the scene remains in shadow. The paint appears thick and textured, with visible brushstrokes, and the colors are mostly muted earth tones, with the green of the clothing and the red of the hair providing contrast. The overall impression is one of sudden, violent action."
Romanticism/gustave-dore_don-quixote-149.jpg,"This artwork depicts the death of Don Quixote, shown lying in a bed, surrounded by several people in a dimly lit room. The bed is positioned in the center of the composition, with a heavy curtain behind it. Don Quixote is covered with a white sheet, his head resting on a pillow, and he appears to be unconscious or dying. To his left, a woman in dark clothing sits slumped in an ornate chair, her head down and hands clasped, suggesting sorrow. To his right, a man in a vest and trousers kneels on the floor, holding a hat in his hands, looking up at Don Quixote. Behind the bed, several other figures stand in shadow, their faces mostly obscured, appearing to be observing or waiting. The room has a heavy, dark atmosphere, with light focused on the bed and the figures around it, creating strong contrast. The artwork is rendered in black and white, with detailed linework showing textures of fabric, wood, and the roughness of the figures’ clothing. The artist’s signature is visible in the lower left corner, and a caption below reads “Death of Don Quixote (II. 74).”"
Baroque/josefa-de-obidos_st-mary-magdalene-1650.jpg,"The artwork shows a woman standing in a dark room, illuminated by a single candle held in her right hand. She is looking upward and to her left, with her left hand raised slightly as if in surprise or awe. She wears a white blouse with puffed sleeves and a dark, possibly reddish-brown, garment over it. A book lies open on a table to her right, and a quill pen rests beside it. The background is completely dark, with no discernible features. The light from the candle casts a warm glow on her face, hands, and the objects near her, while the rest of the scene remains in deep shadow. The textures suggest fabric and wood, with the candle flame appearing as a small, bright point of light. The overall impression is one of quiet intensity, focused on the woman and the candlelight."
Rococo/bernardo-bellotto_view-of-warsaw-from-praga-1770-1.jpg,"This artwork shows a wide river with a city across it, flanked by land on both sides. On the left, a large tree stands near a cluster of small buildings and people. Along the riverbank on the right, several boats are visible, including one with a large sail. In the foreground, a group of people in period clothing walks along a dirt path, some pulling a cart, others standing or moving in small groups. The city in the background is dense with buildings, including towers and spires, and is reflected in the water. The sky is partly cloudy with soft light, and the overall color palette is muted with earthy tones, greens, and grays. The scene is detailed with many figures and structures, suggesting a lively, active environment. The texture of the landscape appears rough and natural, with the water showing gentle ripples."
Symbolism/odilon-redon_stained-glass-window-the-mysterious-garden.jpg,"The artwork shows a view through a tall, arched window with intricate stone tracery, looking out onto a vibrant, impressionistic landscape. The window frame is dark and heavy, with rough, textured stone walls on either side. Through the window, the scene outside is filled with swirling blues, patches of orange, and hints of green and yellow, suggesting trees, sky, and possibly flowers. The window is divided into two vertical sections by a central stone pillar, and the top of the arch contains a circular design. Below the window, a low stone ledge is visible, and the floor inside the room is dark and shadowed. The light from outside is bright and colorful, contrasting sharply with the dark interior. The texture of the artwork appears grainy and layered, with visible strokes and smudges, especially in the window frame and the dark areas. The colors outside are intense and broken into small, distinct patches, while the interior remains muted and shadowed. The window is centered in the composition, and the dark walls frame it on both sides. There are no figures or moving objects visible in the scene."
Minimalism/martin-barre_76-77-c-147-5x140-1977.jpg,"The artwork shows a plain, light-colored background with a cluster of reddish-orange lines arranged in a diagonal pattern in the lower right corner. These lines are parallel, evenly spaced, and extend from near the bottom edge toward the upper right, forming a sharp, angular shape that occupies only a small portion of the canvas. The lines are thick and appear to be painted with a flat, solid color, with no visible texture or variation. The rest of the canvas is a uniform, unbroken field of light gray or off-white, with no other objects, figures, or markings. The lines are set against this plain background, creating a stark contrast in both color and form. There is no sense of depth or movement; the composition is static and geometric. The edges of the lines are straight and consistent, suggesting they were applied with a tool or brush, and the surface appears smooth and flat."
Cubism/franz-marc_deer-in-a-monastery-garden-1912.jpg,"This artwork shows a complex, abstract composition made of bold, overlapping shapes in vivid colors. There are no clear figures or recognizable objects, but the image is filled with angular and curved forms that suggest movement and depth. The central area is dominated by large green shapes, with sharp, jagged edges and layered planes. To the left, there is a vertical structure with red, purple, and yellow stripes, and a pale, round shape near the top left corner. On the right, there are bright yellow and green forms intersecting with darker, shadowy areas. The bottom center contains a small, flat, light-colored area with three faint pink marks. The colors are intense and saturated, with strong contrasts between bright yellows, greens, reds, and deep purples, set against dark, shadowy backgrounds. The surface appears textured, with visible brushstrokes and thick paint application, giving it a physical, tactile quality. The overall impression is one of energetic, chaotic motion, with no clear focal point or stable structure."
Romanticism/gustave-dore_the-daughter-of-herod-head-of-john-the-baptist.jpg,"This artwork depicts a scene from the Bible, showing the daughter of Herod receiving the head of John the Baptist on a silver platter. She stands in the center, dressed in a long, flowing robe with a head covering, her head turned slightly to the right as she accepts the platter. To her right, a man with a beard and short hair, wearing armor and holding the platter, presents the head to her. Behind her, several other figures are present: one man to her left appears to be holding a sword or staff, another man behind her is looking on with a hand raised, and a third figure to the far left is partially obscured, possibly holding a weapon. In the foreground, a soldier in armor is kneeling or crouching, facing away from the viewer. The background shows a stone building with arched windows and a dark, shadowy area beyond. The image is in black and white, with detailed line work showing the texture of clothing, armor, and the platter. The overall composition places the central figures in the middle of the frame, with the platter and head as the focal point. The lighting is not clearly defined, but the contrast between light and dark areas suggests a dramatic, somber mood. The text at the top identifies the image as “The Daughter of Herod Receiving the Head of John the Baptist” by Gustave Doré, and the text at the bottom includes a Bible verse reference and a note about the image being from Doré Bible Illustrations."
Art_Nouveau_Modern/wilhelm-kotarbinski_kiss-of-medusa.jpg,"The artwork depicts a central figure, a woman with long, flowing hair, appearing to be in motion or in distress, with her arms raised and her body twisted. Her face is turned slightly toward the viewer, with a direct gaze. Behind her and around her are swirling, chaotic forms that suggest movement or energy, possibly wings or fabric, rendered in lighter tones against a dark background. The figure’s torso is exposed, and her posture suggests vulnerability or struggle. The composition places the figure in the center, with the swirling elements surrounding her, creating a sense of confinement or turbulence. The image is in black and white, with high contrast between the light areas, which appear to be highlights on the figure and the swirling forms, and the deep, dark background. The texture suggests rough, gestural brushwork, with visible strokes and smudges, giving the image a dynamic, almost tactile quality. The bottom of the image contains text in Cyrillic script, identifying the artist as “А. НОТАРЫМСКИЙ” and the title as “ПОЦЬЛУЙ МЕДУЗЫ,” with the number “1062” to the right."
Northern_Renaissance/pieter-bruegel-the-elder_walls-towers-and-gates-of-amsterdam.jpg,"This artwork shows a large, fortified structure built along the edge of a wide body of water. The building is made of stone and has multiple towers, turrets, and walls, with some sections appearing to be connected by bridges or walkways over the water. The structure is complex, with many windows, arches, and defensive features. The water in front of the structure is calm and reflects the buildings faintly. On the left side, there is a smaller, rounded tower-like structure with an arched opening. On the right, a taller, more pointed tower rises above the rest. The sky is not visible, and the overall scene is rendered in a limited, muted tone, likely sepia or brownish, with visible texture from the paper and the drawing medium. The artist’s signature, “P. RAVEEL 1512,” is visible in the bottom left corner. There are no people or moving figures in the scene. The drawing appears to be done with a dry medium, such as pencil or charcoal, on paper that shows signs of age, including stains and discoloration."
Cubism/theo-van-doesburg_composition-the-cow-7.jpg,"This artwork shows a simple, abstract sketch of a window and a chair, drawn in dark pencil on a light, textured paper. The window is positioned in the center-right of the composition, with its frame and panes suggested by rough, vertical and horizontal lines. To the left of the window, there is a tall, vertical shape that appears to be a chair or a piece of furniture, drawn with loose, scribbled lines. To the right of the window, a smaller, simpler rectangular shape suggests another chair or object. The entire drawing is done with quick, gestural strokes, and the paper has visible texture and faint smudges. There is no clear indication of light or color, as the image is monochromatic. A small, faint mark, possibly a signature or date, is visible in the bottom right corner. The drawing lacks detailed features and appears to be a quick study or sketch."
Northern_Renaissance/albrecht-durer_christ-appears-to-his-mother-1511.jpg,"This artwork depicts a scene with two figures inside a room. On the left, a woman sits on a low stool or chair, her head covered with a cloth, her hands clasped together in front of her. She appears to be looking down or toward the center of the scene. To her right, a man stands tall, holding a long staff in his right hand and a cloth or garment in his left. He is illuminated by a bright, radiating light from above and behind him, suggesting he is a figure of authority or divine presence. His head is turned slightly toward the woman, and his posture is upright and commanding. Between them, there is a wooden structure that resembles a lectern or table with a book or scroll on it, and a small animal, possibly a dog, is sitting near the woman’s feet. The room has heavy curtains or drapes on the left side, and the background is dark and shadowed, with vertical lines suggesting a wall or architectural element. The entire image is rendered in black and white, with fine lines and shading to create texture and depth. The light source is concentrated on the standing man, making him the focal point, while the woman and the surrounding area are in relative shadow. The materials appear to be wood, fabric, and stone, as suggested by the textures and forms. The overall composition places the standing man on the right and the seated woman on the left, with the central object between them, creating a visual axis that draws attention to the interaction between the two figures."
Abstract_Expressionism/sam-francis_untitled-sf220s-1976.jpg,"This artwork shows a chaotic, abstract composition with no clear subject or figure. The center is dominated by a large, dark, angular shape that resembles a triangle or a stylized letter, set against a background of splattered and smeared colors. Around this central form, there are bursts of purple, red, and orange paint, mixed with white and gray areas that appear to be the canvas or background. The paint appears to have been applied in a way that suggests splashing, dripping, or smearing, with some areas more concentrated and others more diffuse. The overall impression is one of energetic movement and texture, with no defined foreground or background, and no figures or objects in specific poses. The colors are vivid but not sharply defined, and the surface appears to be a flat, possibly textured canvas with visible paint marks and drips."
Realism/wilhelm-leibl_dag-ungleiche-pahr-1880.jpg,"This artwork shows two people sitting closely together in what appears to be an indoor setting. The person on the left is an older man, wearing a dark cap and a dark jacket over a red shirt, with his arm resting on the shoulder of the person next to him. The person on the right is a woman, wearing a dark head covering, a white blouse with puffed sleeves, and a dark dress with a red and black patterned sash tied around her waist. She holds a small glass in her left hand, and her right hand rests on her lap. The man is holding a glass in his right hand, and both are seated in chairs. Behind them, a shelf holds a dark brown ceramic jug and a clear glass. The background includes a window with a white curtain and a wooden shelf. The lighting is dim, with a soft glow illuminating the figures from the front, casting subtle shadows. The colors are mostly dark, with the red shirt and sash providing contrast. The textures suggest fabric, wood, and ceramic, with the clothing appearing heavy and the surfaces rough. The figures are positioned close together, with the man’s arm around the woman’s shoulder, suggesting a close relationship. The woman’s gaze is directed toward the viewer, while the man’s face is turned slightly away, with a smile. The overall composition is intimate and grounded in a domestic setting."
Post_Impressionism/grã©goire-michonze_cows-at-pasture-1969.jpg,"This artwork shows a group of cows in a green field with a line of trees in the background. The cows are scattered across the foreground and midground, some standing and some lying down. One cow on the left is standing and facing away, another near the center is standing and looking toward the right, and two cows on the right are lying down, with one appearing to be grazing. A cow in the lower center is lying down with its head turned slightly to the right. The trees form a dark, dense line behind the field, with no visible path or structure in front of them. The entire scene is painted in broad strokes of green, brown, and gray, with no clear shadows or highlights. The texture appears flat and painted, with no visible brushwork or material detail. The colors are not naturalistic but are applied in large, visible areas, suggesting a stylized or impressionistic approach. The composition is horizontal, with the cows occupying the lower half of the image and the trees filling the upper half."
Realism/vincent-van-gogh_woman-with-shawl-over-her-hair-head-1883.jpg,"This artwork shows a portrait of a woman in profile, looking toward the left side of the image. She is wearing a dark, draped head covering that covers her hair and drapes over her shoulders. Her face is turned slightly away from the viewer, with her eyes looking downward and to the left. The drawing is done in monochrome, using dark and light tones to create depth and form. The texture of the drawing appears rough and grainy, with visible strokes and shading that suggest it was created with a medium like charcoal or pencil. The background is dark and indistinct, with no clear objects or details, which makes the woman’s figure stand out as the central focus. The woman’s clothing appears to be a heavy, textured garment with folds and creases, especially around the neck and shoulders. There is no indication of movement or action; the figure is still and posed in a contemplative or somber manner. The lighting is not clearly defined, but the contrast between light and dark areas suggests a source of light coming from the right side, illuminating the right side of her face and the front of her head covering. The overall impression is one of quiet intensity, with the focus entirely on the woman’s face and head covering."
Realism/vasily-surikov_the-old-woman-with-a-patterned-headscarf-1886.jpg,"This artwork shows a close-up portrait of an elderly woman looking directly at the viewer. She is wearing a dark, patterned head covering that drapes over her shoulders and covers her hair. The pattern on the fabric consists of large, stylized floral or leaf-like shapes in shades of brown, tan, and off-white. Her face is visible, with deep lines and wrinkles, and her eyes are dark and fixed forward. The background is a flat, muted grayish-purple, with no other objects or figures present. The woman’s head and shoulders occupy the center of the composition, with the head covering extending around her. The painting has a textured surface, with visible brushstrokes, especially in the fabric and the woman’s skin. The lighting is subdued, with no strong highlights or shadows, and the colors are mostly earth tones, with the dark fabric contrasting against the lighter, muted background. A date, “1886,” is visible in the upper right corner."
Realism/thomas-eakins_portrait-of-sebastiano-cardinal-martinelli-1902.jpg,"The artwork shows a man dressed in formal black clerical robes and a red cap, seated in a wooden chair. He is positioned slightly to the left of center, looking toward the right side of the image with a calm, composed expression. His right hand rests on his lap, while his left hand holds a red cloth or sash that drapes over his knee. The chair has a high back with carved details and is placed on a patterned rug. The background is a dark, textured wall with a small, ornate emblem or crest visible in the upper left corner. The lighting is subdued, with a soft glow illuminating the man’s face and the red elements of his attire, while the rest of the scene remains in shadow. The overall tone is somber and formal, with the red and black colors creating a strong contrast. The artist’s signature is visible in the lower right corner."
Romanticism/gustave-dore_illustration-for-the-milkmaid-and-the-milk-can.jpg,"This artwork depicts a woman standing on a dirt path in a wooded area. She is dressed in a long, full skirt and a light-colored head covering, with a dark garment underneath. She is leaning slightly against a low, overgrown embankment on the left side of the path. Her head is turned toward the right, looking away from the viewer, and her hands are resting near her sides. On the ground in front of her, scattered across the path, are broken pieces of pottery — including a shattered bowl and several fragments — along with a few small, dark, irregular shapes that appear to be shells or stones. The background is filled with tall, dense trees and thick undergrowth, with a faint, bright area visible through the trees in the center-right, suggesting a gap or opening. The entire scene is rendered in black and white, using fine lines and shading to create texture and depth. The path appears uneven and worn, and the surrounding vegetation is detailed with fine, sketchy lines. The woman’s posture and the scattered broken items suggest she has just been there or is in the process of leaving. The overall impression is one of quiet solitude in a natural, somewhat wild setting."
Romanticism/gustave-dore_saturn.jpg,"This artwork depicts a vast, towering staircase ascending into a bright, cloud-filled sky. At the bottom, two figures stand facing upward, looking toward the stairs. The staircase is crowded with many figures, all appearing to be angels, moving upward in a single file line. The angels are shown with wings and are arranged in a dense, orderly procession. The sky above is filled with swirling clouds, and a strong beam of light shines down from the top center, illuminating the staircase and the figures on it. The entire scene is rendered in black and white, using fine lines and cross-hatching to create texture and depth. The figures at the bottom are small in comparison to the massive scale of the staircase and the sky above them. The artwork is signed in the lower left corner and includes text at the bottom identifying the subject as “SATURN” and a quote from a poem."
Symbolism/mikalojus-ciurlionis_news-1905.jpg,"The artwork depicts a dramatic sky above a dark, jagged landform. A large, dark shape, possibly a bird or a stylized wing, stretches across the upper portion of the image, its form blurred and undefined. Below, a steep, shadowed hill or mountain rises on the right side, its surface rough and textured. The sky is filled with swirling, blended colors—warm oranges, yellows, and browns—suggesting a sunset or sunrise, with a bright, pale patch near the top right corner that appears to be the sun or moon. The overall impression is one of motion and contrast between the dark land and the luminous sky. The textures are rough and layered, with visible brushstrokes or smudges, giving the surface a tactile, uneven quality. The composition places the dark shape diagonally across the top, while the landform occupies the lower right, creating a sense of tension and imbalance. The colors are intense and saturated in the sky, fading into darker tones near the land."
Post_Impressionism/vincent-van-gogh_still-life-with-bloaters-and-garlic-1887.jpg,"This artwork shows three long, dark fish lying on a flat surface, with one small, round, pale object near the bottom right. The fish are arranged in a diagonal line, overlapping each other, with their heads pointing toward the left and their tails toward the right. The object near the bottom right is round and bulbous, with a thin, curved stem extending upward from its top. The surface they rest on is textured and appears to be a flat, earthy-toned plane. The background is a dark, mottled brown, suggesting a wall or backdrop. The entire scene is bathed in a warm, dim light that casts soft shadows, and the paint has a rough, textured surface, with visible brushstrokes. The colors are dominated by deep browns, reds, and muted oranges, with some lighter, almost yellow highlights on the fish and the object. The fish appear to be motionless, lying flat, and the object is stationary, resting on the surface."
Early_Renaissance/andrea-mantegna_the-dead-christ-1478.jpg,"The artwork shows a scene of a deceased person lying on a bed, covered with a heavy, wrinkled cloth that drapes over their body. To the left, two figures are present, one of whom is an older woman with a cloth pressed to her face, appearing to weep or cover her eyes. The body is positioned in the center of the composition, with its head tilted back and eyes closed, suggesting death. The figures are close to the body, with one hand near the person’s chest and the other near their face. The bed has a cushioned headboard behind the body, and the surface beneath the body appears to be a wooden or stone slab. The lighting is dim, with shadows cast across the scene, and the colors are muted, dominated by earthy tones like browns, grays, and faded purples. The textures of the cloth and skin are rendered with visible folds and roughness, suggesting a tactile quality. The overall impression is one of stillness and somberness, with the figures’ proximity to the body indicating a moment of mourning or vigil."
Baroque/esaias-van-de-velde_the-robbery-1616.jpg,"This artwork depicts a chaotic outdoor scene with several people engaged in a fight or skirmish near the ruins of a brick building. In the foreground, a man on a white horse is central, facing left, with his sword drawn and one hand on the reins. To his left, another man in a brown outfit is lunging toward him, also with a sword. Near the bottom left, a man in a dark hat kneels beside a fallen person lying on the ground, while another man in a dark outfit stands nearby, holding a stick or weapon. To the right of the central figure, a man in a red hat and orange pants stands with a long pole or staff, facing the central figure. Further to the right, another man in a yellow shirt and dark pants runs away, holding a stick. In the background, a large, partially collapsed brick structure with a thatched roof dominates the left side, surrounded by trees. Behind it, a smaller, intact brick building with a thatched roof is visible, partially obscured by trees. To the far right, a horse is running away, with a rider on its back. The sky is a mix of dark and light clouds, with a bright area suggesting the sun. The ground is uneven and appears muddy or dirt-covered. The colors are mostly earthy tones—browns, grays, and muted greens—with the red hat and yellow shirt providing contrast. The texture of the painting suggests brushwork, with visible strokes and areas of faded paint, especially around the edges. The signature “J. VANDEN VELDE 1616” is visible in the bottom right corner."
Realism/claude-monet_the-chapel-notre-dame-de-grace-at-honfleur.jpg,"This artwork shows a quiet, rural scene with a small stone building on the right, surrounded by large, leafy trees on the left. The building has a tall, narrow tower with a dark, pointed roof and a smaller domed structure attached to its base. The trees form a dense, green wall along the left side, with their trunks and branches visible. Behind the trees, a pale, possibly water-filled area can be seen in the distance. The ground is a flat, unpaved surface with patches of grass and dirt. The sky is overcast and gray, with no visible sun or shadows. The painting uses muted greens, grays, and browns, with visible brushstrokes that give the surface a textured, slightly rough feel. The artist’s signature is visible in the lower right corner. There are no people or animals in the scene."
Rococo/giovanni-battista-tiepolo_the-beheading-of-john-the-baptist-1733.jpg,"This artwork depicts a dramatic, violent scene set inside a stone building, likely a prison or dungeon. In the center, a man lies on a stone slab, his body exposed and covered in blood, with a red cloth draped over him. To his left, a figure in a yellow vest and white tunic stands over him, holding a sword and appearing to strike or threaten him. Another figure, dressed in white, kneels beside the body, holding a large metal plate or shield. To the right, a group of people stands together: a woman in a light-colored robe with a patterned shawl, a man in a green robe, and a child in blue clothing. A small white and black dog runs near the bottom right corner. In the background, a barred window and stone walls are visible, and a hanging object, possibly a lantern or tool, is suspended from the ceiling. The scene is framed by a decorative, arched golden border. The lighting is dramatic, with strong contrasts between light and shadow, and the colors are mostly muted earth tones, with reds and whites standing out. The textures suggest rough stone, fabric, and metal, and the figures are rendered with detailed, realistic anatomy and movement."
Symbolism/felicien-rops_illustration-of-les-diaboliques-3.jpg,"The artwork depicts a scene with two human figures. One figure is lying on their back, face up, in a dark, shadowy area that occupies the right side of the image. Their body is partially visible, with limbs extended and hands open, suggesting a state of vulnerability or stillness. To the left, another figure stands, facing away from the viewer, with their back turned toward the center of the image. This figure is rendered with less detail and appears to be in a more distant, lighter area. The image is marked with handwritten text in the upper left corner that reads “LE RIDEAU GRAND.” The entire piece is rendered in grayscale, using fine lines and cross-hatching to create texture and depth, with strong contrasts between light and dark areas. The composition places the standing figure on the left and the reclining figure on the right, with a vertical, light-toned structure separating them, possibly suggesting a barrier or a wall. The surface of the artwork has a grainy texture, consistent with a printed or etched medium."
Abstract_Expressionism/tsuruko-yamazaki_work-1969.jpg,"The artwork shows a large, abstract composition dominated by bold diagonal stripes of black and a deep, warm red-orange. Within these stripes, there are smudged, gestural marks and faint, ghostly outlines that resemble human figures or shapes in motion, though they are not clearly defined. Some areas appear to have drips or smears of paint, suggesting movement or decay. The piece has a strong sense of tension and contrast, with the black stripes cutting across the red-orange field in a dynamic, overlapping pattern. The figures or shapes are scattered across the canvas, some appearing more defined in the center and left areas, others more blurred or fragmented toward the edges. The texture is rough and layered, with visible brushstrokes and areas where paint has been applied thickly or thinly. The colors are intense and saturated, with the red-orange background appearing flat and solid, while the black stripes have a slightly uneven, textured surface. In the bottom right corner, the numbers “1993” are visible, suggesting the year the work was created. The overall impression is one of energy, fragmentation, and visual conflict."
Color_Field_Painting/gene-davis_franklin-s-footpath-1972(1).jpg,"This artwork shows a long, wide path stretching straight ahead, painted with bold, parallel stripes of many bright colors including red, yellow, blue, purple, and pink. A single person, wearing dark clothing, stands near the center-right of the path, bent over and holding a long tool, possibly a brush or a roller, with two paint buckets on the ground beside them. The path is flanked on both sides by rows of tall, dark trees, and at the far end, a large, classical-style building with columns and a flat roof is visible. The sky above is pale and overcast. The ground surface appears to be concrete or asphalt, with visible cracks and wear. The colors are vivid and saturated, and the scene is evenly lit by diffuse daylight, suggesting an outdoor setting. The person’s posture suggests they are actively painting or working on the stripes. The overall composition is symmetrical, with the path leading the eye toward the distant building."
Symbolism/felicien-rops_sex-position-69.jpg,"This artwork depicts two nude figures lying on a bed in a room. One figure is positioned on their back, facing away from the viewer, with their legs extended and one arm bent. The other figure is on their side, partially atop the first, with their head turned toward the first figure’s back. Their legs are bent, and one arm is raised near the head of the first figure. The bed has a rumpled blanket and a draped curtain hanging above it, which partially covers a window or doorway in the background. On the floor to the left, there is a small table with a cup, saucer, and a small pitcher, along with a pair of shoes and a hat lying nearby. The room has vertical lines suggesting walls or paneling, and the overall scene is rendered in monochrome, with shading indicating depth and form. The figures and objects are arranged to suggest a private, intimate setting, with the bed as the central focus and the floor items placed to the side. The drawing uses fine lines and cross-hatching to create texture and volume, with no visible color."
Post_Impressionism/vincent-van-gogh_still-life-bottle-lemons-and-oranges-1888.jpg,"This artwork shows a still life with a woven basket filled with potatoes, some scattered around it on a textured surface, and a dark green bottle with a corked top standing behind the basket. The basket is positioned in the center of the composition, with the bottle slightly to its right and back. The potatoes are mostly clustered in the basket, with a few lying on the surface to the left and right of the basket, and one potato near the bottom right corner. The surface beneath the objects is a pale yellowish color with a rough, grainy texture, and the background is a mottled greenish-blue with small, scattered dots. The lighting appears to come from the upper left, casting soft shadows to the right of the objects. The colors are muted and earthy, with the green bottle contrasting against the yellow surface and the dull brownish tones of the potatoes. The texture of the basket is visible as a pattern of interwoven strands, and the potatoes have rough, uneven surfaces. The overall impression is one of a simple, grounded arrangement with a tactile, almost tactile quality."
Cubism/henri-laurens_untitled-from-dialogues.jpg,"This artwork shows an abstract composition with a central figure in a blue-green hue, appearing to be in motion or reaching upward with one arm extended. The figure is surrounded by large, flat geometric shapes in green and black, which form a background and frame the figure. From the lower right, a series of black, tangled, curving lines emerge and flow downward, suggesting movement or energy. The figure’s form is outlined with thin black lines, and there are small, irregular black marks near the figure’s lower left side. The entire image is set against a plain, light beige background. The colors are flat and solid, with no visible texture or shading. The composition is asymmetrical, with the figure and shapes positioned diagonally across the canvas. The black shapes are placed behind and to the sides of the figure, creating a sense of depth. The lines and shapes do not depict recognizable objects or scenes, but rather suggest forms and motion through their arrangement and contrast."
Symbolism/gustave-moreau_humanity-the-golden-age-depicting-three-scenes-from-the-lives-of-adam-and-eve-the-silver-age-1886.jpg,"This artwork shows a large, ornate panel divided into a grid of smaller painted scenes, with a single large painting above them in an arched space. The top painting depicts a central figure with wings, surrounded by other winged figures and dark, stormy clouds. Below, the panel is arranged in three rows of three smaller paintings each, totaling nine. Each small painting shows different figures, often nude or semi-nude, in various outdoor settings like forests, mountains, or by water, with some figures interacting with each other or with nature. The figures are in different poses: some standing, some sitting, some lying down, some appearing to be in motion or in conversation. The entire panel is framed by a very elaborate, carved, golden-brown decorative border that surrounds the paintings and fills the space between them. The paintings themselves are in muted, earthy tones with some brighter areas, such as reds and blues, but overall the colors are subdued and dark. The surfaces of the paintings appear to be painted on a flat, rigid material, and the frames are made of wood with detailed carvings. The top arched section is set into a curved architectural frame, suggesting it is mounted on a wall or within a doorway."
Post_Impressionism/maurice-denis_the-road-to-calvary.jpg,"The artwork depicts a group of figures carrying a large, dark cross through an open field. One figure, seen from behind, is holding the cross with both hands, their body bent forward under the weight. Other figures, also seen from behind, are positioned around them, supporting the cross or walking alongside. The ground is covered with small, bright yellow flowers. In the background, a distant hill or landscape is visible under a pale sky, with faint, dark shapes that suggest a crowd or structures on the horizon. The figures are rendered as dark silhouettes, with minimal detail, and the cross is a solid, dark shape. The colors are muted, with the yellow flowers providing a stark contrast to the dark figures and the pale sky. The texture appears flat and painted, with no visible brushwork or surface detail. The overall impression is one of movement and burden, with the figures moving forward together."
Ukiyo_e/utagawa-kuniyoshi_sato-tadanobu-a-samurai-of-the-twelfth-century-defending-himself-with-a-goban-whan-attacked-by.jpg,"The artwork depicts a dramatic scene of two figures engaged in a fierce confrontation. One figure, standing and dominating the center, is dressed in a patterned, ornate robe with a green underlayer and is holding a large, square, grid-lined object above their head. This figure has a fierce expression, with wide eyes and a tense mouth, and is leaning forward with arms raised. The second figure lies on the ground to the left, with their head tilted back and mouth open, appearing to be in distress or defeat. The standing figure’s right foot is on the ground, and their left leg is bent, with a sword or similar weapon resting near their foot. Scattered around the figures are numerous black and white circular objects, resembling game pieces, on the ground. In the upper right corner, there is vertical text in red characters on a dark background, and below it, a small red seal with characters. The background is dark and indistinct, suggesting a setting like a courtyard or interior space with faint architectural elements. The colors are muted, with the robe showing red, green, and dark patterns, while the ground is a dull greenish-gray. The overall impression is one of intense physical struggle, with the standing figure appearing to overpower the fallen one."
Symbolism/leon-spilliaert_self-portrait-in-mirror-1908.jpg,"The artwork shows a man in profile, looking toward the left, standing in front of a large, ornate mirror. The mirror has a heavy, gilded frame with decorative carvings at the top. The man is wearing a dark garment, possibly a suit or coat, and his face is partially illuminated, with one eye closed and the other open, giving a somber or contemplative expression. Behind him, the mirror reflects a dimly lit interior with a clock visible on a surface to the left of the reflection. To the right of the mirror, there are two empty picture frames with gold borders, mounted on a dark wall. The overall lighting is subdued, with a warm, yellowish glow concentrated on the man’s face and the mirror’s frame, while the rest of the scene is in deep shadow. The textures suggest oil paint, with visible brushwork and a rough, uneven surface, especially in the darker areas. The composition places the man slightly off-center, with the mirror dominating the left side of the frame, and the empty frames to the right. The space behind the man is mostly obscured by shadow, with no clear details visible."
Symbolism/franz-stuck_the-murderer.jpg,"This artwork depicts a narrow, dimly lit alleyway with water on the ground. In the foreground, two nude women stand close together, their bodies partially submerged in the water. The woman on the left is facing forward, her head tilted back and eyes looking upward. The woman on the right is turned away, her back to the viewer, and her arm is extended toward the left woman. Behind them, a third figure is partially visible, also nude and standing in the water. In the background, a small, dark figure is seen running away from the group, moving toward the right side of the scene. The alleyway walls are dark and textured, with a faint light source visible in the upper right corner, casting a pale glow on the water’s surface. The water reflects the light and the figures, creating distorted, shimmering patterns. The overall color palette is muted, dominated by dark browns, blacks, and grays, with the water appearing in shades of gray and pale blue. The texture of the painting suggests rough brushwork, with visible strokes and smudges, especially in the darker areas. The composition is tightly framed, with the figures clustered on the left and center, and the fleeing figure receding into the distance on the right."
Baroque/frans-hals_portrait-of-a-man-nicolaes-pietersz-duyst-van-voorhou.jpg,"This is a portrait of a man shown from the chest up, looking slightly to his right. He has long, wavy brown hair that falls over his shoulders and a thick, dark mustache. He wears a wide, black hat that covers the top of his head and extends down to his ears. Around his neck is a large, white, lace-like collar that is ornate and detailed, contrasting sharply with the dark clothing he wears. His outfit is a dark, possibly black, garment with a shiny, reflective surface, suggesting fabric like velvet or satin. His right hand is visible, resting near his waist, with a white, ribbed cuff showing at the wrist. The background is a solid, dark brown, with no discernible objects or details. The lighting is focused on the man’s face and the white collar, making them stand out against the dark background. The painting has visible brushstrokes, especially in the clothing and background, indicating it is an oil painting on canvas."
Romanticism/viktor-vasnetsov_jesters-1885.jpg,"This artwork depicts two figures in a dynamic, confrontational pose, facing each other. The figure on the left is dressed in orange clothing with a tall, curved yellow hat and is in a forward-leaning stance, one arm extended as if reaching or striking. The figure on the right wears green clothing with a pointed green hat and a red band, and is in a low, wide stance with one arm raised and bent, suggesting a defensive or aggressive posture. Both figures are wearing white socks and flat shoes, and their feet are positioned on a faintly drawn ground line. The background is plain and unadorned. At the bottom right, the word “СНЯТУРКА” is written in Cyrillic letters, and at the bottom left, the word “ШВЕТЫ” appears, also in Cyrillic. The colors are flat and somewhat faded, with visible pencil or charcoal lines defining the forms. The paper has a slightly textured, aged appearance."
Realism/ilya-repin_demonstration-on-october-17-1905-sketch-1906.jpg,"This artwork depicts a large, energetic outdoor gathering of many people, likely a public celebration or parade. In the center, a man in dark clothing is airborne, arms outstretched, as if jumping or being thrown into the air, with a red cloth or flag waving above him. Around him, a crowd of people is densely packed, many with their arms raised, some holding red flags or banners, and others appearing to be dancing or cheering. To the right, several figures are playing brass instruments, including what appear to be tubas or similar large horns, with their instruments held in a way that suggests active performance. On the left, a woman in a bright red dress stands out, holding a bouquet of flowers. The background is a hazy, indistinct landscape with a faint outline of a flagpole bearing a blue and red flag. The painting is signed in the lower left corner with the name “E. P. P.” and the year “1906.” The colors are dominated by dark tones, with bold reds and blues contrasting against a pale, washed-out sky. The brushwork is visible and textured, with thick, impasto strokes, especially in the figures and the red elements, giving the scene a dynamic, almost chaotic energy. The overall impression is one of movement, noise, and collective excitement."
Realism/vasily-sadovnikov_interior-of-trinitarian-church-in-vilnius-lithuania-1846.jpg,"This artwork shows the interior of a large, ornate church with a high, domed ceiling and elaborate decorations. The space is filled with people, mostly seated or standing in rows, facing toward the center. At the far end, there is a raised altar area with a central religious image, flanked by statues and decorative elements. The walls and ceiling are covered in intricate carvings, statues, and architectural details. The floor is a light-colored stone or tile. The lighting is soft and diffused, coming from windows high up in the walls and from the central dome, casting a gentle glow over the scene. The colors are muted, with dominant tones of beige, gray, and gold, and the textures appear smooth and polished, suggesting stone, wood, and metal surfaces. The figures are mostly dressed in dark or muted clothing, and their postures suggest they are attending a service or ceremony. Some individuals are seated at long wooden benches, while others stand near the altar or in the aisles. The overall impression is one of grandeur, solemnity, and reverence."
Abstract_Expressionism/william-baziotes_untitled-blue-and-burnt-orange-1960.jpg,"This artwork shows a stylized, abstract landscape divided into three horizontal bands. The top band is a light, pale pinkish-white shape with horizontal stripes, set against a brown background. Below it, a large, irregular brown shape dominates the center, with thin black lines curving around it and extending outward. Beneath this, a jagged, light-colored shape with angular facets appears to be emerging from or resting on the brown mass. The bottom band is a blue area with wavy lines and a single white, rounded shape that resembles a bubble or a small object floating in the water. The entire piece is rendered with watercolor-like textures, with visible paper grain and uneven edges. The colors are muted and earthy, with the blue section contrasting against the browns and pale tones. The lines are thin and sketchy, suggesting a hand-drawn quality. There are no clear figures or identifiable objects, only abstract forms and shapes."
Abstract_Expressionism/paul-jenkins_phenomena-sherman-vortex.jpg,"This artwork shows a dynamic, abstract composition of bold, flowing color shapes against a light background. The most prominent elements are large, irregular patches of deep blue, vivid red, and intense green, arranged in a scattered, overlapping pattern. These shapes appear to spread and blend into one another, with some areas showing softer edges and others appearing more defined. The red and green forms are located toward the lower right and center, while the blue forms dominate the upper left and center. The composition lacks clear figures or objects, instead presenting a sense of movement and contrast through the placement and interaction of these color masses. The colors are saturated and appear to be applied in a way that suggests fluidity, with some areas showing faint transitions or bleeding between hues. The surface seems flat, with no visible texture or physical depth, and the overall impression is one of energetic, abstract form."
Baroque/adriaen-brouwer_interior-with-smokers-1632.jpg,"This artwork depicts a dimly lit, cluttered interior where several people are gathered around a small table. In the center, a man in a dark coat and hat sits at the table, eating from a bowl while holding a spoon to his mouth. To his right, another man in dark clothing leans forward, looking upward with his mouth open, as if reacting to something above. Behind them, a third man in a light-colored shirt and trousers is bent over, sitting on a wooden barrel, with his back to the viewer. To the left, a large brown ceramic jug sits on the floor near the table. In the background, two more figures stand near a doorway or opening, partially obscured by shadows. The room is dark, with a single light source illuminating the table and the figures around it, casting deep shadows. The walls are rough and dark, and a wooden shelf with indistinct objects is visible on the left. The floor is uneven and appears worn. The textures suggest rough wood, coarse fabric, and unpolished stone or plaster. The overall impression is one of a crowded, intimate, and somewhat chaotic scene."
Post_Impressionism/richard-gerstl_meadow-with-houses-in-background-1907.jpg,"This artwork shows a tree with a thick, dark trunk on the right side, its branches spreading out and covered in dense green leaves. The ground beneath is painted in bright, uneven patches of green, suggesting grass or earth. Behind the tree, there are blurred shapes in muted purples, pinks, and whites, which appear to be distant structures or foliage. The tree’s trunk is positioned vertically along the right edge, while the branches and leaves fill the center and left portions of the canvas. There are no people or animals visible. The painting uses thick, visible brushstrokes, with colors applied in bold, textured patches. The green is varied, from bright to dark, and the tree trunk is rendered in deep purples and browns. The background elements are less defined, with colors that blend and overlap, creating a sense of depth without clear outlines. The overall impression is one of a natural, outdoor scene with strong, expressive brushwork."
Realism/gustave-courbet_la-bretonnerie-in-the-department-of-indre-1856.jpg,"This artwork shows a peaceful outdoor scene with a small stream winding through a grassy field, flanked by trees and bushes. The stream flows from the lower left toward the center, with its surface reflecting light. On the left, a large tree with a thick trunk and dense foliage stands near the water’s edge. To the right, a cluster of trees and shrubs grows along a sloping hillside. In the background, a line of taller trees and a solitary, slender tree stand against a sky filled with soft clouds. The sky is mostly blue with patches of white and gray clouds, suggesting a bright but partly cloudy day. The ground is covered in green grass, with shadows cast by the trees, indicating sunlight from above. The colors are natural and muted, with greens, browns, and blues dominating the palette. The brushwork appears loose and textured, giving the scene a sense of movement and natural detail. There are no people or animals visible in the scene."
Romanticism/edward-burne-jones_girl-and-goldfish-1861.jpg,"The artwork shows a woman sitting on a low surface, wearing a long, flowing red dress that drapes around her. Her bare feet are visible, and she is positioned with her body slightly turned, her left hand resting on the fabric of her dress. Behind her, there is a dark, dense background with indistinct shapes that suggest foliage or a fence, and a faint, shadowy structure in the far background. The woman’s head is turned toward the viewer, and her expression is neutral. The red of her dress is the most prominent color, contrasting with the dark, muted tones of the surroundings. The surface she sits on appears to be wet or reflective, with some scattered, dark, possibly organic shapes near her feet. The overall lighting is dim, with no strong light source visible, and the textures suggest a painted surface with visible brushwork. The composition places the woman centrally, with the background elements receding behind her."
Baroque/gian-lorenzo-bernini_daniel-and-the-lion(1).jpg,"This artwork shows a marble statue of a nude male figure in a dynamic, upward-reaching pose, holding a large, segmented dome-like object above his head with both hands. The figure is seated on a rough, uneven stone base, with one leg bent and the other extended, and his body is twisted as he strains to support the weight of the dome. His arms are raised, his torso is tensed, and his head is tilted back, looking upward. The statue is framed by two vertical columns on either side, with a dark, textured wall behind it. The material is white marble, with visible carving details in the figure’s muscles, hair, and the folds of fabric draped around his waist and legs. The lighting is directional, casting shadows that emphasize the contours of the figure and the dome, and the surface of the marble appears smooth and polished in some areas, while rougher textures are visible in the base and background wall. The overall composition is centered, with the figure and dome occupying the central space, flanked by the columns."
Realism/nikolai-ge_portrait-of-piotr-ge-the-artist-s-son-1.jpg,"This is a portrait of a man sitting in a chair, facing forward. He has dark, somewhat tousled hair, a full beard, and is looking directly at the viewer with a serious expression. He is wearing a dark suit jacket over a white collared shirt and a dark tie. His hands are clasped together in his lap, and his posture is upright but relaxed. The background is a solid, dark, unbroken surface, with no discernible objects or details. The lighting is focused on the man’s face and upper body, creating a strong contrast with the dark background. The colors are mostly muted, with the man’s clothing appearing in deep browns and blacks, and the shirt collar and skin tones showing lighter, warmer hues. The texture of the fabric and skin is rendered with visible brushstrokes, suggesting a painted surface. The man’s hands are detailed, with visible fingers and skin texture, and the chair’s armrest is partially visible on the left side of the image. The overall composition centers the man, with no other figures or objects present."
Abstract_Expressionism/sam-francis_untitled-from-papierski-portfolio-sf-355-1992.jpg,"This artwork shows a chaotic, energetic spread of paint splatters and drips across a white surface. The paint appears to have been thrown, sprayed, or dripped in many directions, creating a dense, overlapping pattern. The most important visible elements are the colorful splatters, which cover the entire canvas. There are no distinct figures or objects; instead, the composition is filled with irregular shapes and bursts of color. The splatters are scattered throughout the entire area, with no single focal point, and there is no clear foreground or background. The colors include bright red, yellow, blue, green, and black, mixed with smaller dots and streaks of other hues. The paint appears thick and textured, with some areas showing more concentrated drips and others showing finer, scattered specks. The surface suggests a physical, tactile quality, as if the paint has been applied with force and left to settle in a random, uncontrolled manner."
Romanticism/edwin-henry-landseer_the-old-shepherd-s-chief-mourner.jpg,"The artwork shows a dog sitting on the floor in a dimly lit room, looking up toward a bed covered with a white blanket. The dog is positioned near the center of the image, facing away from the viewer, with its head tilted upward. To the right of the dog is a wooden chest with a handle, and next to it, a small wooden stool holding a dark object. In the background, a bed with a blanket and a chair are visible, along with a dark, possibly wooden structure behind the bed. The floor is uneven and appears to be made of stone or rough material, with scattered leaves or twigs. The lighting is subdued, with a soft glow illuminating the dog and the bed, while the rest of the room is in shadow. The colors are mostly muted browns, grays, and whites, with the white blanket standing out against the darker surroundings. The textures suggest rough wood, soft fabric, and worn surfaces, with the dog’s fur appearing thick and dark. The overall impression is one of quiet stillness and a sense of waiting or vigilance."
Pop_Art/hiro-yamagata_moulin-rouge-1977.jpg,"This artwork shows a bustling, colorful street scene centered on a large red windmill with the words “MOULIN ROUGE” on its base, flanked by buildings with signs like “JARDIN’S” and “MEXHALL.” People are scattered across the street, some walking, others gathered in groups, and a few appear to be dancing or performing in front of the windmill. A hot air balloon floats above the scene, and a small airplane is visible in the sky. To the right, a building with a sign reading “CUTE-PROVENCE” stands out, and another sign says “CYRAN.” A tram or trolley is on the left side of the street, and a white van is parked near the right edge. The background is a solid green sky, and the buildings are painted in bright, saturated colors like red, blue, yellow, and white. The street is crowded with figures, and the overall impression is one of lively, chaotic energy. The painting has a flat, stylized quality with bold outlines and vivid, non-naturalistic colors, suggesting a deliberate, decorative style rather than a realistic depiction."
Romanticism/ivan-aivazovsky_bracing-the-waves-1890.jpg,"The artwork depicts a turbulent sea with large, crashing waves under a hazy, golden sky. A ship, its sails torn and masts broken, is visible in the center, partially submerged and tossed by the waves. The water is dark and churning, with white foam cresting on the waves. The sky is a pale yellow and gray, with visible cracks in the paint surface. The artist’s signature and the year “1850” are in the lower right corner. The ship is positioned in the middle of the composition, surrounded by waves that rise and fall around it. The foreground shows rough, foamy water, while the background is dominated by the sky and distant, indistinct waves. The painting has a textured surface with visible cracks, and the colors are muted, with dominant tones of gray, green, and yellow."
Ukiyo_e/utagawa-kuniyoshi_rape-scene.jpg,"This artwork depicts a scene with multiple figures gathered around a central person lying on a low platform. The central figure is nude and appears to be receiving attention from others. To the left, a figure in a striped garment is leaning over, holding a small object near the central figure’s head. Another figure, also in a patterned garment, is positioned to the right, holding a lit candle and a small tool, seemingly working on the central figure’s body. A third figure, wearing a dark, ornate garment, is seated to the right, holding a small object near the central figure’s leg. A fourth figure, wearing a red garment, is lying on the platform, facing away, with their head turned to the side. The background is filled with dense, vertical lines of Japanese text, suggesting a written or inscribed surface. The foreground includes scattered objects: a small box, a rolled scroll, and a few other items on the platform. The colors are primarily muted, with reds, blues, and browns dominating the scene. The figures are rendered with clear outlines and flat areas of color, typical of printed woodblock art. The central figure’s body is exposed, and the surrounding figures are engaged in various actions around them, suggesting a ritual or medical procedure. The candle’s flame is visible, indicating a source of light. The overall composition is crowded, with figures closely positioned around the central figure."
Realism/n.c.-wyeth_the-death-of-guenever.jpg,"The artwork shows a man standing beside a bed where a woman lies, appearing to be asleep or deceased. The man is dressed in a dark, long robe and is holding a small object, possibly a pen or a tool, in his hands. He is looking down at the woman, who is lying on her back with her head resting on a pillow, covered by a white sheet. To the left of the bed, there is a table with three tall, thin candles standing upright, emitting a bright, radiant light that illuminates the scene from above and to the left. The background is dark and indistinct, with no clear walls or objects visible. The man is positioned on the right side of the image, while the bed and the candles are on the left. The light from the candles creates a strong contrast, casting shadows and highlighting the figures. The texture of the painting suggests a rough, grainy surface, and the colors are muted, dominated by dark tones and the stark white of the sheet and pillow. The overall impression is one of quiet, solemn stillness."
Northern_Renaissance/lucas-cranach-the-elder_salome-with-the-head-of-st-john-the-baptist.jpg,"A woman stands in the center of the image, holding a large, shallow, round dish with both hands. On the dish rests a human head with a beard, eyes closed, and mouth open, appearing to be in a state of death or stillness. The woman is dressed in a long, full-length gown with vertical pleats and decorative bands around the skirt and sleeves. Her hair is long, light-colored, and styled in braids, with a decorative piece on top of her head. She is looking slightly to her right, with a calm, neutral expression. The background is solid black, and the floor is a flat, light-colored surface. The lighting is focused on the woman and the dish, making them stand out against the dark background. The gown has a rich, reddish-brown color with darker patterns along the bands, and the dish appears to be metallic or reflective. The woman’s hands are positioned under the dish, supporting it from below. The head on the dish is positioned so that it is facing upward, with its chin resting on the edge of the dish. The woman’s posture is upright and steady, and she appears to be holding the dish with care. The image is detailed, with visible textures in the fabric and the hair, and the colors are distinct and saturated. The overall composition is centered, with the woman and the dish as the focal point. The background is plain and unadorned, drawing attention to the central figures. The image is static, with no movement or action suggested. The woman’s expression is neutral, and she does not appear to be reacting to the head on the dish. The head is not moving, and the woman is not moving, suggesting a moment of stillness or presentation. The image is clear and well-defined, with no blurring or distortion. The woman’s face is visible, and her features are detailed, including her eyes, nose, and mouth. The head on the dish is also detailed, with visible facial features, including the eyes, nose, and mouth. The dish is large and round, with a smooth surface. The woman’s hands are visible, and they are positioned under the dish, supporting it from below. The woman’s arms are extended slightly outward, and her hands are positioned to hold the dish securely. The woman’s posture is upright, and she is standing still. The image is static, with no movement or action suggested. The woman’s expression is neutral, and she does not appear to be reacting to the head on the dish. The head is not moving, and the woman is not moving, suggesting a moment of stillness or presentation. The image is clear and well-defined, with no blurring or distortion. The woman’s face is visible, and her features are detailed, including her eyes, nose, and mouth. The head on the dish is also detailed, with visible facial features, including the eyes, nose, and mouth. The dish is large and round, with a smooth surface. The woman’s hands are visible, and they are positioned under the dish, supporting it from below. The woman’s arms are extended slightly outward, and her hands are positioned to hold the dish securely. The woman’s posture is upright, and she is standing still. The image is static, with no movement or action suggested. The woman’s expression is neutral, and she does not appear to be reacting to the head on the dish. The head is not moving, and the woman is not moving, suggesting a moment of stillness or presentation. The image is clear and well-defined, with no blurring or distortion. The woman’s face is visible, and her features are detailed, including her eyes, nose, and mouth. The head on the dish is also detailed, with visible facial features, including the eyes, nose, and mouth. The dish is large and round, with a smooth surface. The woman’s hands are visible, and they are positioned under the dish, supporting it from below. The woman’s arms are extended slightly outward, and her hands are positioned to hold the dish securely. The woman’s posture is upright, and she is standing still. The image is static, with no movement or action suggested. The woman’s expression is neutral, and she does not appear to be reacting to the head on the dish. The head is not moving, and the woman is not moving, suggesting a moment of stillness or presentation. The image is clear and well-defined, with no blurring or distortion. The woman’s face is visible, and her features are detailed, including her eyes, nose, and mouth. The head on the dish is also detailed, with visible facial features, including the eyes, nose, and mouth. The dish is large and round, with a smooth surface. The woman’s hands are visible, and they are positioned under the dish, supporting it from below. The woman’s arms are extended slightly outward, and her hands are positioned to hold the dish securely. The woman’s posture is upright, and she is standing still. The image is"
Post_Impressionism/gustave-loiseau_ice-on-the-oise-river.jpg,"This artwork shows a riverbank scene with a town or village built on a hillside across the water. The foreground is dominated by the river, which appears choppy and reflective, with patches of light and dark suggesting movement and ripples. Along the left edge, there is a cluster of tall, thin vegetation, possibly reeds or grasses, painted in muted browns and greens. Across the river, the hillside is covered with buildings, mostly in pale yellows, whites, and muted reds, with dark roofs. The buildings are clustered together, suggesting a town or settlement, and some appear to be on a slight incline. The sky above is painted in soft, blended tones of gray, blue, and pale purple, suggesting an overcast or twilight atmosphere. The entire scene is rendered with visible brushstrokes, giving it a textured, impressionistic quality. The colors are subdued and blended, with no sharp lines or clear details, emphasizing atmosphere over form. There are no people or animals visible in the scene."
Romanticism/john-everett-millais_the-knight-errant.jpg,"The artwork shows a nude woman with long, dark hair standing beside a large tree, facing away from the viewer, while a man in full armor stands to her right, holding a sword and looking at her. The man’s armor is detailed and reflective, with red fabric visible at his wrists and under his chest. The woman’s body is exposed, and she is barefoot, leaning slightly against the tree. The tree has a light-colored, rough bark and is positioned between the two figures. The background is dark and wooded, with bare trees and a faint crescent moon visible in the upper left corner. The ground is dark and uneven, with some small, yellowish objects near the woman’s feet. The lighting is dim, with a warm, yellowish glow illuminating the woman’s body and the man’s armor, while the rest of the scene is in shadow. The textures suggest rough bark, smooth skin, and metallic armor, with the overall scene appearing to be set in a forest at night."
Post_Impressionism/arturo-souto_galicia-1963.jpg,"This artwork depicts a rural outdoor scene with several people and animals near a building. In the foreground, a person with reddish hair sits on the ground, facing away, with their hands near a small pile of round, flat objects. To their left, another person stands near an open doorway of a stone building, appearing to be in motion or gesturing. A brown cow stands in the center of the scene, facing away from the viewer, near the building’s entrance. To the right, a third person stands upright, wearing a hat and holding a long stick or pole. Behind them, a small wooden structure with a roof and a cross-like top is visible. The ground is uneven and covered in dirt, with scattered objects including a ladder leaning against a bush on the far right. The building has a red-tiled roof and a small window. The background is filled with trees and foliage, rendered in muted, earthy tones. The overall color palette is subdued, dominated by browns, grays, and dull greens, with the red roof providing a small contrast. The texture of the painting is rough and impasto, with visible brushstrokes, suggesting a tactile, physical surface. The lighting appears to be natural daylight, casting soft shadows, but the scene is not brightly lit, giving it a subdued, overcast feel."
Post_Impressionism/henri-matisse_odalisque-1.jpg,"This artwork shows two nude figures lying together on a bed or couch. One figure is positioned on top, with their head resting on the other figure’s shoulder and their arm draped over them. The figure beneath is lying on their back, with their head turned slightly to the side, and their arms resting near their body. The figures are partially covered by a yellowish-green fabric that drapes over them and the surface they are on. The background is a plain, light-colored wall with vertical lines suggesting a window or paneling. The foreground includes a dark, textured area to the left, possibly a blanket or part of the furniture. The painting uses soft, blended colors with visible brushstrokes, and the lighting appears to come from the right, casting subtle shadows. The texture of the canvas is visible throughout, with thick, impasto areas in the skin tones and the fabric. The artist’s signature is visible in the lower left corner."
High_Renaissance/leonardo-da-vinci_study-of-an-apostle-s-head-and-architectural-study.jpg,"This artwork shows a sketch with two distinct parts: a human head and shoulders in the upper portion, and a detailed architectural drawing in the lower portion. The head is drawn in profile, looking downward and to the left, with curly hair and a high collar. The architectural drawing below depicts a complex building with multiple domes, towers, and spires, rendered with fine lines and shading. The head is positioned above the architecture, and both elements are on the same sheet of paper. The sketch is done in a reddish-brown medium on a light-colored surface, with visible texture from the paper and the medium used. A number, “44,” is written in the lower right corner, and a small circular mark with letters is near the bottom right edge. The drawing appears to be a study, with the head and architecture separated but on the same page."
Realism/vasily-polenov_terem-palace-exterior-1877.jpg,"This artwork shows a detailed view of a large, ornate building with multiple towers and domes, characteristic of Russian Orthodox architecture. The structure is painted in light tones, with decorative elements and windows, and is set against a blue sky with scattered clouds. The building occupies the entire frame, with no other objects or people visible.

The most important elements are arranged vertically and horizontally across the canvas. On the left, there is a section with a small, dark window framed by decorative carvings, and below it, a smaller window with two dark, silhouetted figures standing inside. To the right, a tall, pointed tower rises, topped with a golden dome and a cross. Below this, another arched window is visible, also dark and shadowed. The lower part of the building features a wall with small, square panels, each containing a painted symbol or figure. The ground in the foreground is a flat, light-colored surface, suggesting pavement or earth.

The light in the painting is bright and directional, coming from the upper left, casting shadows to the right and below. The colors are dominated by pale yellows, whites, and blues, with accents of gold and dark tones in the architectural details. The texture appears to be painted with visible brushstrokes, giving the surface a slightly rough, textured feel. The overall impression is one of a static, architectural scene, with no movement or activity depicted."
Romanticism/pavel-svinyin_at-the-plantation.jpg,"This artwork depicts a scene outdoors, likely in a wooded or rural area, with a man standing on a tree stump to the left and two women in the center foreground. The man, wearing a hat and what appears to be a coat and trousers, stands upright with one hand near his face, possibly holding a pipe or similar object. The two women, dressed in long, dark-colored dresses, are positioned side by side, each holding a tool or object that resembles a hoe or similar farming implement. They are facing toward the right side of the image, where several tree stumps are burning with visible flames and smoke rising into the air. Behind them, a wooden fence runs horizontally across the middle ground, and beyond that, a hazy, indistinct landscape with trees and hills is visible. The sky is pale and overcast. The image has a textured, somewhat faded quality, with muted colors dominated by browns, grays, and dull blues, and the overall impression is that of a painted or printed illustration with visible brushwork or grain."
Symbolism/kuzma-petrov-vodkin_samarkand-1926.jpg,"This artwork shows two figures in a scene that appears to be set outdoors, possibly near a building or structure with arches. The figure in the foreground is centered and facing forward, wearing a red cap and a blue garment with reddish stains or patterns. This figure has a neutral, direct gaze. To the right and slightly behind, a second figure is seated, turned away, wearing a blue head covering and a greenish-blue robe, with one hand resting on their lap. The background is dominated by a large, bright blue area on the left, suggesting sky or a painted wall, and a lighter, textured area on the right that suggests stone or architectural elements. The surface of the painting has visible brushstrokes and texture, with colors applied in a thick, somewhat rough manner. The lighting is not clearly defined, but the blue area on the left is bright, while the rest of the scene is more muted. The figures are positioned with the foreground figure dominating the center and the second figure to the right, creating a sense of depth. The painting is signed in the lower left corner with the name “Elias” and the year “1926.”"
Northern_Renaissance/hieronymus-bosch_the-garden-of-earthly-delights-1515-6.jpg,"This artwork depicts a group of nude human figures in a crowded, chaotic scene. Several figures are positioned in the center and foreground, with one figure on the left holding a small bouquet of red flowers. Another figure is lying on the ground, partially obscured, with a dark, flower-like object near their thigh. A third figure stands behind them, reaching toward a large fish that is positioned above and to the left. To the right, a figure sits with their back to the viewer, and another figure is partially visible behind them, holding a blackberry. In the upper right corner, a blackberry hangs from a stem. The background is composed of muted green and reddish-brown tones, with some indistinct shapes and patterns. The figures have pale skin and are shown in various poses, some standing, some kneeling, some lying down. The painting has a textured surface, with visible brushstrokes and areas of faded color. The lighting is flat and even, with no strong shadows or highlights. The overall impression is one of a dense, physical gathering with no clear focal point."
Romanticism/gustave-dore_abishai-saves-david-s-life.jpg,"This artwork depicts a group of people in a small, overcrowded boat, struggling through rough, churning water under a dark, stormy sky. The boat is filled with many figures, some standing, some sitting, some leaning over the sides, all appearing tense and in distress. One figure on the left has a faint halo above their head, suggesting they are a religious figure or angel. The boat is tossed by large waves, and the water is rendered with swirling, chaotic lines to show its violent motion. Above the scene, three birds are visible flying in the dark sky. The entire image is in black and white, with the artist using fine lines and cross-hatching to create texture and depth, especially in the water and the figures’ clothing. The sky is mostly dark, with no visible light source, and the figures are mostly in shadow, with only the white foam of the waves and the faint outline of the halo providing contrast. The artist’s signature, “H. PISAN,” is visible in the bottom right corner."
Realism/fyodor-bronnikov_masquerade-1870.jpg,"This artwork depicts a lively, chaotic indoor scene with several men in what appears to be a room with a checkered floor. In the center, a man wearing a red robe and a tall, ornate hat stands with a cane in one hand and a red cloth in the other; he is smiling broadly and appears to be the focus of attention. To his left, a shirtless man in dark pants and blue stockings is bent over, holding a hat, while another man in a light-colored shirt and red hat stands behind him, holding up a white garment. To the right, a man in a white shirt and red cap is raising his arm, seemingly in motion or gesture, and another figure is partially visible near a doorway, also holding a white cloth. The room has dark walls, a framed portrait hanging on the left wall, and a doorway on the right. The lighting is dim, with a strong light source illuminating the central figure and the area around him, casting shadows. The floor is made of light and dark squares, and the overall impression is one of movement and activity, with figures in various poses suggesting a moment of interaction or disturbance. The painting has a textured surface, with visible brushstrokes, and the colors are mostly dark with strong contrasts, especially around the central figure’s red robe."
Pop_Art/hiro-yamagata_table-tennis.jpg,"The artwork depicts a person with short, bright yellow hair, wearing a blue shirt with a large pink star on the chest and dark shorts, holding a paddle in their right hand and a small white ball in their left. They are positioned in front of a table with a dark blue surface, appearing to be in the middle of a game. Behind them, a large, jagged, starburst-like shape in red, yellow, and green dominates the background, with a white explosion graphic near the center. To the right, vertical text reads “CENTENNIAL GAMES” in bold, black letters, with smaller text below it that appears to say “1980” and “Vancouver.” The overall style is flat and graphic, with bold outlines and saturated colors. The figure is centered in the composition, with the table in the foreground and the explosive background behind them. The text is aligned along the right edge of the image. The colors are vivid and high-contrast, with no visible texture or shading to suggest depth or material."
Northern_Renaissance/lucas-cranach-the-elder_arrest-of-christ-1538.jpg,"This artwork depicts a dramatic, chaotic scene with a central figure, a man with a beard and brown robe, surrounded by a group of armed men. He is gesturing with his hands, appearing to speak or plead, while others around him are holding long spears or swords, some pointing at him. To the left, an older man with a white beard and a white robe holds a staff or pole, standing with his back slightly turned. On the ground in the foreground, a man in a red garment lies face down, seemingly injured or dead. Behind the central group, more figures are visible, some in dark clothing, holding weapons, and others appearing to be in motion or reacting. The background shows a dark, wooded area with a faint outline of a distant city or town under a night sky with a crescent moon. The scene is lit by a dim, focused light that highlights the central figure and the figures around him, while the rest of the composition is in deep shadow. The colors are mostly dark, with the central figure’s robe being a reddish-brown and the older man’s robe being white, creating contrast. The textures suggest oil paint on a wooden surface, with visible brushwork and roughness in the darker areas. The overall impression is one of tension and confrontation, with the central figure as the focal point of the action."
Northern_Renaissance/albrecht-durer_bacchanal-with-silenus.jpg,"This artwork shows a group of muscular, nude or partially clothed figures gathered around a large, leafy grapevine with clusters of grapes. The central figure is a large, bald man being carried or supported by several other figures, who are in various poses of struggle or assistance. To the left, a figure is bent over, reaching toward the ground or a barrel. To the right, two figures are playing musical instruments — one a flute, the other a similar wind instrument — while another figure stands nearby holding a small object. The figures are arranged in a dense, chaotic cluster, with the central man and the musicians positioned toward the right side of the composition. The ground is uneven and appears to be dirt or stone, with some figures standing on or near a low structure. The artwork is rendered in black and white, with fine lines and shading that create a sense of depth and texture, particularly in the depiction of the figures’ bodies and the grapevine. The background is mostly filled with the grapevine and some indistinct foliage, with no clear horizon or distant objects. The overall impression is one of physical exertion, movement, and a crowded, energetic scene."
Early_Renaissance/benozzo-gozzoli_st-francis-in-glory-and-saints.jpg,"This artwork shows a painted ceiling with a central figure surrounded by angels and other figures, set against a dark blue background with stars. The central figure is seated on a throne, holding a book, and is encircled by a halo. Around this center, there are multiple figures in golden robes, some with wings, arranged in a circular pattern. These figures are positioned along the edges of the ceiling’s geometric sections, each facing inward toward the center. Below the central scene, there is a row of small, circular portraits of figures, each enclosed in a decorative frame. The entire composition is divided by intersecting lines that form a star-like pattern, with decorative bands of interwoven patterns separating the painted sections. The colors are dominated by deep blue, gold, and red, with some areas appearing faded or worn. The surfaces suggest a painted surface, possibly on plaster or wood, with visible texture from the paint and the underlying structure. The figures are depicted in static poses, with some appearing to be in flight or in reverent postures. The central figure is the focal point, with all other figures arranged around it in a symmetrical, radial layout."
Romanticism/gustave-dore_daniel-s-vision-of-the-four-beasts.jpg,"The artwork depicts a turbulent sea under a dark, stormy sky, with four large, monstrous beasts emerging from the water. These beasts are shown in various poses, some with limbs raised or twisting, suggesting movement and power. They appear to be rising from the waves, which are rendered with chaotic, swirling lines to convey motion and turmoil. The foreground shows rough, jagged rocks and turbulent water, while the background is dominated by the dark, swirling sky and the distant, indistinct forms of the beasts. The entire scene is rendered in black and white, using fine, cross-hatched lines to create texture and depth, with no visible color. The image is signed in the lower right corner, and a caption below reads “THE VISION OF THE FOUR BEASTS” followed by a biblical passage from Daniel 7:2-3."
Realism/alexey-venetsianov_that-is-those-fathers-dinner.jpg,"The artwork shows a young child sitting on the ground next to a small, shaggy dog. The child, with light-colored hair, is barefoot and wearing a simple, loose-fitting garment. They are resting their head on their hand, looking down and away, while holding a small, round object in their other hand. The dog, with a thick, light-brown coat, sits beside the child, facing slightly toward the viewer, with its head tilted. To the right of the child, a small, overturned wooden bucket lies on the ground. The background is dark and indistinct, suggesting a shadowy interior or outdoor setting with no clear features. The child and dog are positioned in the center of the composition, with the bucket to the right. The scene is lit by a soft, warm light that illuminates the child’s face, the dog’s fur, and the child’s hands and legs, while the rest of the image remains in shadow. The textures of the child’s clothing, the dog’s fur, and the wooden bucket are rendered with visible brushstrokes, suggesting roughness and materiality. The overall color palette is muted, dominated by dark browns and earth tones, with the warm light creating a contrast that highlights the central figures."
Romanticism/ivan-aivazovsky_the-shipwreck-near-mountain-of-aphon-1856.jpg,"This artwork depicts a dramatic coastal scene at sunset or sunrise, with a powerful contrast between fiery light and dark, stormy elements. On the left, a large ship with its sails torn or broken is caught in turbulent, foamy waves, its masts silhouetted against a glowing horizon. To the right, a steep, dark cliff rises, with a small, dimly lit building or structure visible near its base. At the foot of the cliff, a group of figures stands on the shore, appearing small and distant, possibly observing the scene or preparing to act. In the foreground, the sea churns with whitecaps and broken waves, and a small, overturned boat lies partially submerged near the shore. The sky is filled with heavy, swirling clouds, illuminated from below by a brilliant, warm light that casts long, orange and yellow glows across the water and the cliff face. The overall texture suggests rough, wet surfaces and turbulent motion, with the light creating sharp contrasts between illuminated areas and deep shadows. The figures are small and indistinct, but their posture suggests they are standing still, watching the chaos. The cliff and the ship are the dominant visual anchors, with the figures and the boat adding scale and human presence to the scene."
Mannerism_Late_Renaissance/piero-di-cosimo_the-immaculate-conception-with-saints-1510.jpg,"This artwork shows a central figure, a woman in a red dress and dark cloak, standing on a raised platform, looking upward. Around her, several other figures are positioned in a semi-circle, mostly kneeling or bowing their heads, with their hands clasped or raised in reverence. One figure to the left holds a white flower, another to the right holds a book or scroll. Above the central figure, a white bird flies in the sky. The background includes palm trees, rocky terrain, and distant buildings under a cloudy sky. The figures are arranged with the central woman at the center, the kneeling figures surrounding her, and the standing figures on the left and right. The lighting is diffuse, with no strong shadows, and the colors are mostly dark with reds and browns, contrasted by the white bird and the white flower. The surfaces appear painted with visible brushwork, and the figures are rendered with detailed clothing and facial features."
High_Renaissance/leonardo-da-vinci_study-of-christ-for-the-last-supper.jpg,"This artwork shows a close-up of a human face with closed eyes, long hair falling around the shoulders, and a calm, downward gaze. The figure’s head is centered in the frame, with the hair flowing outward on both sides, and the face is angled slightly to the right. The expression is serene, with no visible movement or gesture. The drawing is done in a monochromatic, earthy tone, likely sepia or brown, on a textured, aged paper surface. The lines are soft and blended, with visible smudges and marks that suggest the use of charcoal or a similar dry medium. The paper shows signs of wear, including discoloration and faint stains, particularly around the edges and in the upper right corner. The overall impression is one of quiet stillness, with no background elements visible beyond the figure’s head and shoulders."
Pop_Art/hiro-yamagata_soccer.jpg,"This artwork depicts two male soccer players in mid-action on a green field, with a white soccer ball between them. One player, wearing a white jersey and dark shorts, is on the left and appears to be controlling or dribbling the ball with his right foot. The other player, in a green jersey with a white number “0” on the chest, is to the right and slightly behind, leaning forward with arms outstretched as if attempting to challenge or intercept. Both players are shown in dynamic, athletic poses with legs bent and bodies angled toward each other, suggesting movement and competition. The top left corner features the Olympic rings in their standard colors against a red background. Along the right edge, vertical text reads “CENTENNIAL OLYMPIC GAMES” and “Les Jeux Olympiques du Centenaire 1996 — Atlanta 1996,” with a small Olympic logo at the bottom. The image uses bold, saturated colors — red, green, white, and yellow outlines — with high contrast and thick, bright borders around the figures, giving it a stylized, graphic quality. The background is mostly solid green, with no other objects or scenery visible. The figures are rendered with simplified forms and strong outlines, lacking fine detail or realistic textures."
Romanticism/dante-gabriel-rossetti_portrait-of-elizabeth-siddal-1865.jpg,"This artwork shows a portrait of a woman in profile, facing toward the right side of the image. Her head is turned slightly away from the viewer, with her eyes looking forward and her mouth closed. She has long, reddish-brown hair that is pulled back and appears to be tied or gathered at the back of her head, with a single strand falling down the side of her neck. She is wearing a dark green garment that covers her shoulders and upper chest. The background is a flat, uniform golden-yellow color. In the lower right corner, there is a small circular signature and the numbers “1855-65” written beneath it. The surface of the painting has a textured appearance, with visible brushstrokes and slight imperfections, suggesting it is a physical artwork. The lighting is soft and even, with no strong shadows, and the colors are muted and earthy."
Romanticism/gustave-dore_geryon-symbol-of-deceit.jpg,"This artwork depicts a dark, rocky landscape with a large, serpentine creature in the foreground, its body coiled and resting on jagged rocks. The creature has wings, a long tail, and a head with a menacing appearance. In the middle ground, two human figures stand on a narrow path, facing away from the viewer and toward the creature. The path is illuminated by a single light source, casting shadows and highlighting the figures and the surrounding rocks. The background is filled with steep, shadowy cliffs and a swirling, smoky cloud rising from the right side of the image. The entire scene is rendered in black and white, with detailed linework and shading that creates a sense of depth and texture. The text at the bottom identifies the creature as “GERYON—SYMBOL OF DECEIT” and includes a line from a biblical passage. The artist’s signature, “DANIEL GRIFFIN,” is visible in the lower right corner."
Early_Renaissance/giovanni-bellini_madonna-enthroned-cherishing-the-sleeping-child-1475.jpg,"The artwork shows a seated woman with a halo around her head, wearing a white head covering and a dark robe over a reddish garment, holding a sleeping infant in her lap. She is positioned in the center of the composition, seated on a carved wooden throne with ornate arms. Her hands are clasped together in front of her chest. The infant lies on her lap, curled slightly, with its eyes closed and arms relaxed. Behind the woman is a tall, decorated wooden frame with intricate carvings, set against a dark background. Above this frame is a golden, arched decorative element. The background includes a dark sky with soft, gray clouds on the left and right sides. The floor is a flat, light-colored surface. The woman’s robe is dark and heavy, with folds that suggest fabric texture. The infant’s skin is smooth and pale. The lighting is soft and focused on the figures, with shadows falling around them. The colors are muted, with the red of the woman’s garment standing out against the dark tones of her robe and the background. The throne and frame have a carved, wood-like texture. A small label at the bottom center of the painting reads “JOHN HENRY” and “1512.”"
Art_Nouveau_Modern/edmund-dulac_the-pearl-of-the-cloud-from-the-kingdom-of-the-pearl.jpg,"The artwork depicts a central figure, a nude woman, floating in a relaxed, reclined pose with one arm extended slightly forward and the other resting near her body. She is surrounded by swirling, golden-yellow clouds that drift across a dark, star-filled background. To her left, a green-skinned, horned figure with a patterned garment crouches, facing toward her. Behind her and to the left, a red, muscular figure with a headdress stands with arms raised. Above and to the left, a dark-skinned figure with a white headdress and ornate clothing appears to be in motion, possibly dancing or gesturing. To the right, a large white bull with horns stands calmly, its head turned slightly away. The entire scene is set against a deep black sky dotted with small, glowing orbs that resemble stars. The clouds have a soft, flowing texture and are rendered in a consistent golden-yellow hue, contrasting sharply with the dark background. The figures are stylized with bold outlines and flat areas of color, giving the image a distinct, illustrative quality. The woman’s form is smooth and unadorned, while the surrounding figures are more detailed and textured, with visible patterns and accessories. The composition places the woman as the focal point, with the other figures arranged around her in a dynamic, yet balanced, spatial layout."
Realism/vincent-van-gogh_peasant-woman-with-shawl-over-her-head-seen-from-the-side-2-1885.jpg,"The artwork depicts a single figure, a woman, standing in profile and facing left. She is wrapped in a heavy, dark garment that covers her head and body, with long, loose fabric draping down her back and sides. Her hands are clasped together in front of her torso, near her waist. Her feet are visible, with one foot slightly forward, and she appears to be standing still. The background is plain and unadorned, with no distinct features or objects. The drawing is done in dark, rough lines on a light, textured surface, suggesting it was created with charcoal or a similar medium. The lines are uneven and expressive, with areas of heavy shading and lighter, sketchy strokes. There is no visible color, and the texture of the paper is apparent. A small, illegible signature or mark is present in the lower right corner."
Post_Impressionism/corneliu-baba_portrait-of-the-art-collector-zambaccian.jpg,"The artwork shows an elderly man seated, looking downward with a somber expression. He is wearing a dark coat over a light-colored shirt and tie, and his hands are clasped together, holding a cane that rests near his right leg. The background is dark and indistinct, with no clear features. The man’s head is slightly tilted, and his gaze is directed toward the lower left, away from the viewer. His hands are positioned in the center-right of the frame, with the cane held firmly. The lighting is dim, with a faint glow on his face and hands, suggesting a single light source from the upper left. The colors are mostly dark, with deep blacks and browns, contrasted by the lighter tones of his shirt and the pale skin of his face. The texture appears rough and impasto, with visible brushstrokes, especially around the hands and the cane. The overall impression is one of quiet stillness and gravity."
Romanticism/john-constable_view-of-salisbury-cathedral-from-the-bishop-s-grounds.jpg,"This artwork shows a large, ornate stone church with a tall, pointed spire rising into a cloudy sky, viewed through a natural frame of tall trees. In the foreground, a small stream runs through grassy land, with several cows grazing or standing near the water. To the left, a dirt path runs alongside a wooden fence, where a man in dark clothing and a hat stands facing away, holding a long stick or pole, while a woman in a light-colored dress stands beside him, also facing away. The trees on both sides of the scene are dense with green and yellow leaves, and the sky above is filled with gray and white clouds. The church dominates the center-right background, its detailed Gothic architecture visible despite the distance. The lighting is soft and diffused, with no harsh shadows, and the colors are muted earth tones, greens, and grays, with the stone of the church appearing pale and light. The textures suggest rough bark on the trees, smooth stone on the church, and the soft, uneven ground of the grass and path. The overall impression is one of a quiet, rural landscape with a grand, imposing structure in the distance."
Cubism/max-ernst_33-little-girls-chasing-butterflies-1958.jpg,"The artwork shows a chaotic, abstract scene filled with many small, irregularly shaped fragments of color and texture, clustered together in a dense, swirling mass. The center of the composition is dominated by a bright, glowing area of yellow and white, radiating outward like a burst of light. Around this center, the fragments shift to include orange, purple, gray, and hints of green and red, forming a turbulent, almost explosive pattern. The lower portion of the image is darker, with more concentrated, shadowy shapes that appear to be the base or ground, though they are not clearly defined. The overall impression is one of motion and fragmentation, with no distinct figures or objects identifiable. The colors are vivid and varied, with the central area being intensely bright, while the edges and lower areas are more subdued. The texture appears rough and layered, with visible brushstrokes and overlapping marks, suggesting a physical, tactile surface. The spatial arrangement is not structured; the fragments are scattered throughout the canvas, with no clear foreground or background, and no identifiable figures or poses."
Symbolism/nicholas-roerich_christ-1933.jpg,"The artwork depicts a glowing, ethereal figure standing in the center of a jagged mountain pass, surrounded by towering, dark blue peaks. The figure is illuminated from within by a bright, warm light that contrasts sharply with the cool, shadowy surroundings. Below, in the lower right corner, a small, dark figure appears to be crouching or sitting, looking up toward the central figure. The sky above is a deep greenish-blue, with a single small star visible in the upper right. The mountains are rendered with sharp, angular shapes, and the overall scene has a dreamlike, otherworldly quality. The light from the central figure is the most intense visual element, casting a soft glow on the surrounding rock faces. The textures suggest rough, solid stone, while the figure’s form is smooth and radiant. The composition places the glowing figure as the focal point, with the smaller figure in the foreground to the right, creating a sense of scale and perspective."
Post_Impressionism/theo-van-rysselberghe_the-gardens-of-generalife-in-grenada-1913.jpg,"This artwork shows a sunlit courtyard with a central fountain in the foreground, surrounded by stone walkways, potted plants, and arched colonnades. The fountain is a shallow basin with water splashing upward from its center, and it sits on a circular platform. To the left and right of the fountain, tall, reddish-brown pillars frame the view. Beyond the pillars, a long, narrow water channel runs straight into the distance, flanked by greenery and more potted plants. In the background, a series of arches and walls form a covered walkway, with bright yellow and green foliage visible through the openings. The scene is bathed in bright, warm light, with colors including vivid yellows, greens, reds, and blues. The surface of the water and the fountain’s basin are rendered with visible brushstrokes, suggesting a textured, painted surface. The overall impression is one of a tranquil, enclosed garden space viewed from a shaded, elevated position."
Pop_Art/george-segal_blue-girl-on-park-bench-1980.jpg,"The artwork shows a figure sitting on a bench, facing slightly away from the viewer. The figure is covered in a blue material that looks like fabric or clay, with a hooded garment and a bag or cloth resting beside them. A brown, rough-textured bag sits on the ground next to the figure’s feet. The bench is dark, with a simple design, and the entire scene is set against a plain white background. The figure’s posture is seated, with their hands resting on their lap or near their knees, and their head is tilted slightly downward. The lighting is even, casting a soft shadow beneath the bench and the figure. The blue material of the figure has a rough, uneven texture, while the bag appears to be made of coarse fabric. The bench is positioned directly in front of the figure, and the bag is placed on the ground to the figure’s right side, near the bench’s edge. The background is completely white, with no other objects or details visible."
Cubism/franz-marc_sleeping-animals-1913.jpg,"The artwork shows a dynamic, abstract composition with no clear figures or recognizable objects. It features bold, sweeping strokes of color, including red, blue, yellow, and green, arranged in energetic, overlapping shapes. A large, dark blue form dominates the lower center, appearing to be a curled or folded shape, possibly suggesting a reclining figure or mass. Above and around it, the colors swirl and extend upward in jagged, angular lines, with red and orange streaks curving across the top left. The background is a mix of bright and muted tones, with vertical and diagonal bands of color creating a sense of movement. The surface appears textured, with visible brushstrokes and areas of blended pigment, suggesting a painted medium. The overall impression is one of motion and intensity, with no clear spatial depth or identifiable objects beyond the abstract forms and color fields."
Realism/mykola-pymonenko_victime-of-fanatisme-1899.jpg,"This artwork depicts a tense, chaotic outdoor scene with a large group of people gathered around a wooden fence. A woman in a light-colored dress stands on the fence, reaching out with one hand, while another person on the right side of the image gestures toward her with an open hand. In the center, a man in a light shirt and dark pants holds a long stick or pole, facing away from the viewer, while another man in a dark coat stands nearby, also facing away. To the left, a child runs across the foreground, and a small girl in a pink dress stands near the center, looking toward the group. A woman in a dark dress kneels on the ground to the right, covering her face with her hands. Behind the fence, a group of people, mostly men, are gathered, some with raised arms or holding sticks, suggesting conflict or confrontation. In the background, a weathered wooden house with a red roof and a smaller building are visible, along with a dark, cloudy sky. The ground is uneven dirt with sparse vegetation. The lighting is dim and diffuse, with no strong shadows, and the colors are muted, dominated by grays, browns, and dull tones, with the woman’s dress and the child’s clothing providing slight contrast. The textures suggest rough wood, worn fabric, and muddy ground."
Realism/vincent-van-gogh_peasant-woman-head.jpg,"This is a sketch of a person shown in profile, facing to the right. The person is wearing a head covering that drapes over the top of the head and wraps around the back, with some strands of hair visible beneath it. The figure’s shoulders and upper chest are covered by a garment with a high collar, and the fabric is rendered with parallel lines suggesting texture and form. The face is turned away from the viewer, with the eyes looking downward and the mouth slightly open. The sketch is done in dark lines on a light background, with shading used to define the contours of the face and the folds of the clothing. The drawing is focused on the head and shoulders, with no other objects or background elements visible. The lines are not perfectly smooth, suggesting a hand-drawn sketch rather than a finished painting."
Mannerism_Late_Renaissance/jacopo-pontormo_st-matthew-the-evangelist.jpg,"This artwork shows a circular composition with two figures. A larger, nude figure with reddish-brown hair is positioned above and to the left, leaning forward with one arm extended downward. This figure has a dark red cloth draped over their shoulder and a wing with red and black feathers visible on their right side. Below them, a smaller figure with a visible head and shoulders is partially obscured, looking upward with an open mouth and wide eyes. The larger figure’s hand is near the smaller figure’s head, suggesting a physical interaction. The background is dark and unadorned, emphasizing the figures. The lighting is focused on the upper body of the larger figure, highlighting their skin and musculature, while the smaller figure is dimly lit. The colors are muted, with the red cloth and wing feathers providing the only strong color contrast against the dark background and skin tones. The texture appears smooth, consistent with painted surfaces."
Ukiyo_e/hiroshige_ashida.jpg,"This artwork depicts a wide, rolling green hillside under a clear blue sky, with a narrow path winding along its base. On the path, several small human figures are visible, some walking, others standing or sitting near what appear to be wooden stalls or shelters. The path is flanked by tall, dark trees on both sides, and a steep, shadowed hill rises behind the path on the left. In the distance, a mountain range with reddish-brown peaks is visible against the sky. The sky is a solid blue at the top, fading to white near the horizon. Text in Japanese characters is printed in the upper left and lower right corners, with a red seal next to the upper text. The surface of the image has a textured, grainy appearance, typical of printed woodblock prints. The overall impression is of a quiet, rural landscape with people moving along a trail."
Realism/m.c.-escher_san-gimignano.jpg,"This artwork shows a dark, nighttime scene of a town with tall, narrow buildings and towers rising from the center and right side. The buildings are rendered in stark black and white, with some windows glowing faintly, suggesting lights inside. In the foreground, there is a flat, uneven ground with sparse, dark shapes that resemble trees or bushes. A single, small, light-colored figure is visible on the right side, near the bottom edge, standing still. The overall impression is one of a quiet, possibly isolated settlement under a dark sky, with the tall structures dominating the center and right. The image is composed in high contrast, with deep blacks and sharp white highlights, giving it a textured, almost carved appearance. The figure appears to be standing alone, facing away from the viewer, near the edge of the scene."
High_Renaissance/raphael_the-virtues-1511.jpg,"This artwork shows a large, arched fresco painted on an interior wall, with a central doorway below. Above the doorway, a painted scene depicts several figures in classical attire, seated on a stone ledge. These figures include women and small winged children, with one woman holding a torch and another holding a tree branch. Below the arch, the doorway is wide and dark, with heavy wooden doors open inward. To the left of the doorway, a group of people in robes stands in a cluster, facing inward. To the right, another group of people, including a figure in a crown and ornate robes, is gathered near the doorway, appearing to be in conversation or ceremony. The arch is framed with decorative geometric patterns in dark and light tones. The painting uses muted colors, with some areas of red, green, and blue, and the figures are rendered with soft, blended forms. The overall impression is of a grand, formal interior space with painted decoration."
High_Renaissance/andrea-solario_head-of-st-john-the-baptist.jpg,"The artwork shows a human head with closed eyes, resting on a circular, reflective plate that sits on a pedestal. The head has dark, curly hair and a beard, and the face is turned slightly upward and to the right. The plate and pedestal are metallic and shiny, with a gold rim. The entire scene is set against a dark background and placed on a wooden surface. The head is centered in the composition, with the plate and pedestal directly beneath it. The lighting is focused on the face, making it appear illuminated while the rest of the scene is in shadow. The colors are mostly dark, with the metallic surfaces reflecting light and the wooden surface showing a warm brown tone. The texture of the wood is visible, and the metal appears smooth and polished. The head appears to be in a state of rest or stillness, with no movement or action depicted."
Art_Nouveau_Modern/boris-kustodiev_shrove-tide-1919.jpg,"This artwork shows a bustling, snowy town square filled with people, horse-drawn carriages, and festive stalls, set against a backdrop of snow-covered buildings and a church with onion domes. The scene is lively and crowded, with many individuals walking, standing, or interacting near stalls and vehicles. In the foreground, a white horse pulls a sleigh with people inside, while nearby, a man in a dark coat and fur hat stands with a cane, facing a group of people. To his right, a woman in a dark coat and fur-trimmed hat stands with her hands clasped, and next to her, another woman in a dark coat with a fur collar and a patterned skirt stands with her hands on her hips. A man in a dark coat and fur hat stands with his hands clasped, facing a group of people. To his right, a woman in a dark coat and fur-trimmed hat stands with her hands clasped, and next to her, another woman in a dark coat with a fur collar and a patterned skirt stands with her hands on her hips. A man in a dark coat and fur hat stands with his hands clasped, facing a group of people. To his right, a woman in a dark coat and fur-trimmed hat stands with her hands clasped, and next to her, another woman in a dark coat with a fur collar and a patterned skirt stands with her hands on her hips. A man in a dark coat and fur hat stands with his hands clasped, facing a group of people. To his right, a woman in a dark coat and fur-trimmed hat stands with her hands clasped, and next to her, another woman in a dark coat with a fur collar and a patterned skirt stands with her hands on her hips. A man in a dark coat and fur hat stands with his hands clasped, facing a group of people. To his right, a woman in a dark coat and fur-trimmed hat stands with her hands clasped, and next to her, another woman in a dark coat with a fur collar and a patterned skirt stands with her hands on her hips. A man in a dark coat and fur hat stands with his hands clasped, facing a group of people. To his right, a woman in a dark coat and fur-trimmed hat stands with her hands clasped, and next to her, another woman in a dark coat with a fur collar and a patterned skirt stands with her hands on her hips. A man in a dark coat and fur hat stands with his hands clasped, facing a group of people. To his right, a woman in a dark coat and fur-trimmed hat stands with her hands clasped, and next to her, another woman in a dark coat with a fur collar and a patterned skirt stands with her hands on her hips. A man in a dark coat and fur hat stands with his hands clasped, facing a group of people. To his right, a woman in a dark coat and fur-trimmed hat stands with her hands clasped, and next to her, another woman in a dark coat with a fur collar and a patterned skirt stands with her hands on her hips. A man in a dark coat and fur hat stands with his hands clasped, facing a group of people. To his right, a woman in a dark coat and fur-trimmed hat stands with her hands clasped, and next to her, another woman in a dark coat with a fur collar and a patterned skirt stands with her hands on her hips. A man in a dark coat and fur hat stands with his hands clasped, facing a group of people. To his right, a woman in a dark coat and fur-trimmed hat stands with her hands clasped, and next to her, another woman in a dark coat with a fur collar and a patterned skirt stands with her hands on her hips. A man in a dark coat and fur hat stands with his hands clasped, facing a group of people. To his right, a woman in a dark coat and fur-trimmed hat stands with her hands clasped, and next to her, another woman in a dark coat with a fur collar and a patterned skirt stands with her hands on her hips. A man in a dark coat and fur hat stands with his hands clasped, facing a group of people. To his right, a woman in a dark coat and fur-trimmed hat stands with her hands clasped, and next to her, another woman in a dark coat with a fur collar and a patterned skirt stands with her hands on her hips. A man in a dark coat and fur hat stands with his hands clasped, facing a group of people. To his right, a woman in a dark coat and fur-trimmed hat stands with her hands clasped, and next to her, another woman in a dark coat with a fur collar and a patterned skirt stands with her hands on her hips"
Romanticism/rudolf-von-alt_a-view-of-monreale-above-palermo.jpg,"This artwork shows a long, covered walkway with tall, thick columns and rounded arches on the left, leading the eye toward a large, ancient-looking stone building with a tall tower in the background. The walkway is lined with columns that have carved tops, and the ground is paved. In the foreground, near the left side, a dark animal, possibly a donkey or mule, is standing still, with a person partially visible beside it, appearing to be resting or tending to the animal. The building in the background has multiple levels, arched windows, and a dome-like structure on its upper right. The sky above is blue with some white clouds, and distant hills are visible behind the building. The light is warm and golden, casting long shadows, and the colors are dominated by earthy browns, ochres, and muted reds, with the blue sky providing contrast. The surfaces of the stone and columns appear rough and weathered, suggesting age and exposure to the elements. The overall impression is one of a quiet, sunlit courtyard or cloister, with a sense of depth and perspective created by the repeating arches and columns."
Romanticism/william-turner_louth-lincolnshire.jpg,"This artwork depicts a bustling street scene in a town, centered around a large, ornate church with a tall spire rising into a dramatic, cloudy sky. The church dominates the background, its stone structure and pointed architecture clearly visible. In the foreground and midground, a crowd of people in period clothing fills the street, some walking, others standing in groups, with a few individuals appearing to be engaged in conversation or transactional activity. A white horse is being led by a man on the right side of the scene, and a small dog is visible near the center-left. Buildings line both sides of the street, with the one on the right showing detailed windows and a signboard. The sky is painted with heavy, swirling clouds in shades of blue and gray, with a warm, golden glow breaking through near the horizon, casting light on the church and the upper parts of the buildings. The overall impression is one of a lively, crowded public space under an imposing sky, with the church as a central, towering presence. The painting uses strong contrasts between light and shadow, and the figures and architecture are rendered with visible brushstrokes, suggesting a textured, painterly surface."
Ukiyo_e/katsushika-hokusai_portrait-of-a-man-of-noble-birth-with-a-book.jpg,"This artwork shows a portrait of a man in traditional Japanese clothing, looking slightly to his right. He has a shaved head with hair tied back at the top, and he is wearing a dark outer robe with a lighter inner garment. On the shoulders of the outer robe, there are two identical circular symbols, each containing a three-lobed design. His hands are resting on a large, flat, light-colored object that appears to be a book or a scroll, held in front of his body. The background is a plain, muted gray-blue, with no other objects or figures. The man’s face is turned toward the viewer, but his gaze is directed away, and his expression is neutral. The lighting is even, with no strong shadows, and the colors are subdued, mostly consisting of dark and medium tones. The texture of the clothing appears smooth, and the object he holds has a flat, possibly paper-like surface. At the bottom center of the image, there is a small red circular stamp with the letters “R.F.” visible."
Cubism/olexandr-archipenko_group-of-nude-figures.jpg,"This artwork shows three muscular, nude male figures in a dynamic, confrontational pose. The central figure is bent forward, reaching out with one arm toward the figure on the right, who is standing with his back slightly turned and appears to be recoiling or resisting. The figure on the left stands in the background, partially obscured, with his back to the viewer and arms slightly bent, suggesting he is observing or involved in the interaction. The figures are rendered with strong, defined musculature and are positioned in a tight, clustered group, creating a sense of tension and physical engagement. The entire scene is rendered in a monochromatic reddish-brown tone, with shading and line work suggesting form and depth. The surface appears to be paper or board, with visible texture from the medium used, likely charcoal or graphite, and the artist’s signature is faintly visible in the lower right corner."
Art_Nouveau_Modern/boris-kustodiev_the-guy-from-tula-1926.jpg,"This artwork shows a painted figure of a person standing with their hands on their hips, facing forward. The figure wears a tall, black hat with a brown band, a red neckerchief, a dark blue vest with black dots, a white ruffled skirt with a red trim, blue and white striped pants, and patterned socks with red bands. The figure has a smiling face with visible teeth and reddish-brown hair. The background is a plain, light beige surface with visible creases and stains. There are handwritten notes in the corners and along the right side, including what appears to be a signature and a date, “1926.” The painting is on a textured, aged paper or canvas that shows signs of wear, including a dark smudge near the bottom left and a reddish stain in the upper right. The colors are flat and applied with visible brushstrokes, and the overall surface has a rough, uneven texture. The figure is centered in the composition, with the handwritten text positioned to the right and bottom right of the figure."
Realism/edouard-manet_eel-and-red-mullet-1864.jpg,"This artwork shows a still life of fish and a knife resting on a white cloth. A large, dark, eel-like fish lies coiled across the center, with a smaller, lighter-colored fish positioned behind it, its head facing right. A knife with a dark handle lies to the left, angled diagonally across the cloth. A round, pale object, possibly a head of cabbage or a similar vegetable, is partially visible in the lower left corner. The background is a dark, solid brown, contrasting with the white cloth. The light appears to come from the upper left, casting shadows and highlighting the textures of the fish and cloth. The colors are mostly earthy browns, dark tones, and white, with some yellowish highlights on the cloth and fish. The surface of the cloth shows folds and creases, suggesting fabric, and the fish have visible scales and skin texture. The artist’s signature is faintly visible in the lower left corner."
Early_Renaissance/benozzo-gozzoli_san-domenico-annunciation.jpg,"This artwork shows two figures, an angel and a woman, separated by a vertical architectural element that looks like a carved pillar or wall. The angel, on the left, is dressed in a long, flowing red robe with gold embroidery along the hem and sleeves, and has large, wide wings that are also red and gold. The angel is turned toward the woman, with one hand raised as if speaking or gesturing, and the other hand near the chest. The woman, on the right, is seated on a patterned rug, wearing a red garment under a long blue cloak, and holds a small black book or scroll in her hands. She is looking down at the book, with her head slightly bowed and her hands clasped over it. The background behind the angel is dark and indistinct, while the background behind the woman is a warm, textured orange-brown wall with a decorative border at the bottom. The central pillar between them is painted with a repeating floral or geometric pattern in blue and white. The overall color palette is dominated by reds, golds, and deep blues, with the pillar and background showing signs of age and wear. The surfaces appear to be painted on a flat, possibly wooden, panel, with visible texture and fading in places."
Post_Impressionism/gustave-loiseau_by-the-eure-river-in-summer-1902-2.jpg,"This artwork shows a tranquil outdoor scene with a body of water in the foreground, surrounded by lush greenery. On the left, a dense cluster of tall, leafy trees stands along the water’s edge, their branches forming a thick, rounded mass. The water reflects the trees and the sky, with ripples and patches of green and brown suggesting floating vegetation. To the right, the land slopes gently away, covered in grass and wildflowers, leading toward a distant, hazy horizon where faint shapes of trees or hills appear. The sky above is pale and cloudy, painted in soft, muted tones of gray and lavender, suggesting an overcast day. The entire scene is rendered with visible brushstrokes, giving the surfaces a textured, impressionistic quality. The colors are dominated by various shades of green, with subtle hints of yellow, brown, and gray, creating a natural, subdued palette. No people or animals are visible. The composition places the trees on the left, the water in the center and foreground, and the open field and distant horizon on the right, creating a sense of depth and calm."
High_Renaissance/michelangelo_study-of-christ-on-the-cross-between-the-virgin-and-st-john-the-evangelist-1556.jpg,"This artwork shows a central figure nailed to a cross, with two other figures standing on either side. The central figure is positioned upright, arms outstretched horizontally, and appears to be in a state of suffering, with visible marks on the body. To the left, a figure is bent forward, hands near the central figure’s legs, and appears to be supporting or touching them. To the right, another figure stands upright, facing slightly away, with one hand near the central figure’s leg. All figures are nude and rendered in a sketchy, dark medium on a light, aged surface. The cross is a simple vertical and horizontal line, with the central figure’s body centered on it. The background is plain and unadorned, with no other objects or scenery. The surface has visible signs of aging, including stains and discoloration, and the drawing is done in a dark, smudged medium that creates strong contrasts. The figures are not fully detailed, with some areas appearing blurred or smudged, suggesting the work is a study or draft. The overall impression is one of raw, physical presence, with the figures’ forms defined by dark marks against a pale background."
Realism/gustave-courbet_the-origin-of-the-world-1866.jpg,"The artwork shows the back and lower torso of a nude human figure lying on its side, partially covered by a white, draped fabric. The figure’s skin is rendered in warm, flesh-toned hues with subtle variations in shade, and a patch of dark, coarse hair is visible on the lower back. The fabric appears soft and loosely arranged, with folds and creases suggesting movement or weight. The background is a flat, dark, neutral tone, contrasting with the lighter tones of the figure and fabric. The figure’s body is positioned diagonally across the frame, with the head and upper body mostly obscured by the fabric, and the lower body and buttocks prominently displayed in the center and right side of the composition. The lighting is soft and diffused, highlighting the contours of the body and the texture of the fabric. The surface of the painting has a slightly rough, textured appearance, consistent with oil paint on canvas. The edges of the painting are framed by a thin, light-colored wooden frame."
Baroque/isaac-van-ostade_the-cut-pig.jpg,"The artwork shows a dimly lit, rustic interior where a large, raw animal carcass hangs from a wooden frame in the center. To the left, two figures are crouched near a tree-like structure, appearing to be engaged in some activity, possibly preparing or handling items. The floor is uneven and littered with scattered objects, including a dark bowl and a broken vessel. The walls are rough and weathered, with visible cracks and textures. The lighting is focused on the hanging carcass, casting deep shadows around it and the surrounding area. The colors are dominated by earthy browns, dark reds, and muted grays, with the carcass showing a stark contrast of pale flesh and reddish muscle. The textures suggest rough surfaces, such as the wooden frame, the wall, and the ground, and the carcass has a wet, glistening appearance. The overall impression is one of a utilitarian, possibly rural or domestic space, with a strong focus on the central hanging carcass."
Realism/boris-kustodiev_a-balloon-seller-1915.jpg,"The artwork shows a man standing in a snowy street, holding a large bunch of colorful balloons. Behind him is a building with a sign that reads “ТОЛСТАЯ АЛЮМОВА,” and a church tower is visible in the distance. The man is dressed in a thick blue coat, a dark hat, and patterned boots, and he is looking directly at the viewer. His hands are gloved, and he holds the balloon strings with one hand while the other is tucked into his coat. The ground is covered in snow, and birds are flying in the sky above. The colors are bright and saturated, with the balloons in red, green, and blue, contrasting with the muted tones of the snow and buildings. The texture appears to be painted with visible brushstrokes, giving the image a slightly rough, hand-drawn quality. The man is positioned in the center of the frame, with the balloons rising above his head, and the building and tower behind him. The sign is to his left, and the church tower is to his right, in the upper right corner. The snow is uneven, with a small pile near his feet. The artist’s signature and the year “1917” are visible in the lower left corner."
Minimalism/michelangelo-pistoletto_door-1976.jpg,"This artwork shows a single, bright yellow door that is open, standing upright on a light-colored wooden floor against a plain white wall. The door is not aligned with the wall; it is tilted and angled, with the door panel leaning away from the frame, creating a wide gap between them. The door has a simple, modern design with a flat surface and a small, round, metallic doorknob on its right side. The frame is also painted yellow and is slightly wider than the door panel, with visible edges and corners. The door is supported by a thin, metallic, triangular base that rests on the floor, keeping it stable. The lighting is even and neutral, casting soft shadows on the floor and wall. The surface of the door and frame appears smooth and painted, with no visible texture or pattern. The background is a plain, unadorned white wall, and the floor is a light wood laminate with visible grain. The entire piece is centered in the space, with no other objects or distractions present."
Art_Nouveau_Modern/theodor-severin-kittelsen_her-er-levemaate-unger-1894.jpg,"This artwork shows a large bird with dark feathers, a yellow face, and a blue bowtie, standing on a nest made of brown twigs. The bird has its wings spread wide and is holding a green caterpillar in one claw, extending it toward a group of small, pink, wingless baby birds. The baby birds are clustered together in the nest, all with wide-open beaks and eyes, appearing to be screaming or begging. To the left of the large bird, there is a dark, round pot with a handle, from which several pink, worm-like creatures are wriggling out. The background is a plain, light blue sky. The bird’s feet are on the nest, and the pot is positioned to the left of the bird’s body. The nest is located in the center-right of the image, with the bird dominating the left side. The pot is on the far left. The caterpillar is held in the bird’s claw, positioned between the bird and the baby birds. The baby birds are all gathered in the nest, with some reaching toward the caterpillar. The pot has a dark, rough texture, and the caterpillar is bright green with a segmented body. The bird’s feathers are dark and detailed with fine lines, and the baby birds have smooth, pink skin. The nest is made of coarse, brown twigs. The sky is a flat, light blue. The artist’s signature, “Th. Kittlitz,” is written in black ink in the upper left corner."
Art_Nouveau_Modern/ivan-bilibin_illustration-for-the-tale-of-three-royal-divah-and-the-ivashko-priest-s-son-1911(1).jpg,"This artwork depicts a tense interaction between two figures inside a dimly lit room. On the left, a tall, thin figure with a long, curved beak-like nose and a red, leaf-shaped hat stands with its arms outstretched, one hand reaching toward the other figure. This figure wears a blue skirt with a red trim and a white, tattered top, and its feet are bare. On the right, a shorter figure in a white shirt with decorative embroidery, patterned shorts, and brown shoes sits on a wooden bench, facing the first figure. The seated figure has one leg crossed over the other and appears to be looking at the standing figure with a calm or curious expression. Behind them, a dark, barred window is visible, and the floor is made of wooden planks. The room has a dark, textured wall and a low wooden bench. The colors are muted, with the blue and red of the standing figure’s clothing standing out against the darker tones of the room. The overall impression is one of a confrontation or an unusual encounter between two people in a rustic interior."
Pop_Art/hiro-yamagata_snowfire-1986.jpg,"This artwork depicts a snowy urban street scene at night, filled with people and buildings under a dark sky with falling snow. In the center of the scene, a large, bright fire burns in the middle of a snow-covered square, with smoke rising into the air. Around the fire, many figures are gathered, some sitting, some standing, some moving, suggesting a lively, communal gathering. The street is lined with multi-story buildings on both sides, their roofs covered in snow, and their windows and facades are detailed with architectural features. Several cars are parked or moving along the street, and people are scattered across the sidewalks and street, some walking, some appearing to be in groups or engaged in activities. The foreground is dominated by the snow-covered ground, with long, dark shadows cast by the buildings and streetlights. The sky is dark blue and purple, with visible snowflakes falling, and the overall lighting is dim, with the fire providing a bright, warm glow that contrasts with the cold, dark surroundings. The artwork uses a flat, illustrative style with bold outlines and areas of color, suggesting it is a print or a stylized drawing rather than a photograph. The textures are not detailed, but the snow is rendered as a uniform white surface, and the buildings are shown with clear, defined edges. The figures are simplified and stylized, with no fine details, but their poses and groupings suggest movement and interaction. The scene is busy and crowded, with no clear focal point other than the central fire. The overall impression is one of a cold, snowy night in a city, with people gathered around a fire, possibly for warmth or celebration."
Pop_Art/valerio-adami_a-midsummer-night-s-dream-1983.jpg,"The artwork depicts a large, stylized figure in mid-air, appearing to leap or fall across a flat, yellow landscape. The figure has a wide, open mouth, a startled or screaming expression, and is wearing a red garment that wraps around its torso. Its limbs are extended, with one leg bent and the other stretched out, suggesting motion. Below the figure, a small, dark, dog-like creature stands on the ground, facing the figure, with its tail curled and a leash visible. In the background, to the left, a small sailboat is visible on the water, which is represented by simple horizontal lines. Above, the sky is dark with stars and a crescent moon, and a large, curved orange shape dominates the upper portion of the scene, suggesting a setting or rising sun. The colors are flat and bold, with no visible texture or shading, and the lines are clear and defined. The figure is positioned centrally, with the dog to its right and the boat to its left, creating a sense of imbalance and movement. The overall composition is dynamic, with the figure’s motion contrasting against the static background elements."
Art_Nouveau_Modern/carl-larsson_convalescence(1).jpg,"The artwork shows a woman lying in a bed, appearing to be asleep or resting, with her head turned slightly toward the right side of the image. She is covered with a light-colored blanket that drapes over her body and extends to the floor. To her right, there is a small, light-colored nightstand with a vase of pink flowers and a small cup and saucer on top. Behind the bed, the wall is covered with patterned wallpaper, and a small framed picture hangs on it. To the left of the bed, there is a tall, narrow piece of furniture, possibly a dresser or cabinet, with a cloth draped over it. The room has a warm, muted color palette, with soft, earthy tones dominating the scene. The lighting appears to come from the left, casting gentle shadows and highlighting the textures of the fabric and furniture. The floor is a flat, unadorned surface, and the overall impression is one of quiet stillness and domestic calm. The bed frame and nightstand are simple in design, with no ornate decorations. The woman’s posture is relaxed, and her face is turned away from the viewer, suggesting she is not aware of being observed. The artwork does not include any other people or significant movement."
Realism/vincent-van-gogh_girl-kneeling-in-front-of-a-bucket-1881(1).jpg,"The artwork shows a young girl kneeling on the floor, bent over a wooden bucket. She is wearing a long-sleeved dress with a high collar and her hair is pulled back. Her hands are inside the bucket, and she appears to be washing or scrubbing something. The bucket is round, has visible wooden staves and metal bands, and is positioned to the girl’s left. The background is plain and light, with no other objects or people visible. The girl’s body is angled toward the bucket, and her head is lowered as she focuses on her task. The image is rendered in grayscale, with shading that suggests the texture of fabric and wood, and the lighting appears to come from the front, casting soft shadows under the girl and the bucket. The ground is flat and unadorned, with no indication of furniture or other surroundings."
Romanticism/fyodor-bronnikov_carnival-in-rome-1860.jpg,"This artwork shows a large, crowded outdoor celebration with many people dancing, cheering, and moving energetically in a public square. In the center, a group of figures in colorful, ornate costumes are dancing or performing, with some raising their arms. To the left, people in festive attire are dancing and interacting, while on the right, others are gathered near a decorated balcony with people watching from above. A horse-drawn carriage with riders is visible near the center-right, and a figure in a red and gold costume stands prominently near the center. In the background, a tall obelisk and a building with a clock tower are visible, suggesting a city setting. The scene is filled with movement, with many people in motion, some holding objects like flags or weapons, and others in dynamic poses. The sky is light blue with a few clouds, and the ground is unpaved and dusty. The colors are bright and varied, with reds, blues, golds, and whites dominating the clothing and decorations. The painting has a textured surface, with visible brushstrokes and a sense of depth created by the arrangement of figures and buildings. The overall impression is one of lively, chaotic celebration."
Art_Nouveau_Modern/carl-larsson_brita-and-me-1895(1).jpg,"The artwork shows a man standing upright, wearing a dark jacket over a red vest and dark trousers, with a thick mustache and a red hat. He is holding a small child on his head, who is wearing a dark outfit and has reddish hair tied up with a red bow. The child is smiling and has both hands raised, as if waving or reaching. The man’s arms are outstretched, one hand holding the child’s legs, the other raised with a small object in it. Behind them, there is a wooden counter with various small objects on it, and a framed picture hanging on the wall to the right. To the right of the man, there is a green and red sign with some text and a symbol. The floor is wooden, and the walls are paneled with wood. The lighting is even, and the colors are muted, with dark tones for the clothing and background, and brighter tones for the child’s face and the red elements. The textures suggest fabric, wood, and possibly metal or plastic for the objects on the counter. The man’s posture is upright and stable, while the child is balanced on his head, suggesting a playful or staged interaction. The overall scene appears to be indoors, possibly in a shop or a home setting."
Mannerism_Late_Renaissance/correggio_the-vision-of-st-john-on-patmos-1523.jpg,"This artwork shows a large, circular fresco painted on a ceiling, depicting a central figure of a man in flowing white robes, floating upward with one arm raised toward a bright, glowing light source behind him. Around him, many other figures are shown in various poses—some reaching out, others falling or struggling—surrounded by swirling clouds and dark, turbulent forms. The entire scene is enclosed within a thick, ornate gold frame. Along the left and right edges of the image, decorative vertical bands with repeating geometric patterns are visible, suggesting architectural framing. The central figure is positioned in the center of the circle, with surrounding figures arranged in a dynamic, chaotic pattern around him. The light is intense and concentrated behind the central figure, casting a warm, golden glow that contrasts with the darker, cooler tones of the surrounding figures and clouds. The textures appear flat and painted, with no visible brushwork or physical material, consistent with a fresco. The overall composition suggests movement and upward motion, with the central figure as the focal point."
Romanticism/eugene-delacroix_apollo-slays-python-1851(1).jpg,"This artwork depicts a dynamic, chaotic scene filled with many human figures in motion, set against a turbulent sky and sea. At the center, a bright, glowing area suggests a focal point of intense energy, surrounded by figures in various poses—some falling, some rising, some struggling. Above, figures appear to be flying or falling through the air, while below, dark, writhing forms suggest water or monsters. The composition is crowded and layered, with figures overlapping and moving in all directions. The scene is framed by ornate, gilded architectural elements at the top and bottom, which are highly detailed with intricate carvings and patterns. The colors are dramatic, with deep blues, dark browns, and stark contrasts of light and shadow. The textures suggest a painted surface with visible brushwork, and the overall impression is one of movement, struggle, and turmoil."
Realism/vincent-van-gogh_winter-garden-1884.jpg,"This artwork shows a desolate, barren landscape dominated by a large, twisted tree with no leaves, its branches sprawling across the scene. A lone figure in dark clothing stands near the base of the tree, facing away from the viewer, appearing to look toward the horizon. To the right, a small, distant structure with a spire is visible, suggesting a church or tower. The ground is uneven and covered with sparse vegetation, and a low fence runs along the left edge. The sky is pale and flat, with no clouds, and the overall tone is muted and earthy, with heavy use of dark lines and textures to create depth and shadow. The surface has a rough, grainy quality, consistent with a dry medium like etching or drypoint. The figure remains motionless, and the tree’s branches extend in complex, angular patterns, framing the scene. The distant structure is small and faint, barely discernible against the horizon. The composition places the tree and figure in the center-left, with the distant structure on the right, and the fence on the far left. The ground appears to be dirt or gravel, with no visible water or vegetation beyond the sparse, dry stalks near the right foreground. The entire scene feels quiet and empty, with no signs of movement or life."
Abstract_Expressionism/sam-francis_untitled-sfe-85-1992.jpg,"This artwork shows a dynamic, abstract composition made up of swirling, overlapping shapes and splatters of color on a light background. The forms appear to be fluid and energetic, with no clear figures or objects. The most prominent elements are large, rounded masses in deep blues, purples, reds, and greens, mixed with smaller dots and streaks of yellow, orange, and black. These shapes are scattered across the canvas, with some clustered toward the center and others extending toward the edges. The left side contains a long, curved shape in red and blue, while the right side has a large, dark purple form with lighter swirls inside. The composition is filled with chaotic, intersecting lines and splatters that suggest movement and energy. The colors are vivid and saturated, with some areas appearing to blend or drip, giving a sense of wetness or fluidity. The texture appears flat but suggests a layered, possibly painted surface with visible marks and drips. The overall impression is one of motion, intensity, and abstract form."
Realism/julius-leblanc-stewart_the-ball(1).jpg,"This artwork shows a crowded, opulent ballroom filled with people dressed in formal evening wear, dancing and socializing. The room is richly decorated with heavy drapes, ornate chandeliers, and warm lighting. In the center, a woman in a voluminous white gown with a red sash is dancing with a man in a dark suit; they are surrounded by other couples in motion. To the left, a woman in a yellow dress sits on a chair, facing away, while another woman in a red gown stands nearby, gesturing. On the right, a man in a dark suit sits with his back to the viewer, and a woman in a green dress sits beside him. The floor is dark and reflective, and the walls are lined with dark, heavy curtains and framed mirrors. The lighting is warm and dim, with bright spots from chandeliers and wall sconces, creating strong contrasts. The figures are rendered with visible brushstrokes, suggesting movement and texture in fabrics and skin. The overall impression is one of energetic, chaotic social interaction in a luxurious, enclosed space."
Baroque/giovanni-paolo-panini_gallery-of-views-of-modern-rome-1759.jpg,"This artwork shows a grand, ornate room filled with many paintings, sculptures, and architectural elements. In the center, several people are gathered around a large, seated figure in dark clothing, who appears to be in a position of authority or importance. Around them, other figures are seated or standing, some looking at documents, others engaged in conversation or examining objects. The room is surrounded by tall columns and arches, with numerous framed paintings covering the walls, depicting cityscapes, fountains, and buildings. Statues of figures and animals, including a white lion, are placed on pedestals throughout the space. The room is framed by heavy red drapes on the left and right sides, and the ceiling features painted scenes with figures and decorative elements. The lighting is bright and even, illuminating the entire scene. The colors are rich and varied, with many gold frames, red drapes, and detailed architectural elements. The textures suggest marble, wood, and painted surfaces, with the paintings appearing to be on canvas and the sculptures made of stone or plaster. The floor is tiled, and there are scattered papers and objects on the ground near the figures. The overall impression is one of a luxurious, intellectual, and artistic space."
Pop_Art/claudio-tozzi_usa-e-abusa-1966.jpg,"The artwork shows a stylized, black-and-white image of two soldiers in helmets, standing close together, with one appearing to hold or support the other. To the right, a portion of the American flag is visible, with its blue field and white stars on the left side and red and white stripes extending to the right. Above the flag, the letters “U$A” are printed in black. A large, solid red arrow points downward from the top left corner, occupying the upper left area of the image. In the bottom left corner, there is a small, rectangular newspaper clipping with text in Italian, including the title “Battaglie Sindacali.” The entire image is on a white background, and the text “e ab USA...” appears in small print in the bottom right corner. The soldiers are depicted in a static, confrontational pose, facing slightly toward each other. The flag and arrow are positioned to the right and top left, respectively, while the newspaper clipping is in the bottom left. The image has a flat, printed appearance, with no visible texture or depth, and the colors are limited to black, white, red, and blue. The text on the newspaper is legible but appears to be in a small, dense font."
Baroque/frans-hals_a-young-man-in-a-large-hat-1629.jpg,"This artwork shows a portrait of a man in a large, dark, wide-brimmed hat, looking directly at the viewer with a slight smile. He is wearing a dark brown jacket with a white, lace-edged collar and a red ribbon tied around his neck. His right hand is partially visible, holding a small object that appears to be a glass or a bottle. The man is framed within an oval shape, which is set against a plain, dark brown background. The figure is positioned centrally within the oval, with his head and shoulders visible. The painting uses muted, earthy tones, with the dark brown of the hat and jacket contrasting against the white collar and the red ribbon. The brushwork is visible and textured, suggesting the use of oil paint on canvas. The lighting is soft and focused on the man’s face, highlighting his features while keeping the rest of the image in shadow. The background is flat and unadorned, drawing attention to the figure."
Art_Nouveau_Modern/aubrey-beardsley_the-ascention-of-saint-rose-of-lima.jpg,"This artwork shows two figures in a close embrace, floating above a landscape. One figure, wearing a tall, ornate crown and a long, dark robe, stands behind the other. The second figure, dressed in a long, flowing white gown with a long braid extending from their head, is facing forward and appears to be resting their head against the first figure’s shoulder. Their arms are wrapped around each other, suggesting intimacy or protection. Below them, the ground is depicted with rolling hills, sparse trees, and a small village with buildings and a church tower visible in the lower left corner. The figures are positioned centrally in the upper half of the image, with the landscape occupying the lower half. The artwork is rendered in black and white, using fine lines and dots to create texture and depth. The figures’ clothing and the crown are detailed with intricate patterns, while the background landscape is drawn with simpler, less detailed lines. The overall impression is one of a dramatic, elevated scene with a strong sense of vertical space."
Post_Impressionism/mario-zanini_vilarejo-com-marinha.jpg,"This artwork shows a small coastal village scene with people walking and standing near buildings. On the right, a two-story house with a greenish facade and a dark roof stands prominently. To its left, a smaller, darker building with a sloped roof is partially hidden by trees. A large tree with green leaves stands behind the smaller building, and to the far left, a red boat is visible on the water. Several figures are scattered across the scene: some are walking toward the center, others are standing in small groups, and one person walks alone on the right side. The ground is unpaved and appears dusty. The sky is pale and overcast, with no strong shadows. The colors are muted, with earthy tones and faded greens, and the brushwork is visible, suggesting an impressionistic style. The overall impression is of a quiet, everyday moment in a seaside town."
Symbolism/konstantin-somov_a-greedy-monkey.jpg,"This artwork shows a still life scene with a monkey sitting on a chair to the right, eating a banana and holding a white plate. To the left, a large, overflowing table is covered with a white cloth and piled high with fruit, including bananas, grapes, apples, pears, and a large pumpkin. A silver vase filled with colorful flowers stands on the left side of the table. Behind the table, a woman in a dark dress and white bonnet is pulling back heavy dark curtains to let in light from a window. A framed painting hangs on the wall to the left, showing a figure in a landscape. The monkey is positioned on the right side of the image, facing left, while the woman is in the background, partially obscured by the curtains. The table with fruit occupies the center and left foreground, the monkey is in the right foreground, and the woman is in the background center-right. The light comes from the window, illuminating the fruit and the monkey’s face, while the rest of the room is in shadow. The colors are rich and varied, with the bright fruit and flowers contrasting against the dark curtains and the woman’s clothing. The textures suggest the smoothness of the fruit, the metallic sheen of the vase, and the roughness of the monkey’s fur and the fabric of the curtains. The artist’s signature is visible in the bottom right corner."
Post_Impressionism/charles-reiffel_holiday-mission-beach-1938.jpg,"This artwork shows a crowded beach scene with many people enjoying the seaside. In the foreground, there is a low stone or concrete barrier with several figures standing or sitting near it. Some people are dressed in dark or bright clothing, and a few are holding umbrellas. To the left, a tall black lamppost stands near the barrier. On the right, a vendor with a cart labeled “POP CO” is visible, and nearby, a woman in a light-colored dress and hat stands beside a cluster of colorful balloons. Behind the barrier, the beach is filled with many people, some in the water, others on the sand, with boats and umbrellas scattered across the shore. The ocean stretches across the middle ground, with waves visible, and the sky above is pale and cloudy. The painting uses bright, somewhat muted colors, with visible brushstrokes that give the scene a textured, lively feel. The overall impression is one of a busy, sunlit day at the seaside, with figures engaged in casual, everyday activities."
