file,emotions,objects,colors,depths
Mannerism_Late_Renaissance/giorgio-vasari_st-francis-receiving-the-stigmata-1548.jpg,"The viewer is likely to associate the following emotions with the image: fear (probability: 0.29), awe (probability: 0.26).",there is a robe in the right,"The main colors are: black, dimgray, darkslategray","The depth values span a full normalized range from 0 (nearest) to 1 (farthest).
On average, the depth is around 0.23 (with moderate variation, std ≈ 0.13).
Most pixels fall into the **near** depth band (80.9% of the image), while the remaining pixels are split between the other bands.

Depth distribution by band:
  • Near [0.00–0.33]: 80.9% of pixels
  • Mid [0.33–0.67]: 18.5% of pixels
  • Far [0.67–1.00]: 0.6% of pixels"
Post_Impressionism/edouard-cortes_boulevard-des-italians.jpg,"The viewer is likely to associate the following emotions with the image: contentment (probability: 0.30), awe (probability: 0.29).",there is a person in the bottom. there is a stroll in the bottom left. there is a person in the bottom. there is a umbrella in the center. there is a street pavement road in the bottom left. there is a stroll in the bottom. there is a city oil street scene in the center. there is a pavement road in the bottom,"The main colors are: dimgray, darkslategray, rosybrown","The depth values span a full normalized range from 0 (nearest) to 1 (farthest).
On average, the depth is around 0.40 (with moderate variation, std ≈ 0.21).
Most pixels fall into the **mid** depth band (43.8% of the image), while the remaining pixels are split between the other bands.

Depth distribution by band:
  • Near [0.00–0.33]: 43.2% of pixels
  • Mid [0.33–0.67]: 43.8% of pixels
  • Far [0.67–1.00]: 13.1% of pixels"
Realism/vincent-van-gogh_peasant-woman-with-shawl-over-her-head-seen-from-the-side-2-1885.jpg,"The viewer is likely to associate the following emotions with the image: sadness (probability: 0.45), contentment (probability: 0.21).",there is a woman in the top right,"The main colors are: silver, darkslategray, gray","The depth values span a full normalized range from 0 (nearest) to 1 (farthest).
On average, the depth is around 0.61 (with moderate variation, std ≈ 0.23).
Most pixels fall into the **far** depth band (59.5% of the image), while the remaining pixels are split between the other bands.

Depth distribution by band:
  • Near [0.00–0.33]: 16.9% of pixels
  • Mid [0.33–0.67]: 23.5% of pixels
  • Far [0.67–1.00]: 59.5% of pixels"
Post_Impressionism/maurice-prendergast_new-england-harbour.jpg,"The viewer is likely to associate the following emotions with the image: contentment (probability: 0.43), excitement (probability: 0.23).",there is a painter in the bottom right. there is a house exterior in the center. there is a painter in the bottom. there is a person in the bottom. there is a painter in the bottom left,"The main colors are: dimgray, darkgray, darkslategray","The depth values span a full normalized range from 0 (nearest) to 1 (farthest).
On average, the depth is around 0.47 (with moderate variation, std ≈ 0.26).
Most pixels fall into the **mid** depth band (37.2% of the image), while the remaining pixels are split between the other bands.

Depth distribution by band:
  • Near [0.00–0.33]: 35.9% of pixels
  • Mid [0.33–0.67]: 37.2% of pixels
  • Far [0.67–1.00]: 26.6% of pixels"
Romanticism/gustave-dore_the-daughter-of-herod-head-of-john-the-baptist.jpg,"The viewer is likely to associate the following emotions with the image: sadness (probability: 0.26), awe (probability: 0.20).",there is a woman in the center. there is a man in the right. there is a food in the top right. there is a illustration in the center. there is a person in the top left. there is a person in the top right,"The main colors are: black, dimgray, gainsboro","The depth values span a full normalized range from 0 (nearest) to 1 (farthest).
On average, the depth is around 0.33 (with moderate variation, std ≈ 0.30).
Most pixels fall into the **near** depth band (60.7% of the image), while the remaining pixels are split between the other bands.

Depth distribution by band:
  • Near [0.00–0.33]: 60.7% of pixels
  • Mid [0.33–0.67]: 24.1% of pixels
  • Far [0.67–1.00]: 7.6% of pixels"
Ukiyo_e/utagawa-kuniyoshi_keyamura-rokusuke-under-the-hikosan-gongen-waterfall.jpg,"The viewer is likely to associate the following emotions with the image: fear (probability: 0.26), awe (probability: 0.22).",there is a art in the center. there is a woman in the center. there is a illustration in the top right,"The main colors are: dimgray, tan, darkslategray","The depth values span a full normalized range from 0 (nearest) to 1 (farthest).
On average, the depth is around 0.39 (with moderate variation, std ≈ 0.28).
Most pixels fall into the **near** depth band (50.0% of the image), while the remaining pixels are split between the other bands.

Depth distribution by band:
  • Near [0.00–0.33]: 50.0% of pixels
  • Mid [0.33–0.67]: 30.0% of pixels
  • Far [0.67–1.00]: 18.9% of pixels"
Post_Impressionism/pyotr-konchalovsky_novgorod-peter-and-paul-church-1925.jpg,"The viewer is likely to associate the following emotions with the image: contentment (probability: 0.46), awe (probability: 0.21).",there is a chapel in the left. there is a tree in the center. there is a spire in the top,"The main colors are: silver, darkslategray, dimgray","The depth values span a full normalized range from 0 (nearest) to 1 (farthest).
On average, the depth is around 0.46 (with moderate variation, std ≈ 0.30).
Most pixels fall into the **near** depth band (44.7% of the image), while the remaining pixels are split between the other bands.

Depth distribution by band:
  • Near [0.00–0.33]: 44.7% of pixels
  • Mid [0.33–0.67]: 20.6% of pixels
  • Far [0.67–1.00]: 34.1% of pixels"
Cubism/rufino-tamayo_the-woman-with-red-mask-1940.jpg,"The viewer is likely to associate the following emotions with the image: fear (probability: 0.27), sadness (probability: 0.12).",there is a guitar in the center. there is a art in the center. there is a mouth organ in the top right,"The main colors are: black, saddlebrown, indianred","The depth values span a full normalized range from 0 (nearest) to 1 (farthest).
On average, the depth is around 0.24 (with moderate variation, std ≈ 0.23).
Most pixels fall into the **near** depth band (77.2% of the image), while the remaining pixels are split between the other bands.

Depth distribution by band:
  • Near [0.00–0.33]: 77.2% of pixels
  • Mid [0.33–0.67]: 14.9% of pixels
  • Far [0.67–1.00]: 7.5% of pixels"
Pop_Art/erro_the-final-selection-1961.jpg,"The viewer is likely to associate the following emotions with the image: fear (probability: 0.25), something else (probability: 0.17).",there is a art in the top. there is a animal in the right,"The main colors are: darkgray, darkslategray, dimgray","The depth values span a full normalized range from 0 (nearest) to 1 (farthest).
On average, the depth is around 0.45 (with moderate variation, std ≈ 0.21).
Most pixels fall into the **mid** depth band (46.2% of the image), while the remaining pixels are split between the other bands.

Depth distribution by band:
  • Near [0.00–0.33]: 32.8% of pixels
  • Mid [0.33–0.67]: 46.2% of pixels
  • Far [0.67–1.00]: 21.1% of pixels"
Pop_Art/george-segal_blue-girl-on-park-bench-1980.jpg,"The viewer is likely to associate the following emotions with the image: something else (probability: 0.24), contentment (probability: 0.17).",there is a bench in the bottom. there is a bag in the bottom left. there is a man in the left. there is a raincoat in the left,"The main colors are: snow, darkgray, darkslategray","The depth values span a full normalized range from 0 (nearest) to 1 (farthest).
On average, the depth is around 0.77 (with moderate variation, std ≈ 0.34).
Most pixels fall into the **near** depth band (21.5% of the image), while the remaining pixels are split between the other bands.

Depth distribution by band:
  • Near [0.00–0.33]: 21.5% of pixels
  • Mid [0.33–0.67]: 9.7% of pixels
  • Far [0.67–1.00]: 10.9% of pixels"
Post_Impressionism/paul-cezanne_the-drinker-1891.jpg,"The viewer is likely to associate the following emotions with the image: contentment (probability: 0.25), amusement (probability: 0.19).",there is a table in the left. there is a man in the center. there is a bottle in the top left. there is a fruit in the left. there is a hat in the top. there is a cigarette in the top,"The main colors are: saddlebrown, lightgray, black","The depth values span a full normalized range from 0 (nearest) to 1 (farthest).
On average, the depth is around 0.23 (with moderate variation, std ≈ 0.21).
Most pixels fall into the **near** depth band (77.3% of the image), while the remaining pixels are split between the other bands.

Depth distribution by band:
  • Near [0.00–0.33]: 77.3% of pixels
  • Mid [0.33–0.67]: 17.2% of pixels
  • Far [0.67–1.00]: 5.0% of pixels"
Mannerism_Late_Renaissance/giorgio-vasari_pope-clement-vii-1478-1534-marrying-catherine-de-medici-1519-1589-and-henri-ii-of-france-1519.jpg,"The viewer is likely to associate the following emotions with the image: awe (probability: 0.57), contentment (probability: 0.20).",there is a building in the center,"The main colors are: darkolivegreen, darkkhaki, dimgray","The depth values span a full normalized range from 0 (nearest) to 1 (farthest).
On average, the depth is around 0.39 (with moderate variation, std ≈ 0.17).
Most pixels fall into the **mid** depth band (50.2% of the image), while the remaining pixels are split between the other bands.

Depth distribution by band:
  • Near [0.00–0.33]: 42.1% of pixels
  • Mid [0.33–0.67]: 50.2% of pixels
  • Far [0.67–1.00]: 7.7% of pixels"
Realism/ilya-repin_hunchback-study-1880.jpg,"The viewer is likely to associate the following emotions with the image: sadness (probability: 0.37), contentment (probability: 0.27).",there is a cane in the right. there is a woman in the center,"The main colors are: sienna, darkolivegreen, rosybrown","The depth values span a full normalized range from 0 (nearest) to 1 (farthest).
On average, the depth is around 0.45 (with moderate variation, std ≈ 0.21).
Most pixels fall into the **mid** depth band (50.9% of the image), while the remaining pixels are split between the other bands.

Depth distribution by band:
  • Near [0.00–0.33]: 31.6% of pixels
  • Mid [0.33–0.67]: 50.9% of pixels
  • Far [0.67–1.00]: 17.5% of pixels"
Ukiyo_e/utagawa-kuniyoshi_sato-tadanobu-a-samurai-of-the-twelfth-century-defending-himself-with-a-goban-whan-attacked-by.jpg,"The viewer is likely to associate the following emotions with the image: fear (probability: 0.27), amusement (probability: 0.17).",there is a art in the center. there is a computer in the top right,"The main colors are: black, gray, darkolivegreen","The depth values span a full normalized range from 0 (nearest) to 1 (farthest).
On average, the depth is around 0.32 (with moderate variation, std ≈ 0.22).
Most pixels fall into the **near** depth band (54.6% of the image), while the remaining pixels are split between the other bands.

Depth distribution by band:
  • Near [0.00–0.33]: 54.6% of pixels
  • Mid [0.33–0.67]: 38.9% of pixels
  • Far [0.67–1.00]: 6.5% of pixels"
Realism/henri-de-toulouse-lautrec_bust-of-a-nude-man.jpg,"The viewer is likely to associate the following emotions with the image: contentment (probability: 0.23), awe (probability: 0.19).",there is a artist in the center,"The main colors are: saddlebrown, darkkhaki, black","The depth values span a full normalized range from 0 (nearest) to 1 (farthest).
On average, the depth is around 0.28 (with moderate variation, std ≈ 0.20).
Most pixels fall into the **near** depth band (69.0% of the image), while the remaining pixels are split between the other bands.

Depth distribution by band:
  • Near [0.00–0.33]: 69.0% of pixels
  • Mid [0.33–0.67]: 24.0% of pixels
  • Far [0.67–1.00]: 7.1% of pixels"
Abstract_Expressionism/sam-francis_firewood-1973.jpg,"The viewer is likely to associate the following emotions with the image: excitement (probability: 0.22), something else (probability: 0.13).",there is a art in the center,"The main colors are: darkslategray, lightgray, indianred","The depth values span a full normalized range from 0 (nearest) to 1 (farthest).
On average, the depth is around 0.57 (with moderate variation, std ≈ 0.32).
Most pixels fall into the **far** depth band (47.1% of the image), while the remaining pixels are split between the other bands.

Depth distribution by band:
  • Near [0.00–0.33]: 34.3% of pixels
  • Mid [0.33–0.67]: 16.6% of pixels
  • Far [0.67–1.00]: 47.1% of pixels"
Northern_Renaissance/lucas-cranach-the-elder_samson-s-fight-with-the-lion-1525.jpg,"The viewer is likely to associate the following emotions with the image: awe (probability: 0.18), disgust (probability: 0.15).",there is a woman in the center. there is a lion in the center. there is a lamb in the center,"The main colors are: dimgray, darkslategray, silver","The depth values span a full normalized range from 0 (nearest) to 1 (farthest).
On average, the depth is around 0.33 (with moderate variation, std ≈ 0.22).
Most pixels fall into the **near** depth band (60.8% of the image), while the remaining pixels are split between the other bands.

Depth distribution by band:
  • Near [0.00–0.33]: 60.8% of pixels
  • Mid [0.33–0.67]: 28.0% of pixels
  • Far [0.67–1.00]: 11.1% of pixels"
Romanticism/francisco-goya_duchess-of-alba-the-white-duchess-1795.jpg,"The viewer is likely to associate the following emotions with the image: contentment (probability: 0.30), amusement (probability: 0.22).",there is a dog in the left. there is a dress in the right,"The main colors are: dimgray, darkgray, darkslategray","The depth values span a full normalized range from 0 (nearest) to 1 (farthest).
On average, the depth is around 0.41 (with moderate variation, std ≈ 0.21).
Most pixels fall into the **mid** depth band (50.6% of the image), while the remaining pixels are split between the other bands.

Depth distribution by band:
  • Near [0.00–0.33]: 37.3% of pixels
  • Mid [0.33–0.67]: 50.6% of pixels
  • Far [0.67–1.00]: 12.0% of pixels"
Art_Nouveau_Modern/carlos-saenz-de-tejada_don-juan-tenorio-seville-street-1946.jpg,"The viewer is likely to associate the following emotions with the image: awe (probability: 0.39), contentment (probability: 0.22).",there is a building in the center. there is a person in the right. there is a curtain in the top right. there is a person in the right. there is a person in the right. there is a stair in the center. there is a stair in the center. there is a curtain in the top. there is a curtain in the top right,"The main colors are: darkslategray, silver, gray","The depth values span a full normalized range from 0 (nearest) to 1 (farthest).
On average, the depth is around 0.52 (with moderate variation, std ≈ 0.24).
Most pixels fall into the **mid** depth band (38.2% of the image), while the remaining pixels are split between the other bands.

Depth distribution by band:
  • Near [0.00–0.33]: 27.8% of pixels
  • Mid [0.33–0.67]: 38.2% of pixels
  • Far [0.67–1.00]: 34.0% of pixels"
Symbolism/gustave-moreau_arabian-poet-persian-1886.jpg,"The viewer is likely to associate the following emotions with the image: fear (probability: 0.27), awe (probability: 0.20).",there is a horse in the right. there is a person man in the center. there is a angel in the top. there is a sword in the top right,"The main colors are: darkslategray, darkgray, dimgray","The depth values span a full normalized range from 0 (nearest) to 1 (farthest).
On average, the depth is around 0.36 (with moderate variation, std ≈ 0.24).
Most pixels fall into the **near** depth band (52.4% of the image), while the remaining pixels are split between the other bands.

Depth distribution by band:
  • Near [0.00–0.33]: 52.4% of pixels
  • Mid [0.33–0.67]: 31.7% of pixels
  • Far [0.67–1.00]: 15.8% of pixels"
Romanticism/caspar-david-friedrich_the-abbey-in-the-oakwood.jpg,"The viewer is likely to associate the following emotions with the image: fear (probability: 0.33), sadness (probability: 0.23).",there is a building in the bottom left. there is a tree in the bottom left. there is a tree in the bottom left. there is a tree in the bottom. there is a tree in the bottom. there is a graveyard in the bottom left. there is a tree in the bottom. there is a person in the bottom left,"The main colors are: darkslategray, tan, gray","The depth values span a full normalized range from 0 (nearest) to 1 (farthest).
On average, the depth is around 0.46 (with moderate variation, std ≈ 0.26).
Most pixels fall into the **near** depth band (38.9% of the image), while the remaining pixels are split between the other bands.

Depth distribution by band:
  • Near [0.00–0.33]: 38.9% of pixels
  • Mid [0.33–0.67]: 32.6% of pixels
  • Far [0.67–1.00]: 28.5% of pixels"
Northern_Renaissance/albrecht-durer_all-saints-picture-1511.jpg,"The viewer is likely to associate the following emotions with the image: awe (probability: 0.45), contentment (probability: 0.15).",there is a builder in the top. there is a ceiling in the top. there is a robe in the left. there is a station in the center. there is a person in the right. there is a person in the right,"The main colors are: darkslategray, sienna, tan","The depth values span a full normalized range from 0 (nearest) to 1 (farthest).
On average, the depth is around 0.45 (with moderate variation, std ≈ 0.27).
Most pixels fall into the **near** depth band (40.5% of the image), while the remaining pixels are split between the other bands.

Depth distribution by band:
  • Near [0.00–0.33]: 40.5% of pixels
  • Mid [0.33–0.67]: 34.8% of pixels
  • Far [0.67–1.00]: 22.0% of pixels"
Realism/thomas-eakins_portrait-of-sebastiano-cardinal-martinelli-1902.jpg,"The viewer is likely to associate the following emotions with the image: contentment (probability: 0.30), sadness (probability: 0.19).",there is a armchair in the right. there is a stool in the center. there is a stool in the right. there is a man in the center. there is a dress in the center. there is a robe in the right. there is a dress in the center,"The main colors are: black, saddlebrown, darkslategray","The depth values span a full normalized range from 0 (nearest) to 1 (farthest).
On average, the depth is around 0.18 (with moderate variation, std ≈ 0.11).
Most pixels fall into the **near** depth band (89.5% of the image), while the remaining pixels are split between the other bands.

Depth distribution by band:
  • Near [0.00–0.33]: 89.5% of pixels
  • Mid [0.33–0.67]: 10.2% of pixels
  • Far [0.67–1.00]: 0.3% of pixels"
High_Renaissance/luca-signorelli_the-last-judgment-the-right-part-of-the-composition-the-damned-consigned-to-hell-the-left-part-1502.jpg,"The viewer is likely to associate the following emotions with the image: awe (probability: 0.59), contentment (probability: 0.15).",there is a building in the center. there is a altar in the bottom. there is a sculpture in the center,"The main colors are: gray, tan, darkslategray","The depth values span a full normalized range from 0 (nearest) to 1 (farthest).
On average, the depth is around 0.49 (with moderate variation, std ≈ 0.25).
Most pixels fall into the **mid** depth band (40.3% of the image), while the remaining pixels are split between the other bands.

Depth distribution by band:
  • Near [0.00–0.33]: 31.3% of pixels
  • Mid [0.33–0.67]: 40.3% of pixels
  • Far [0.67–1.00]: 28.2% of pixels"
Realism/edouard-manet_eel-and-red-mullet-1864.jpg,"The viewer is likely to associate the following emotions with the image: sadness (probability: 0.19), disgust (probability: 0.17).",there is a knife in the bottom left. there is a cloth in the bottom. there is a eel in the center,"The main colors are: maroon, silver, peru","The depth values span a full normalized range from 0 (nearest) to 1 (farthest).
On average, the depth is around 0.34 (with moderate variation, std ≈ 0.28).
Most pixels fall into the **near** depth band (59.4% of the image), while the remaining pixels are split between the other bands.

Depth distribution by band:
  • Near [0.00–0.33]: 59.4% of pixels
  • Mid [0.33–0.67]: 20.6% of pixels
  • Far [0.67–1.00]: 20.0% of pixels"
Abstract_Expressionism/joan-miro_not_detected_227940.jpg,"The viewer is likely to associate the following emotions with the image: amusement (probability: 0.21), contentment (probability: 0.15).",there is a art in the center,"The main colors are: dimgray, darkslategray, silver","The depth values span a full normalized range from 0 (nearest) to 1 (farthest).
On average, the depth is around 0.28 (with moderate variation, std ≈ 0.21).
Most pixels fall into the **near** depth band (64.9% of the image), while the remaining pixels are split between the other bands.

Depth distribution by band:
  • Near [0.00–0.33]: 64.9% of pixels
  • Mid [0.33–0.67]: 29.5% of pixels
  • Far [0.67–1.00]: 5.6% of pixels"
Baroque/peter-paul-rubens_the-victory-of-eucharistic-truth-over-heresy.jpg,"The viewer is likely to associate the following emotions with the image: sadness (probability: 0.32), awe (probability: 0.20).",there is a artist in the left. there is a pillar in the left. there is a person in the bottom. there is a person in the top. there is a artist in the bottom left. there is a pillar in the right,"The main colors are: dimgray, black, rosybrown","The depth values span a full normalized range from 0 (nearest) to 1 (farthest).
On average, the depth is around 0.34 (with moderate variation, std ≈ 0.24).
Most pixels fall into the **near** depth band (54.0% of the image), while the remaining pixels are split between the other bands.

Depth distribution by band:
  • Near [0.00–0.33]: 54.0% of pixels
  • Mid [0.33–0.67]: 34.5% of pixels
  • Far [0.67–1.00]: 11.5% of pixels"
Rococo/bernardo-bellotto_view-of-warsaw-from-praga-1770-1.jpg,"The viewer is likely to associate the following emotions with the image: awe (probability: 0.47), contentment (probability: 0.32).",there is a water in the bottom. there is a boat in the bottom. there is a boat in the bottom. there is a person in the bottom left. there is a boat in the bottom. there is a boat in the bottom. there is a city in the bottom. there is a person in the bottom left,"The main colors are: darkslategray, lightgray, gray","The depth values span a full normalized range from 0 (nearest) to 1 (farthest).
On average, the depth is around 0.54 (with moderate variation, std ≈ 0.28).
Most pixels fall into the **far** depth band (40.6% of the image), while the remaining pixels are split between the other bands.

Depth distribution by band:
  • Near [0.00–0.33]: 28.7% of pixels
  • Mid [0.33–0.67]: 30.4% of pixels
  • Far [0.67–1.00]: 40.6% of pixels"
Post_Impressionism/paul-gauguin_dogs-running-through-a-field-1888.jpg,"The viewer is likely to associate the following emotions with the image: contentment (probability: 0.57), awe (probability: 0.17).",there is a farmhouse in the top right. there is a grass in the center. there is a tree in the top. there is a tree in the top. there is a tree in the top left. there is a artist in the right. there is a tree in the top right,"The main colors are: darkolivegreen, silver, sienna","The depth values span a full normalized range from 0 (nearest) to 1 (farthest).
On average, the depth is around 0.41 (with moderate variation, std ≈ 0.26).
Most pixels fall into the **near** depth band (45.3% of the image), while the remaining pixels are split between the other bands.

Depth distribution by band:
  • Near [0.00–0.33]: 45.3% of pixels
  • Mid [0.33–0.67]: 30.9% of pixels
  • Far [0.67–1.00]: 23.8% of pixels"
Symbolism/felicien-rops_illustration-of-les-diaboliques-3.jpg,"The viewer is likely to associate the following emotions with the image: awe (probability: 0.22), fear (probability: 0.18).",there is a man in the top. there is a woman in the center. there is a woman in the top right,"The main colors are: gray, dimgray, darkgray","The depth values span a full normalized range from 0 (nearest) to 1 (farthest).
On average, the depth is around 0.56 (with moderate variation, std ≈ 0.17).
Most pixels fall into the **mid** depth band (51.7% of the image), while the remaining pixels are split between the other bands.

Depth distribution by band:
  • Near [0.00–0.33]: 13.8% of pixels
  • Mid [0.33–0.67]: 51.7% of pixels
  • Far [0.67–1.00]: 34.6% of pixels"
Realism/m.c.-escher_san-gimignano.jpg,"The viewer is likely to associate the following emotions with the image: awe (probability: 0.30), contentment (probability: 0.20).",there is a tower in the top left. there is a image photo in the left. there is a tower in the top left,"The main colors are: black, gainsboro, darkslategray","The depth values span a full normalized range from 0 (nearest) to 1 (farthest).
On average, the depth is around 0.24 (with moderate variation, std ≈ 0.31).
Most pixels fall into the **near** depth band (77.4% of the image), while the remaining pixels are split between the other bands.

Depth distribution by band:
  • Near [0.00–0.33]: 77.4% of pixels
  • Mid [0.33–0.67]: 8.4% of pixels
  • Far [0.67–1.00]: 10.3% of pixels"
Art_Nouveau_Modern/konstantin-somov_book-of-the-marquise-illustration-5-1918.jpg,"The viewer is likely to associate the following emotions with the image: amusement (probability: 0.25), awe (probability: 0.15).",there is a cartoon in the left. there is a man in the center. there is a woman in the center. there is a woman in the center,"The main colors are: gray, lightgray, darkslategray","The depth values span a full normalized range from 0 (nearest) to 1 (farthest).
On average, the depth is around 0.60 (with moderate variation, std ≈ 0.29).
Most pixels fall into the **far** depth band (62.3% of the image), while the remaining pixels are split between the other bands.

Depth distribution by band:
  • Near [0.00–0.33]: 24.8% of pixels
  • Mid [0.33–0.67]: 12.9% of pixels
  • Far [0.67–1.00]: 62.3% of pixels"
Cubism/raoul-dufy_the-trapeze-artists-1922.jpg,"The viewer is likely to associate the following emotions with the image: excitement (probability: 0.22), awe (probability: 0.15).",there is a woman in the center. there is a umbrella in the top right. there is a person woman in the top right. there is a umbrella in the top right. there is a sunshade in the top left. there is a umbrella in the top. there is a dress in the top right,"The main colors are: sienna, rosybrown, darkslategray","The depth values span a full normalized range from 0 (nearest) to 1 (farthest).
On average, the depth is around 0.38 (with moderate variation, std ≈ 0.25).
Most pixels fall into the **near** depth band (49.5% of the image), while the remaining pixels are split between the other bands.

Depth distribution by band:
  • Near [0.00–0.33]: 49.5% of pixels
  • Mid [0.33–0.67]: 33.7% of pixels
  • Far [0.67–1.00]: 16.8% of pixels"
Ukiyo_e/utagawa-kunisada-ii_unryu.jpg,"The viewer is likely to associate the following emotions with the image: amusement (probability: 0.42), contentment (probability: 0.17).",there is a man in the center. there is a muscle in the top right,"The main colors are: silver, dimgray, gainsboro","The depth values span a full normalized range from 0 (nearest) to 1 (farthest).
On average, the depth is around 0.72 (with moderate variation, std ≈ 0.27).
Most pixels fall into the **far** depth band (71.9% of the image), while the remaining pixels are split between the other bands.

Depth distribution by band:
  • Near [0.00–0.33]: 15.0% of pixels
  • Mid [0.33–0.67]: 12.6% of pixels
  • Far [0.67–1.00]: 71.9% of pixels"
Post_Impressionism/henri-de-toulouse-lautrec_gabrielle-the-dancer-1890.jpg,"The viewer is likely to associate the following emotions with the image: contentment (probability: 0.39), sadness (probability: 0.14).",there is a shirt in the center. there is a sun hat in the top,"The main colors are: darkgray, dimgray, gray","The depth values span a full normalized range from 0 (nearest) to 1 (farthest).
On average, the depth is around 0.56 (with moderate variation, std ≈ 0.15).
Most pixels fall into the **mid** depth band (63.2% of the image), while the remaining pixels are split between the other bands.

Depth distribution by band:
  • Near [0.00–0.33]: 9.1% of pixels
  • Mid [0.33–0.67]: 63.2% of pixels
  • Far [0.67–1.00]: 27.8% of pixels"
Ukiyo_e/utagawa-kuniyoshi_the-ghost-in-the-lantern.jpg,"The viewer is likely to associate the following emotions with the image: amusement (probability: 0.24), fear (probability: 0.18).",there is a woman in the top. there is a robe in the center. there is a ge man in the right,"The main colors are: dimgray, palegoldenrod, black","The depth values span a full normalized range from 0 (nearest) to 1 (farthest).
On average, the depth is around 0.51 (with moderate variation, std ≈ 0.32).
Most pixels fall into the **far** depth band (36.7% of the image), while the remaining pixels are split between the other bands.

Depth distribution by band:
  • Near [0.00–0.33]: 33.5% of pixels
  • Mid [0.33–0.67]: 26.1% of pixels
  • Far [0.67–1.00]: 36.7% of pixels"
Baroque/giovanni-paolo-panini_interior-of-st-peter-s-rome-1755.jpg,"The viewer is likely to associate the following emotions with the image: awe (probability: 0.53), contentment (probability: 0.19).",there is a building in the center. there is a pillar in the bottom left. there is a pillar in the bottom. there is a ceiling in the top,"The main colors are: darkslategray, darkgray, dimgray","The depth values span a full normalized range from 0 (nearest) to 1 (farthest).
On average, the depth is around 0.45 (with moderate variation, std ≈ 0.20).
Most pixels fall into the **mid** depth band (54.9% of the image), while the remaining pixels are split between the other bands.

Depth distribution by band:
  • Near [0.00–0.33]: 29.0% of pixels
  • Mid [0.33–0.67]: 54.9% of pixels
  • Far [0.67–1.00]: 15.7% of pixels"
Abstract_Expressionism/frank-lobdell_dance-iv-1970.jpg,"The viewer is likely to associate the following emotions with the image: fear (probability: 0.16), something else (probability: 0.14).",there is a art in the center. there is a trumpet in the top left,"The main colors are: darkslategray, gainsboro, darkkhaki","The depth values span a full normalized range from 0 (nearest) to 1 (farthest).
On average, the depth is around 0.52 (with moderate variation, std ≈ 0.33).
Most pixels fall into the **near** depth band (46.0% of the image), while the remaining pixels are split between the other bands.

Depth distribution by band:
  • Near [0.00–0.33]: 46.0% of pixels
  • Mid [0.33–0.67]: 8.0% of pixels
  • Far [0.67–1.00]: 45.3% of pixels"
Post_Impressionism/edouard-cortes_st-denis-4.jpg,"The viewer is likely to associate the following emotions with the image: awe (probability: 0.37), contentment (probability: 0.32).",there is a person in the bottom left. there is a person in the bottom left. there is a city street road in the bottom. there is a person in the bottom. there is a person in the bottom. there is a street scene in the center. there is a person in the bottom left. there is a stroll in the bottom left. there is a person in the bottom,"The main colors are: sienna, darkgray, saddlebrown","The depth values span a full normalized range from 0 (nearest) to 1 (farthest).
On average, the depth is around 0.43 (with moderate variation, std ≈ 0.25).
Most pixels fall into the **near** depth band (38.9% of the image), while the remaining pixels are split between the other bands.

Depth distribution by band:
  • Near [0.00–0.33]: 38.9% of pixels
  • Mid [0.33–0.67]: 37.6% of pixels
  • Far [0.67–1.00]: 23.4% of pixels"
Romanticism/gustave-dore_don-quixote-5.jpg,"The viewer is likely to associate the following emotions with the image: sadness (probability: 0.25), fear (probability: 0.24).",there is a shield in the bottom. there is a horse in the left. there is a armor in the bottom left. there is a sword in the bottom right. there is a armor in the bottom. there is a person man in the left,"The main colors are: lightslategray, darkslategray, gainsboro","The depth values span a full normalized range from 0 (nearest) to 1 (farthest).
On average, the depth is around 0.54 (with moderate variation, std ≈ 0.30).
Most pixels fall into the **mid** depth band (38.8% of the image), while the remaining pixels are split between the other bands.

Depth distribution by band:
  • Near [0.00–0.33]: 26.0% of pixels
  • Mid [0.33–0.67]: 38.8% of pixels
  • Far [0.67–1.00]: 31.1% of pixels"
Minimalism/martin-barre_76-77-c-147-5x140-1977.jpg,"The viewer is likely to associate the following emotions with the image: something else (probability: 0.26), contentment (probability: 0.20).",there is a color in the bottom right,"The main colors are: gainsboro, brown, rosybrown","The depth values span a full normalized range from 0 (nearest) to 1 (farthest).
On average, the depth is around 0.80 (with moderate variation, std ≈ 0.23).
Most pixels fall into the **far** depth band (82.8% of the image), while the remaining pixels are split between the other bands.

Depth distribution by band:
  • Near [0.00–0.33]: 9.8% of pixels
  • Mid [0.33–0.67]: 7.2% of pixels
  • Far [0.67–1.00]: 82.8% of pixels"
Romanticism/francisco-goya_what-a-tailor-can-do-1799.jpg,"The viewer is likely to associate the following emotions with the image: fear (probability: 0.33), awe (probability: 0.16).",there is a woman in the center. there is a man in the top right. there is a cartoon in the top,"The main colors are: darkslategray, silver, lightslategray","The depth values span a full normalized range from 0 (nearest) to 1 (farthest).
On average, the depth is around 0.60 (with moderate variation, std ≈ 0.23).
Most pixels fall into the **far** depth band (53.8% of the image), while the remaining pixels are split between the other bands.

Depth distribution by band:
  • Near [0.00–0.33]: 17.0% of pixels
  • Mid [0.33–0.67]: 28.9% of pixels
  • Far [0.67–1.00]: 53.8% of pixels"
Art_Nouveau_Modern/raphael-kirchner_lulu.jpg,"The viewer is likely to associate the following emotions with the image: amusement (probability: 0.23), contentment (probability: 0.18).",there is a stool in the right. there is a man in the top. there is a girl in the right. there is a string in the top. there is a sock in the center. there is a sock in the center. there is a string in the top right. there is a swing in the top right,"The main colors are: blanchedalmond, gray, tan","The depth values span a full normalized range from 0 (nearest) to 1 (farthest).
On average, the depth is around 0.84 (with moderate variation, std ≈ 0.16).
Most pixels fall into the **far** depth band (87.5% of the image), while the remaining pixels are split between the other bands.

Depth distribution by band:
  • Near [0.00–0.33]: 2.9% of pixels
  • Mid [0.33–0.67]: 7.2% of pixels
  • Far [0.67–1.00]: 87.5% of pixels"
Romanticism/edwin-henry-landseer_the-old-shepherd-s-chief-mourner.jpg,"The viewer is likely to associate the following emotions with the image: sadness (probability: 0.42), contentment (probability: 0.19).",there is a dog in the bottom left. there is a stool in the bottom. there is a bed in the center. there is a briefcase dresser in the bottom. there is a luggage in the bottom right. there is a floor in the bottom,"The main colors are: black, gray, darkolivegreen","The depth values span a full normalized range from 0 (nearest) to 1 (farthest).
On average, the depth is around 0.24 (with moderate variation, std ≈ 0.15).
Most pixels fall into the **near** depth band (79.3% of the image), while the remaining pixels are split between the other bands.

Depth distribution by band:
  • Near [0.00–0.33]: 79.3% of pixels
  • Mid [0.33–0.67]: 18.5% of pixels
  • Far [0.67–1.00]: 2.1% of pixels"
Symbolism/konstantin-bogaevsky_feodosia-1926.jpg,"The viewer is likely to associate the following emotions with the image: fear (probability: 0.58), sadness (probability: 0.13).",there is a sky in the left. there is a village in the bottom left,"The main colors are: darkslategray, gray, darkolivegreen","The depth values span a full normalized range from 0 (nearest) to 1 (farthest).
On average, the depth is around 0.32 (with moderate variation, std ≈ 0.14).
Most pixels fall into the **near** depth band (63.7% of the image), while the remaining pixels are split between the other bands.

Depth distribution by band:
  • Near [0.00–0.33]: 63.7% of pixels
  • Mid [0.33–0.67]: 33.9% of pixels
  • Far [0.67–1.00]: 2.4% of pixels"
Symbolism/william-blake_melancholy-1820.jpg,"The viewer is likely to associate the following emotions with the image: awe (probability: 0.42), contentment (probability: 0.15).",there is a woman in the right. there is a illustration in the center. there is a angel in the top. there is a person in the center. there is a angel in the top right. there is a child in the left. there is a angel in the top right. there is a child in the right. there is a person in the right,"The main colors are: rosybrown, dimgray, gainsboro","The depth values span a full normalized range from 0 (nearest) to 1 (farthest).
On average, the depth is around 0.62 (with moderate variation, std ≈ 0.21).
Most pixels fall into the **mid** depth band (49.0% of the image), while the remaining pixels are split between the other bands.

Depth distribution by band:
  • Near [0.00–0.33]: 8.8% of pixels
  • Mid [0.33–0.67]: 49.0% of pixels
  • Far [0.67–1.00]: 35.9% of pixels"
High_Renaissance/raphael_the-virtues-1511.jpg,"The viewer is likely to associate the following emotions with the image: awe (probability: 0.60), contentment (probability: 0.15).",there is a doorway in the bottom left. there is a building in the center. there is a person in the center. there is a person in the left. there is a person in the left. there is a archway in the bottom,"The main colors are: darkslategray, tan, gray","The depth values span a full normalized range from 0 (nearest) to 1 (farthest).
On average, the depth is around 0.46 (with moderate variation, std ≈ 0.24).
Most pixels fall into the **mid** depth band (41.0% of the image), while the remaining pixels are split between the other bands.

Depth distribution by band:
  • Near [0.00–0.33]: 35.2% of pixels
  • Mid [0.33–0.67]: 41.0% of pixels
  • Far [0.67–1.00]: 23.5% of pixels"
Baroque/agostino-carracci_a-peasant-man-head-and-shoulders-shouting.jpg,"The viewer is likely to associate the following emotions with the image: sadness (probability: 0.24), fear (probability: 0.19).",there is a man in the center. there is a mouth in the top right. there is a face in the top right,"The main colors are: darkslategray, snow, sienna","The depth values span a full normalized range from 0 (nearest) to 1 (farthest).
On average, the depth is around 0.36 (with moderate variation, std ≈ 0.32).
Most pixels fall into the **near** depth band (65.1% of the image), while the remaining pixels are split between the other bands.

Depth distribution by band:
  • Near [0.00–0.33]: 65.1% of pixels
  • Mid [0.33–0.67]: 15.6% of pixels
  • Far [0.67–1.00]: 4.8% of pixels"
Realism/ferdinand-hodler_the-golden-meadow-1890.jpg,"The viewer is likely to associate the following emotions with the image: contentment (probability: 0.66), awe (probability: 0.18).",there is a tree in the top. there is a grass in the center,"The main colors are: dimgray, lightgray, darkkhaki","The depth values span a full normalized range from 0 (nearest) to 1 (farthest).
On average, the depth is around 0.55 (with moderate variation, std ≈ 0.21).
Most pixels fall into the **mid** depth band (47.4% of the image), while the remaining pixels are split between the other bands.

Depth distribution by band:
  • Near [0.00–0.33]: 18.1% of pixels
  • Mid [0.33–0.67]: 47.4% of pixels
  • Far [0.67–1.00]: 34.5% of pixels"
Color_Field_Painting/anne-truitt_remember-no-5-1999.jpg,"The viewer is likely to associate the following emotions with the image: something else (probability: 0.26), contentment (probability: 0.16).",there is a black blanket in the center,"The main colors are: darkred, lightgray, black","The depth values span a full normalized range from 0 (nearest) to 1 (farthest).
On average, the depth is around 0.30 (with moderate variation, std ≈ 0.30).
Most pixels fall into the **near** depth band (60.2% of the image), while the remaining pixels are split between the other bands.

Depth distribution by band:
  • Near [0.00–0.33]: 60.2% of pixels
  • Mid [0.33–0.67]: 26.3% of pixels
  • Far [0.67–1.00]: 13.5% of pixels"
Art_Nouveau_Modern/raphael-kirchner_medallion-1916.jpg,"The viewer is likely to associate the following emotions with the image: contentment (probability: 0.29), amusement (probability: 0.23).",there is a dress in the center. there is a bonnet in the top,"The main colors are: wheat, antiquewhite, tan","The depth values span a full normalized range from 0 (nearest) to 1 (farthest).
On average, the depth is around 0.87 (with moderate variation, std ≈ 0.11).
Most pixels fall into the **far** depth band (92.1% of the image), while the remaining pixels are split between the other bands.

Depth distribution by band:
  • Near [0.00–0.33]: 0.2% of pixels
  • Mid [0.33–0.67]: 4.4% of pixels
  • Far [0.67–1.00]: 92.1% of pixels"
Color_Field_Painting/mark-rothko_untitled-gray-and-mauve-1969.jpg,"The viewer is likely to associate the following emotions with the image: something else (probability: 0.33), contentment (probability: 0.21).","there is a drawing pink, rectangle in the center","The main colors are: gray, beige, rosybrown","The depth values span a full normalized range from 0 (nearest) to 1 (farthest).
On average, the depth is around 0.42 (with moderate variation, std ≈ 0.16).
Most pixels fall into the **mid** depth band (62.2% of the image), while the remaining pixels are split between the other bands.

Depth distribution by band:
  • Near [0.00–0.33]: 29.7% of pixels
  • Mid [0.33–0.67]: 62.2% of pixels
  • Far [0.67–1.00]: 7.9% of pixels"
Rococo/maurice-quentin-de-la-tour_view-of-the-city-saint-quentin-1.jpg,"The viewer is likely to associate the following emotions with the image: awe (probability: 0.38), contentment (probability: 0.24).",there is a sky in the top left. there is a castle in the left. there is a boat in the bottom. there is a boat in the bottom. there is a castle in the left,"The main colors are: gray, darkslategray, silver","The depth values span a full normalized range from 0 (nearest) to 1 (farthest).
On average, the depth is around 0.52 (with moderate variation, std ≈ 0.25).
Most pixels fall into the **mid** depth band (38.6% of the image), while the remaining pixels are split between the other bands.

Depth distribution by band:
  • Near [0.00–0.33]: 28.6% of pixels
  • Mid [0.33–0.67]: 38.6% of pixels
  • Far [0.67–1.00]: 32.4% of pixels"
Northern_Renaissance/hieronymus-bosch_the-garden-of-earthly-delights-1515-6.jpg,"The viewer is likely to associate the following emotions with the image: amusement (probability: 0.21), excitement (probability: 0.20).",there is a man in the top. there is a woman in the right. there is a fish in the top left. there is a tapestry in the center. there is a animal in the right. there is a child in the center,"The main colors are: rosybrown, darkolivegreen, tan","The depth values span a full normalized range from 0 (nearest) to 1 (farthest).
On average, the depth is around 0.56 (with moderate variation, std ≈ 0.20).
Most pixels fall into the **mid** depth band (50.1% of the image), while the remaining pixels are split between the other bands.

Depth distribution by band:
  • Near [0.00–0.33]: 14.3% of pixels
  • Mid [0.33–0.67]: 50.1% of pixels
  • Far [0.67–1.00]: 35.5% of pixels"
Baroque/rembrandt_the-shepards-in-the-woods-1644.jpg,"The viewer is likely to associate the following emotions with the image: contentment (probability: 0.27), sadness (probability: 0.19).",there is a man in the center. there is a animal in the center. there is a person in the right. there is a landscape in the center. there is a sheep in the left,"The main colors are: dimgray, darkgray, gray","The depth values span a full normalized range from 0 (nearest) to 1 (farthest).
On average, the depth is around 0.54 (with moderate variation, std ≈ 0.21).
Most pixels fall into the **mid** depth band (42.0% of the image), while the remaining pixels are split between the other bands.

Depth distribution by band:
  • Near [0.00–0.33]: 20.9% of pixels
  • Mid [0.33–0.67]: 42.0% of pixels
  • Far [0.67–1.00]: 37.2% of pixels"
Baroque/bernardo-strozzi_salome-1630.jpg,"The viewer is likely to associate the following emotions with the image: contentment (probability: 0.29), awe (probability: 0.23).","there is a woman in the center. there is a drawing, dress in the center. there is a man in the left","The main colors are: tan, black, sienna","The depth values span a full normalized range from 0 (nearest) to 1 (farthest).
On average, the depth is around 0.28 (with moderate variation, std ≈ 0.27).
Most pixels fall into the **near** depth band (66.3% of the image), while the remaining pixels are split between the other bands.

Depth distribution by band:
  • Near [0.00–0.33]: 66.3% of pixels
  • Mid [0.33–0.67]: 17.2% of pixels
  • Far [0.67–1.00]: 16.4% of pixels"
Pop_Art/patrick-procktor_l-h-m-u-liza-heygate-michael-upton-1964.jpg,"The viewer is likely to associate the following emotions with the image: fear (probability: 0.21), something else (probability: 0.14).",there is a art in the top. there is a tree in the top,"The main colors are: darkslategray, cadetblue, gray","The depth values span a full normalized range from 0 (nearest) to 1 (farthest).
On average, the depth is around 0.38 (with moderate variation, std ≈ 0.23).
Most pixels fall into the **near** depth band (52.2% of the image), while the remaining pixels are split between the other bands.

Depth distribution by band:
  • Near [0.00–0.33]: 52.2% of pixels
  • Mid [0.33–0.67]: 33.9% of pixels
  • Far [0.67–1.00]: 13.7% of pixels"
Symbolism/james-tissot_etude.jpg,"The viewer is likely to associate the following emotions with the image: sadness (probability: 0.25), contentment (probability: 0.19).",there is a beard in the center. there is a veil in the top,"The main colors are: lightgray, darkslategray, steelblue","The depth values span a full normalized range from 0 (nearest) to 1 (farthest).
On average, the depth is around 0.42 (with moderate variation, std ≈ 0.25).
Most pixels fall into the **near** depth band (45.3% of the image), while the remaining pixels are split between the other bands.

Depth distribution by band:
  • Near [0.00–0.33]: 45.3% of pixels
  • Mid [0.33–0.67]: 33.9% of pixels
  • Far [0.67–1.00]: 20.5% of pixels"
Romanticism/francisco-goya_woman-battered-with-a-cane.jpg,"The viewer is likely to associate the following emotions with the image: amusement (probability: 0.20), awe (probability: 0.16).",there is a man in the center. there is a woman in the right. there is a sword in the top. there is a floor in the center. there is a person in the left,"The main colors are: dimgray, darkgray, gainsboro","The depth values span a full normalized range from 0 (nearest) to 1 (farthest).
On average, the depth is around 0.75 (with moderate variation, std ≈ 0.19).
Most pixels fall into the **far** depth band (71.3% of the image), while the remaining pixels are split between the other bands.

Depth distribution by band:
  • Near [0.00–0.33]: 4.0% of pixels
  • Mid [0.33–0.67]: 24.2% of pixels
  • Far [0.67–1.00]: 71.3% of pixels"
Realism/david-burliuk_an-actor-1938.jpg,"The viewer is likely to associate the following emotions with the image: amusement (probability: 0.22), contentment (probability: 0.16).",there is a man in the center. there is a pencil in the left. there is a cigarette in the center,"The main colors are: lightgray, darkslategray, gray","The depth values span a full normalized range from 0 (nearest) to 1 (farthest).
On average, the depth is around 0.62 (with moderate variation, std ≈ 0.24).
Most pixels fall into the **far** depth band (51.7% of the image), while the remaining pixels are split between the other bands.

Depth distribution by band:
  • Near [0.00–0.33]: 16.0% of pixels
  • Mid [0.33–0.67]: 32.2% of pixels
  • Far [0.67–1.00]: 51.7% of pixels"
Realism/ilya-repin_portrait-of-an-italian-woman.jpg,"The viewer is likely to associate the following emotions with the image: contentment (probability: 0.29), sadness (probability: 0.28).",there is a woman in the center,"The main colors are: black, darkkhaki, darkolivegreen","The depth values span a full normalized range from 0 (nearest) to 1 (farthest).
On average, the depth is around 0.19 (with moderate variation, std ≈ 0.19).
Most pixels fall into the **near** depth band (83.9% of the image), while the remaining pixels are split between the other bands.

Depth distribution by band:
  • Near [0.00–0.33]: 83.9% of pixels
  • Mid [0.33–0.67]: 11.2% of pixels
  • Far [0.67–1.00]: 4.9% of pixels"
Abstract_Expressionism/sam-francis_untitled-l-213-sf-240-1976.jpg,"The viewer is likely to associate the following emotions with the image: something else (probability: 0.19), contentment (probability: 0.18).",there is a art in the center,"The main colors are: silver, dimgray, whitesmoke","The depth values span a full normalized range from 0 (nearest) to 1 (farthest).
On average, the depth is around 0.86 (with moderate variation, std ≈ 0.24).
Most pixels fall into the **far** depth band (49.7% of the image), while the remaining pixels are split between the other bands.

Depth distribution by band:
  • Near [0.00–0.33]: 7.1% of pixels
  • Mid [0.33–0.67]: 8.5% of pixels
  • Far [0.67–1.00]: 49.7% of pixels"
Post_Impressionism/vincent-van-gogh_still-life-with-bloaters-and-garlic-1887.jpg,"The viewer is likely to associate the following emotions with the image: sadness (probability: 0.22), contentment (probability: 0.21).",there is a potato in the bottom right. there is a table in the center. there is a meat in the bottom. there is a meat in the center. there is a meat in the left. there is a lamp in the top left,"The main colors are: saddlebrown, maroon, sienna","The depth values span a full normalized range from 0 (nearest) to 1 (farthest).
On average, the depth is around 0.30 (with moderate variation, std ≈ 0.19).
Most pixels fall into the **near** depth band (59.4% of the image), while the remaining pixels are split between the other bands.

Depth distribution by band:
  • Near [0.00–0.33]: 59.4% of pixels
  • Mid [0.33–0.67]: 36.7% of pixels
  • Far [0.67–1.00]: 3.9% of pixels"
High_Renaissance/giorgione_view-of-castelfranco-and-shepherd(2).jpg,"The viewer is likely to associate the following emotions with the image: something else (probability: 0.20), fear (probability: 0.19).",there is a woman in the bottom. there is a city in the center,"The main colors are: indianred, rosybrown, sienna","The depth values span a full normalized range from 0 (nearest) to 1 (farthest).
On average, the depth is around 0.54 (with moderate variation, std ≈ 0.18).
Most pixels fall into the **mid** depth band (56.8% of the image), while the remaining pixels are split between the other bands.

Depth distribution by band:
  • Near [0.00–0.33]: 12.0% of pixels
  • Mid [0.33–0.67]: 56.8% of pixels
  • Far [0.67–1.00]: 31.2% of pixels"
Pop_Art/allen-jones_table-1969.jpg,"The viewer is likely to associate the following emotions with the image: amusement (probability: 0.26), something else (probability: 0.21).",there is a woman in the center. there is a table top in the top. there is a floor glass in the bottom. there is a figurine in the bottom left. there is a fur in the bottom,"The main colors are: dimgray, lightgray, black","The depth values span a full normalized range from 0 (nearest) to 1 (farthest).
On average, the depth is around 0.49 (with moderate variation, std ≈ 0.31).
Most pixels fall into the **far** depth band (42.3% of the image), while the remaining pixels are split between the other bands.

Depth distribution by band:
  • Near [0.00–0.33]: 37.7% of pixels
  • Mid [0.33–0.67]: 20.1% of pixels
  • Far [0.67–1.00]: 42.3% of pixels"
Post_Impressionism/paul-cezanne_three-skulls-on-a-patterned-carpet.jpg,"The viewer is likely to associate the following emotions with the image: fear (probability: 0.34), sadness (probability: 0.28).",there is a skull in the center. there is a flower in the bottom. there is a flower in the bottom left. there is a person in the bottom. there is a skull in the center. there is a person in the bottom left. there is a table in the bottom,"The main colors are: darkolivegreen, black, peru","The depth values span a full normalized range from 0 (nearest) to 1 (farthest).
On average, the depth is around 0.17 (with moderate variation, std ≈ 0.15).
Most pixels fall into the **near** depth band (88.6% of the image), while the remaining pixels are split between the other bands.

Depth distribution by band:
  • Near [0.00–0.33]: 88.6% of pixels
  • Mid [0.33–0.67]: 9.6% of pixels
  • Far [0.67–1.00]: 1.8% of pixels"
Romanticism/gustave-dore_geryon-symbol-of-deceit.jpg,"The viewer is likely to associate the following emotions with the image: fear (probability: 0.50), awe (probability: 0.15).",there is a art vector illustration in the center. there is a art vector illustration in the center. there is a man in the center,"The main colors are: darkslategray, lavender, dimgray","The depth values span a full normalized range from 0 (nearest) to 1 (farthest).
On average, the depth is around 0.42 (with moderate variation, std ≈ 0.35).
Most pixels fall into the **near** depth band (46.9% of the image), while the remaining pixels are split between the other bands.

Depth distribution by band:
  • Near [0.00–0.33]: 46.9% of pixels
  • Mid [0.33–0.67]: 26.4% of pixels
  • Far [0.67–1.00]: 13.4% of pixels"
Romanticism/eugene-delacroix_study-of-flowers-1850(1).jpg,"The viewer is likely to associate the following emotions with the image: contentment (probability: 0.32), amusement (probability: 0.19).",there is a flower in the top right. there is a flower in the right. there is a plant in the right. there is a flower in the top. there is a plant in the top. there is a stem in the top,"The main colors are: lightgray, sienna, tan","The depth values span a full normalized range from 0 (nearest) to 1 (farthest).
On average, the depth is around 0.78 (with moderate variation, std ≈ 0.12).
Most pixels fall into the **far** depth band (88.9% of the image), while the remaining pixels are split between the other bands.

Depth distribution by band:
  • Near [0.00–0.33]: 1.4% of pixels
  • Mid [0.33–0.67]: 9.7% of pixels
  • Far [0.67–1.00]: 88.9% of pixels"
Realism/vincent-van-gogh_peasant-lifting-potatoes-1885.jpg,"The viewer is likely to associate the following emotions with the image: sadness (probability: 0.40), fear (probability: 0.14).",there is a man in the center. there is a barrel in the bottom left. there is a floor in the bottom,"The main colors are: gray, darkslategray, burlywood","The depth values span a full normalized range from 0 (nearest) to 1 (farthest).
On average, the depth is around 0.50 (with moderate variation, std ≈ 0.26).
Most pixels fall into the **mid** depth band (41.4% of the image), while the remaining pixels are split between the other bands.

Depth distribution by band:
  • Near [0.00–0.33]: 28.7% of pixels
  • Mid [0.33–0.67]: 41.4% of pixels
  • Far [0.67–1.00]: 29.5% of pixels"
Post_Impressionism/gustave-loiseau_by-the-eure-river-in-spring-1902.jpg,"The viewer is likely to associate the following emotions with the image: contentment (probability: 0.60), awe (probability: 0.24).",there is a tree in the left. there is a water waterway in the bottom. there is a landscape in the center,"The main colors are: darkslategray, silver, gray","The depth values span a full normalized range from 0 (nearest) to 1 (farthest).
On average, the depth is around 0.52 (with moderate variation, std ≈ 0.19).
Most pixels fall into the **mid** depth band (52.1% of the image), while the remaining pixels are split between the other bands.

Depth distribution by band:
  • Near [0.00–0.33]: 18.6% of pixels
  • Mid [0.33–0.67]: 52.1% of pixels
  • Far [0.67–1.00]: 29.3% of pixels"
Baroque/hendrick-terbrugghen_the-singing-lute-player-1624.jpg,"The viewer is likely to associate the following emotions with the image: contentment (probability: 0.28), amusement (probability: 0.20).",there is a artist in the center. there is a mouth organ in the top right,"The main colors are: darkolivegreen, darkslategray, gray","The depth values span a full normalized range from 0 (nearest) to 1 (farthest).
On average, the depth is around 0.24 (with moderate variation, std ≈ 0.13).
Most pixels fall into the **near** depth band (81.6% of the image), while the remaining pixels are split between the other bands.

Depth distribution by band:
  • Near [0.00–0.33]: 81.6% of pixels
  • Mid [0.33–0.67]: 16.7% of pixels
  • Far [0.67–1.00]: 1.7% of pixels"
Romanticism/eduard-von-gebhardt_portrait-of-an-old-man-1913.jpg,"The viewer is likely to associate the following emotions with the image: sadness (probability: 0.51), fear (probability: 0.12).",there is a man in the center. there is a beard in the right,"The main colors are: darkslategray, dimgray, darkkhaki","The depth values span a full normalized range from 0 (nearest) to 1 (farthest).
On average, the depth is around 0.28 (with moderate variation, std ≈ 0.15).
Most pixels fall into the **near** depth band (79.3% of the image), while the remaining pixels are split between the other bands.

Depth distribution by band:
  • Near [0.00–0.33]: 79.3% of pixels
  • Mid [0.33–0.67]: 17.1% of pixels
  • Far [0.67–1.00]: 3.6% of pixels"
Symbolism/odilon-redon_melancholy-1876.jpg,"The viewer is likely to associate the following emotions with the image: awe (probability: 0.51), contentment (probability: 0.18).",there is a woman in the left. there is a sun in the center. there is a art in the center. there is a woman in the left. there is a stone in the bottom right,"The main colors are: sienna, burlywood, darkslategray","The depth values span a full normalized range from 0 (nearest) to 1 (farthest).
On average, the depth is around 0.37 (with moderate variation, std ≈ 0.25).
Most pixels fall into the **near** depth band (56.3% of the image), while the remaining pixels are split between the other bands.

Depth distribution by band:
  • Near [0.00–0.33]: 56.3% of pixels
  • Mid [0.33–0.67]: 27.4% of pixels
  • Far [0.67–1.00]: 15.3% of pixels"
Baroque/peter-paul-rubens_death-of-adonis.jpg,"The viewer is likely to associate the following emotions with the image: awe (probability: 0.17), sadness (probability: 0.17).",there is a man in the center,"The main colors are: lightgray, tan, gray","The depth values span a full normalized range from 0 (nearest) to 1 (farthest).
On average, the depth is around 0.71 (with moderate variation, std ≈ 0.17).
Most pixels fall into the **far** depth band (70.2% of the image), while the remaining pixels are split between the other bands.

Depth distribution by band:
  • Near [0.00–0.33]: 4.4% of pixels
  • Mid [0.33–0.67]: 25.4% of pixels
  • Far [0.67–1.00]: 70.2% of pixels"
Cubism/max-ernst_33-little-girls-chasing-butterflies-1958.jpg,"The viewer is likely to associate the following emotions with the image: contentment (probability: 0.23), awe (probability: 0.20).",there is a art in the center,"The main colors are: darkslategray, burlywood, gray","The depth values span a full normalized range from 0 (nearest) to 1 (farthest).
On average, the depth is around 0.55 (with moderate variation, std ≈ 0.28).
Most pixels fall into the **far** depth band (40.0% of the image), while the remaining pixels are split between the other bands.

Depth distribution by band:
  • Near [0.00–0.33]: 26.5% of pixels
  • Mid [0.33–0.67]: 32.5% of pixels
  • Far [0.67–1.00]: 40.0% of pixels"
Early_Renaissance/sandro-botticelli_st-dominic(1).jpg,"The viewer is likely to associate the following emotions with the image: contentment (probability: 0.35), awe (probability: 0.31).",there is a builder in the top. there is a sky in the top. there is a cape in the top right,"The main colors are: olivedrab, black, darkgray","The depth values span a full normalized range from 0 (nearest) to 1 (farthest).
On average, the depth is around 0.43 (with moderate variation, std ≈ 0.25).
Most pixels fall into the **mid** depth band (43.7% of the image), while the remaining pixels are split between the other bands.

Depth distribution by band:
  • Near [0.00–0.33]: 36.2% of pixels
  • Mid [0.33–0.67]: 43.7% of pixels
  • Far [0.67–1.00]: 20.1% of pixels"
Romanticism/albert-bierstadt_rocky-mountain-sheep.jpg,"The viewer is likely to associate the following emotions with the image: awe (probability: 0.41), contentment (probability: 0.21).",there is a deer in the right. there is a goat in the right. there is a sheep in the center. there is a cliff in the center,"The main colors are: darkgray, darkslategray, dimgray","The depth values span a full normalized range from 0 (nearest) to 1 (farthest).
On average, the depth is around 0.44 (with moderate variation, std ≈ 0.22).
Most pixels fall into the **mid** depth band (43.5% of the image), while the remaining pixels are split between the other bands.

Depth distribution by band:
  • Near [0.00–0.33]: 37.1% of pixels
  • Mid [0.33–0.67]: 43.5% of pixels
  • Far [0.67–1.00]: 19.5% of pixels"
Cubism/saul-steinberg_head-1945.jpg,"The viewer is likely to associate the following emotions with the image: amusement (probability: 0.25), contentment (probability: 0.24).",there is a eye in the left. there is a bird in the center. there is a wear in the bottom left. there is a flower in the top. there is a eye in the left. there is a flower in the top. there is a flower in the top. there is a head in the center. there is a feather in the top. there is a feather in the center,"The main colors are: lightgray, dimgray, gray","The depth values span a full normalized range from 0 (nearest) to 1 (farthest).
On average, the depth is around 0.69 (with moderate variation, std ≈ 0.23).
Most pixels fall into the **far** depth band (66.6% of the image), while the remaining pixels are split between the other bands.

Depth distribution by band:
  • Near [0.00–0.33]: 10.6% of pixels
  • Mid [0.33–0.67]: 22.7% of pixels
  • Far [0.67–1.00]: 66.6% of pixels"
Baroque/pietro-da-cortona_landing-of-the-trojans-at-the-mouth-of-tiberis-1654.jpg,"The viewer is likely to associate the following emotions with the image: awe (probability: 0.48), contentment (probability: 0.12).",there is a deity in the bottom. there is a angel in the center. there is a person in the bottom. there is a ceiling in the left. there is a ceiling in the center. there is a ceiling in the center,"The main colors are: gray, lightgray, darkolivegreen","The depth values span a full normalized range from 0 (nearest) to 1 (farthest).
On average, the depth is around 0.58 (with moderate variation, std ≈ 0.25).
Most pixels fall into the **far** depth band (42.6% of the image), while the remaining pixels are split between the other bands.

Depth distribution by band:
  • Near [0.00–0.33]: 19.7% of pixels
  • Mid [0.33–0.67]: 37.6% of pixels
  • Far [0.67–1.00]: 42.6% of pixels"
Post_Impressionism/henri-de-toulouse-lautrec_the-jockey-1899.jpg,"The viewer is likely to associate the following emotions with the image: contentment (probability: 0.23), sadness (probability: 0.16).",there is a horse in the center. there is a person in the top right. there is a person in the top right. there is a horse in the top right,"The main colors are: gainsboro, rosybrown, darkolivegreen","The depth values span a full normalized range from 0 (nearest) to 1 (farthest).
On average, the depth is around 0.71 (with moderate variation, std ≈ 0.27).
Most pixels fall into the **far** depth band (68.4% of the image), while the remaining pixels are split between the other bands.

Depth distribution by band:
  • Near [0.00–0.33]: 15.5% of pixels
  • Mid [0.33–0.67]: 15.5% of pixels
  • Far [0.67–1.00]: 68.4% of pixels"
Color_Field_Painting/doug-ohlson_two-four-1983.jpg,"The viewer is likely to associate the following emotions with the image: something else (probability: 0.22), contentment (probability: 0.17).",there is a color in the center,"The main colors are: teal, lavender, black","The depth values span a full normalized range from 0 (nearest) to 1 (farthest).
On average, the depth is around 0.43 (with moderate variation, std ≈ 0.37).
Most pixels fall into the **near** depth band (47.8% of the image), while the remaining pixels are split between the other bands.

Depth distribution by band:
  • Near [0.00–0.33]: 47.8% of pixels
  • Mid [0.33–0.67]: 22.1% of pixels
  • Far [0.67–1.00]: 16.4% of pixels"
Romanticism/francisco-goya_the-same.jpg,"The viewer is likely to associate the following emotions with the image: sadness (probability: 0.22), fear (probability: 0.22).",there is a man in the center. there is a ax in the top. there is a illustration in the bottom left. there is a ax in the bottom left,"The main colors are: lightgray, darkslategray, darkgray","The depth values span a full normalized range from 0 (nearest) to 1 (farthest).
On average, the depth is around 0.60 (with moderate variation, std ≈ 0.27).
Most pixels fall into the **far** depth band (57.6% of the image), while the remaining pixels are split between the other bands.

Depth distribution by band:
  • Near [0.00–0.33]: 23.0% of pixels
  • Mid [0.33–0.67]: 19.4% of pixels
  • Far [0.67–1.00]: 57.6% of pixels"
Art_Nouveau_Modern/raphael-kirchner_impassive-mask.jpg,"The viewer is likely to associate the following emotions with the image: contentment (probability: 0.18), amusement (probability: 0.18).",there is a person in the center. there is a man in the top right. there is a illustration in the top,"The main colors are: burlywood, sienna, saddlebrown","The depth values span a full normalized range from 0 (nearest) to 1 (farthest).
On average, the depth is around 0.60 (with moderate variation, std ≈ 0.22).
Most pixels fall into the **far** depth band (44.9% of the image), while the remaining pixels are split between the other bands.

Depth distribution by band:
  • Near [0.00–0.33]: 11.3% of pixels
  • Mid [0.33–0.67]: 43.7% of pixels
  • Far [0.67–1.00]: 44.9% of pixels"
Post_Impressionism/paul-serusier_the-aqueduct-1905.jpg,"The viewer is likely to associate the following emotions with the image: contentment (probability: 0.48), awe (probability: 0.21).",there is a bridge in the center. there is a tree in the center. there is a river in the bottom. there is a tree in the center,"The main colors are: darkslategray, sienna, dimgray","The depth values span a full normalized range from 0 (nearest) to 1 (farthest).
On average, the depth is around 0.33 (with moderate variation, std ≈ 0.17).
Most pixels fall into the **near** depth band (53.6% of the image), while the remaining pixels are split between the other bands.

Depth distribution by band:
  • Near [0.00–0.33]: 53.6% of pixels
  • Mid [0.33–0.67]: 42.1% of pixels
  • Far [0.67–1.00]: 4.3% of pixels"
Baroque/gian-lorenzo-bernini_st-longinus(1).jpg,"The viewer is likely to associate the following emotions with the image: awe (probability: 0.60), contentment (probability: 0.17).",there is a person in the center. there is a building in the center. there is a spear in the center. there is a pillar in the bottom. there is a archway in the top. there is a pillar in the right. there is a pillar in the left,"The main colors are: silver, darkolivegreen, gray","The depth values span a full normalized range from 0 (nearest) to 1 (farthest).
On average, the depth is around 0.50 (with moderate variation, std ≈ 0.24).
Most pixels fall into the **mid** depth band (43.3% of the image), while the remaining pixels are split between the other bands.

Depth distribution by band:
  • Near [0.00–0.33]: 27.9% of pixels
  • Mid [0.33–0.67]: 43.3% of pixels
  • Far [0.67–1.00]: 28.1% of pixels"
Romanticism/gustave-dore_illustration-for-the-milkmaid-and-the-milk-can.jpg,"The viewer is likely to associate the following emotions with the image: contentment (probability: 0.34), awe (probability: 0.19).",there is a dress in the center,"The main colors are: gray, silver, dimgray","The depth values span a full normalized range from 0 (nearest) to 1 (farthest).
On average, the depth is around 0.58 (with moderate variation, std ≈ 0.36).
Most pixels fall into the **far** depth band (38.9% of the image), while the remaining pixels are split between the other bands.

Depth distribution by band:
  • Near [0.00–0.33]: 30.6% of pixels
  • Mid [0.33–0.67]: 20.3% of pixels
  • Far [0.67–1.00]: 38.9% of pixels"
Minimalism/bruce-nauman_perfect-door-perfect-odor-perfect-rodo-1972.jpg,"The viewer is likely to associate the following emotions with the image: amusement (probability: 0.27), something else (probability: 0.20).",there is a wall in the left. there is a sign in the center. there is a lamp in the center. there is a wire in the bottom left. there is a sign in the left. there is a wire in the bottom. there is a neon light in the top,"The main colors are: dimgray, darkgray, silver","The depth values span a full normalized range from 0 (nearest) to 1 (farthest).
On average, the depth is around 0.60 (with moderate variation, std ≈ 0.10).
Most pixels fall into the **mid** depth band (87.5% of the image), while the remaining pixels are split between the other bands.

Depth distribution by band:
  • Near [0.00–0.33]: 2.3% of pixels
  • Mid [0.33–0.67]: 87.5% of pixels
  • Far [0.67–1.00]: 10.1% of pixels"
Art_Nouveau_Modern/aubrey-beardsley_juvenal-scourging-woman.jpg,"The viewer is likely to associate the following emotions with the image: amusement (probability: 0.28), contentment (probability: 0.16).",there is a woman in the right. there is a lamp in the left. there is a pole in the right. there is a illustration in the center. there is a cartoon in the top. there is a footstall in the right. there is a footstall in the bottom right,"The main colors are: snow, darkgray, darkslategray","The depth values span a full normalized range from 0 (nearest) to 1 (farthest).
On average, the depth is around 0.91 (with moderate variation, std ≈ 0.22).
Most pixels fall into the **far** depth band (34.7% of the image), while the remaining pixels are split between the other bands.

Depth distribution by band:
  • Near [0.00–0.33]: 5.3% of pixels
  • Mid [0.33–0.67]: 4.9% of pixels
  • Far [0.67–1.00]: 34.7% of pixels"
Early_Renaissance/benozzo-gozzoli_st-augustine-departing-for-milan-1465.jpg,"The viewer is likely to associate the following emotions with the image: awe (probability: 0.28), fear (probability: 0.15).",there is a horse in the bottom. there is a tapestry in the center. there is a person in the bottom right. there is a person in the bottom left. there is a person in the bottom. there is a horse in the bottom left. there is a manuscript in the top. there is a person in the bottom left. there is a person in the bottom,"The main colors are: dimgray, darkslategray, darkgray","The depth values span a full normalized range from 0 (nearest) to 1 (farthest).
On average, the depth is around 0.45 (with moderate variation, std ≈ 0.24).
Most pixels fall into the **mid** depth band (42.0% of the image), while the remaining pixels are split between the other bands.

Depth distribution by band:
  • Near [0.00–0.33]: 36.6% of pixels
  • Mid [0.33–0.67]: 42.0% of pixels
  • Far [0.67–1.00]: 21.1% of pixels"
Symbolism/william-blake_the-number-of-the-beast-is-666.jpg,"The viewer is likely to associate the following emotions with the image: awe (probability: 0.38), contentment (probability: 0.14).",there is a angel in the center. there is a angel in the top,"The main colors are: sienna, saddlebrown, peru","The depth values span a full normalized range from 0 (nearest) to 1 (farthest).
On average, the depth is around 0.34 (with moderate variation, std ≈ 0.24).
Most pixels fall into the **near** depth band (54.7% of the image), while the remaining pixels are split between the other bands.

Depth distribution by band:
  • Near [0.00–0.33]: 54.7% of pixels
  • Mid [0.33–0.67]: 33.4% of pixels
  • Far [0.67–1.00]: 11.5% of pixels"
Color_Field_Painting/gene-davis_ice-box-p506-1969.jpg,"The viewer is likely to associate the following emotions with the image: something else (probability: 0.33), contentment (probability: 0.32).",there is a frame in the center,"The main colors are: lightgray, gray, silver","The depth values span a full normalized range from 0 (nearest) to 1 (farthest).
On average, the depth is around 0.82 (with moderate variation, std ≈ 0.11).
Most pixels fall into the **far** depth band (95.5% of the image), while the remaining pixels are split between the other bands.

Depth distribution by band:
  • Near [0.00–0.33]: 1.4% of pixels
  • Mid [0.33–0.67]: 3.1% of pixels
  • Far [0.67–1.00]: 95.5% of pixels"
Symbolism/james-tissot_the-seven-trumpets-of-jericho.jpg,"The viewer is likely to associate the following emotions with the image: awe (probability: 0.30), contentment (probability: 0.18).",there is a woman in the bottom left. there is a woman in the bottom left. there is a artist man in the bottom left,"The main colors are: dimgray, darkgray, gray","The depth values span a full normalized range from 0 (nearest) to 1 (farthest).
On average, the depth is around 0.59 (with moderate variation, std ≈ 0.13).
Most pixels fall into the **mid** depth band (66.7% of the image), while the remaining pixels are split between the other bands.

Depth distribution by band:
  • Near [0.00–0.33]: 3.5% of pixels
  • Mid [0.33–0.67]: 66.7% of pixels
  • Far [0.67–1.00]: 29.8% of pixels"
Romanticism/edwin-henry-landseer_not-detected-274943.jpg,"The viewer is likely to associate the following emotions with the image: fear (probability: 0.28), awe (probability: 0.18).",there is a bird in the left. there is a sky in the center. there is a person in the bottom. there is a bird in the center. there is a sea in the bottom. there is a eagle in the bottom,"The main colors are: darkgray, darkslategray, dimgray","The depth values span a full normalized range from 0 (nearest) to 1 (farthest).
On average, the depth is around 0.44 (with moderate variation, std ≈ 0.22).
Most pixels fall into the **mid** depth band (47.6% of the image), while the remaining pixels are split between the other bands.

Depth distribution by band:
  • Near [0.00–0.33]: 35.1% of pixels
  • Mid [0.33–0.67]: 47.6% of pixels
  • Far [0.67–1.00]: 17.2% of pixels"
Romanticism/paul-cezanne_the-negro-scipio-1867.jpg,"The viewer is likely to associate the following emotions with the image: sadness (probability: 0.38), fear (probability: 0.16).",there is a stool in the bottom. there is a artist in the center. there is a pillow in the center. there is a pillow in the top right,"The main colors are: darkolivegreen, burlywood, black","The depth values span a full normalized range from 0 (nearest) to 1 (farthest).
On average, the depth is around 0.28 (with moderate variation, std ≈ 0.23).
Most pixels fall into the **near** depth band (75.0% of the image), while the remaining pixels are split between the other bands.

Depth distribution by band:
  • Near [0.00–0.33]: 75.0% of pixels
  • Mid [0.33–0.67]: 15.4% of pixels
  • Far [0.67–1.00]: 9.4% of pixels"
Pop_Art/hiro-yamagata_soccer.jpg,"The viewer is likely to associate the following emotions with the image: amusement (probability: 0.44), excitement (probability: 0.19).",there is a ball in the center. there is a poster in the center. there is a man in the left. there is a man in the right,"The main colors are: linen, forestgreen, indianred","The depth values span a full normalized range from 0 (nearest) to 1 (farthest).
On average, the depth is around 0.63 (with moderate variation, std ≈ 0.36).
Most pixels fall into the **far** depth band (44.1% of the image), while the remaining pixels are split between the other bands.

Depth distribution by band:
  • Near [0.00–0.33]: 30.1% of pixels
  • Mid [0.33–0.67]: 17.7% of pixels
  • Far [0.67–1.00]: 44.1% of pixels"
High_Renaissance/andrea-solario_head-of-st-john-the-baptist.jpg,"The viewer is likely to associate the following emotions with the image: awe (probability: 0.19), contentment (probability: 0.17).",there is a eye in the top. there is a head in the top. there is a table in the bottom. there is a face in the center. there is a neckband in the right. there is a gold in the center. there is a eye in the top,"The main colors are: darkslategray, darkolivegreen, wheat","The depth values span a full normalized range from 0 (nearest) to 1 (farthest).
On average, the depth is around 0.25 (with moderate variation, std ≈ 0.16).
Most pixels fall into the **near** depth band (82.5% of the image), while the remaining pixels are split between the other bands.

Depth distribution by band:
  • Near [0.00–0.33]: 82.5% of pixels
  • Mid [0.33–0.67]: 13.7% of pixels
  • Far [0.67–1.00]: 3.8% of pixels"
Symbolism/nicholas-roerich_kangchenjunga-1937-1.jpg,"The viewer is likely to associate the following emotions with the image: awe (probability: 0.43), contentment (probability: 0.38).",there is a sky in the left. there is a mountain in the left. there is a mountain in the bottom left. there is a mountain in the bottom left,"The main colors are: dimgray, lightgray, darkgray","The depth values span a full normalized range from 0 (nearest) to 1 (farthest).
On average, the depth is around 0.58 (with moderate variation, std ≈ 0.19).
Most pixels fall into the **mid** depth band (45.9% of the image), while the remaining pixels are split between the other bands.

Depth distribution by band:
  • Near [0.00–0.33]: 12.3% of pixels
  • Mid [0.33–0.67]: 45.9% of pixels
  • Far [0.67–1.00]: 41.7% of pixels"
Cubism/fernand-leger_dance-1929.jpg,"The viewer is likely to associate the following emotions with the image: contentment (probability: 0.20), awe (probability: 0.15).",there is a woman in the top right. there is a catch in the top. there is a man in the top,"The main colors are: tan, darkslategray, gray","The depth values span a full normalized range from 0 (nearest) to 1 (farthest).
On average, the depth is around 0.56 (with moderate variation, std ≈ 0.25).
Most pixels fall into the **far** depth band (43.5% of the image), while the remaining pixels are split between the other bands.

Depth distribution by band:
  • Near [0.00–0.33]: 22.2% of pixels
  • Mid [0.33–0.67]: 34.3% of pixels
  • Far [0.67–1.00]: 43.5% of pixels"
Realism/antã³nio-de-carvalho-da-silva-porto_t-te-de-jeune-fille.jpg,"The viewer is likely to associate the following emotions with the image: contentment (probability: 0.28), sadness (probability: 0.23).",there is a artist in the top. there is a headscarf in the top,"The main colors are: silver, darkolivegreen, gray","The depth values span a full normalized range from 0 (nearest) to 1 (farthest).
On average, the depth is around 0.49 (with moderate variation, std ≈ 0.23).
Most pixels fall into the **mid** depth band (37.9% of the image), while the remaining pixels are split between the other bands.

Depth distribution by band:
  • Near [0.00–0.33]: 31.9% of pixels
  • Mid [0.33–0.67]: 37.9% of pixels
  • Far [0.67–1.00]: 30.2% of pixels"
Realism/pyotr-konchalovsky_still-life-meat-and-poultry-1936.jpg,"The viewer is likely to associate the following emotions with the image: fear (probability: 0.25), disgust (probability: 0.15).",there is a pot in the bottom left. there is a table in the bottom. there is a chicken in the bottom. there is a animal chicken in the bottom. there is a bird in the center. there is a food in the bottom left. there is a wood wall in the center. there is a bird in the bottom. there is a meat in the bottom. there is a hook in the top left. there is a hen in the left. there is a animal chicken in the left. there is a hook in the top left. there is a cock in the bottom left,"The main colors are: black, darkkhaki, saddlebrown","The depth values span a full normalized range from 0 (nearest) to 1 (farthest).
On average, the depth is around 0.32 (with moderate variation, std ≈ 0.23).
Most pixels fall into the **near** depth band (57.5% of the image), while the remaining pixels are split between the other bands.

Depth distribution by band:
  • Near [0.00–0.33]: 57.5% of pixels
  • Mid [0.33–0.67]: 33.2% of pixels
  • Far [0.67–1.00]: 9.3% of pixels"
Symbolism/leon-spilliaert_self-portrait-in-mirror-1908.jpg,"The viewer is likely to associate the following emotions with the image: sadness (probability: 0.24), fear (probability: 0.22).",there is a man in the bottom. there is a chair in the left. there is a stool in the bottom right. there is a portrait in the center,"The main colors are: darkslategray, rosybrown, darkolivegreen","The depth values span a full normalized range from 0 (nearest) to 1 (farthest).
On average, the depth is around 0.31 (with moderate variation, std ≈ 0.17).
Most pixels fall into the **near** depth band (62.4% of the image), while the remaining pixels are split between the other bands.

Depth distribution by band:
  • Near [0.00–0.33]: 62.4% of pixels
  • Mid [0.33–0.67]: 32.2% of pixels
  • Far [0.67–1.00]: 5.4% of pixels"
Realism/ivan-kramskoy_the-painting-of-the-main-dome-of-the-temple-of-christ-the-savior-in-moscow-1865.jpg,"The viewer is likely to associate the following emotions with the image: awe (probability: 0.73), contentment (probability: 0.14).",there is a church in the center. there is a angel in the center. there is a angel in the center. there is a ceiling in the top,"The main colors are: gainsboro, saddlebrown, darkkhaki","The depth values span a full normalized range from 0 (nearest) to 1 (farthest).
On average, the depth is around 0.49 (with moderate variation, std ≈ 0.28).
Most pixels fall into the **mid** depth band (43.5% of the image), while the remaining pixels are split between the other bands.

Depth distribution by band:
  • Near [0.00–0.33]: 30.9% of pixels
  • Mid [0.33–0.67]: 43.5% of pixels
  • Far [0.67–1.00]: 22.1% of pixels"
Realism/thomas-eakins_study-for-taking-the-count-1898.jpg,"The viewer is likely to associate the following emotions with the image: contentment (probability: 0.24), sadness (probability: 0.19).",there is a man in the center. there is a person man in the left. there is a doorway in the center. there is a person in the right. there is a floor in the bottom,"The main colors are: saddlebrown, sienna, darkslategray","The depth values span a full normalized range from 0 (nearest) to 1 (farthest).
On average, the depth is around 0.27 (with moderate variation, std ≈ 0.18).
Most pixels fall into the **near** depth band (64.1% of the image), while the remaining pixels are split between the other bands.

Depth distribution by band:
  • Near [0.00–0.33]: 64.1% of pixels
  • Mid [0.33–0.67]: 33.6% of pixels
  • Far [0.67–1.00]: 2.2% of pixels"
Baroque/annibale-carracci_the-butcher-s-shop.jpg,"The viewer is likely to associate the following emotions with the image: sadness (probability: 0.26), awe (probability: 0.15).",there is a man painter in the center. there is a apron in the bottom. there is a tool in the center. there is a butcher man painter in the center. there is a animal in the right. there is a apron in the bottom. there is a meat in the top,"The main colors are: darkslategray, dimgray, darkgray","The depth values span a full normalized range from 0 (nearest) to 1 (farthest).
On average, the depth is around 0.35 (with moderate variation, std ≈ 0.22).
Most pixels fall into the **near** depth band (51.9% of the image), while the remaining pixels are split between the other bands.

Depth distribution by band:
  • Near [0.00–0.33]: 51.9% of pixels
  • Mid [0.33–0.67]: 37.8% of pixels
  • Far [0.67–1.00]: 10.3% of pixels"
Mannerism_Late_Renaissance/jacopo-pontormo_st-matthew-the-evangelist.jpg,"The viewer is likely to associate the following emotions with the image: contentment (probability: 0.22), awe (probability: 0.20).",there is a woman in the center. there is a angel in the bottom. there is a baby in the bottom. there is a child in the bottom,"The main colors are: honeydew, darkslategray, sienna","The depth values span a full normalized range from 0 (nearest) to 1 (farthest).
On average, the depth is around 0.45 (with moderate variation, std ≈ 0.33).
Most pixels fall into the **near** depth band (50.4% of the image), while the remaining pixels are split between the other bands.

Depth distribution by band:
  • Near [0.00–0.33]: 50.4% of pixels
  • Mid [0.33–0.67]: 21.9% of pixels
  • Far [0.67–1.00]: 27.4% of pixels"
Symbolism/william-blake_the-parable-of-the-wise-and-foolish-virgins-1822.jpg,"The viewer is likely to associate the following emotions with the image: awe (probability: 0.34), fear (probability: 0.28).",there is a artist in the center. there is a painter in the right. there is a woman in the left. there is a woman in the left. there is a woman in the left,"The main colors are: gray, silver, darkolivegreen","The depth values span a full normalized range from 0 (nearest) to 1 (farthest).
On average, the depth is around 0.51 (with moderate variation, std ≈ 0.22).
Most pixels fall into the **mid** depth band (44.8% of the image), while the remaining pixels are split between the other bands.

Depth distribution by band:
  • Near [0.00–0.33]: 26.3% of pixels
  • Mid [0.33–0.67]: 44.8% of pixels
  • Far [0.67–1.00]: 28.8% of pixels"
Romanticism/pavel-svinyin_at-the-plantation.jpg,"The viewer is likely to associate the following emotions with the image: contentment (probability: 0.28), awe (probability: 0.20).",there is a woman in the bottom left. there is a man in the bottom left. there is a man in the left. there is a bonfire in the bottom. there is a illustration in the left. there is a spear in the bottom left,"The main colors are: gainsboro, gray, darkgray","The depth values span a full normalized range from 0 (nearest) to 1 (farthest).
On average, the depth is around 0.63 (with moderate variation, std ≈ 0.21).
Most pixels fall into the **far** depth band (47.6% of the image), while the remaining pixels are split between the other bands.

Depth distribution by band:
  • Near [0.00–0.33]: 9.4% of pixels
  • Mid [0.33–0.67]: 42.2% of pixels
  • Far [0.67–1.00]: 47.6% of pixels"
Pop_Art/hiro-yamagata_snowfire-1986.jpg,"The viewer is likely to associate the following emotions with the image: awe (probability: 0.29), excitement (probability: 0.20).",there is a sky in the top. there is a ski slope in the bottom. there is a building in the bottom left. there is a building in the center. there is a sleigh in the bottom left. there is a sleigh in the bottom. there is a skier in the bottom. there is a building in the bottom left,"The main colors are: gray, dimgray, gainsboro","The depth values span a full normalized range from 0 (nearest) to 1 (farthest).
On average, the depth is around 0.52 (with moderate variation, std ≈ 0.24).
Most pixels fall into the **mid** depth band (45.2% of the image), while the remaining pixels are split between the other bands.

Depth distribution by band:
  • Near [0.00–0.33]: 26.4% of pixels
  • Mid [0.33–0.67]: 45.2% of pixels
  • Far [0.67–1.00]: 28.2% of pixels"
Cubism/franz-marc_deer-in-a-monastery-garden-1912.jpg,"The viewer is likely to associate the following emotions with the image: excitement (probability: 0.27), amusement (probability: 0.19).",there is a art in the center,"The main colors are: darkslategray, darkkhaki, darkolivegreen","The depth values span a full normalized range from 0 (nearest) to 1 (farthest).
On average, the depth is around 0.31 (with moderate variation, std ≈ 0.19).
Most pixels fall into the **near** depth band (64.1% of the image), while the remaining pixels are split between the other bands.

Depth distribution by band:
  • Near [0.00–0.33]: 64.1% of pixels
  • Mid [0.33–0.67]: 28.7% of pixels
  • Far [0.67–1.00]: 7.3% of pixels"
Northern_Renaissance/hieronymus-bosch_the-garden-of-earthly-delights-4.jpg,"The viewer is likely to associate the following emotions with the image: awe (probability: 0.45), contentment (probability: 0.14).",there is a frame in the center. there is a picture picture frame in the left. there is a picture picture frame in the right,"The main colors are: silver, black, dimgray","The depth values span a full normalized range from 0 (nearest) to 1 (farthest).
On average, the depth is around 0.37 (with moderate variation, std ≈ 0.29).
Most pixels fall into the **near** depth band (55.3% of the image), while the remaining pixels are split between the other bands.

Depth distribution by band:
  • Near [0.00–0.33]: 55.3% of pixels
  • Mid [0.33–0.67]: 23.8% of pixels
  • Far [0.67–1.00]: 20.8% of pixels"
Art_Nouveau_Modern/ferdinand-hodler_valentine-gode-darel-in-hospital-bed-1914.jpg,"The viewer is likely to associate the following emotions with the image: contentment (probability: 0.32), awe (probability: 0.15).",there is a woman in the left. there is a bed in the bottom. there is a bed in the center,"The main colors are: lightgray, dimgray, darkgray","The depth values span a full normalized range from 0 (nearest) to 1 (farthest).
On average, the depth is around 0.74 (with moderate variation, std ≈ 0.16).
Most pixels fall into the **far** depth band (78.2% of the image), while the remaining pixels are split between the other bands.

Depth distribution by band:
  • Near [0.00–0.33]: 4.2% of pixels
  • Mid [0.33–0.67]: 17.6% of pixels
  • Far [0.67–1.00]: 78.2% of pixels"
Romanticism/jan-matejko_armenian-cathedral.jpg,"The viewer is likely to associate the following emotions with the image: awe (probability: 0.44), contentment (probability: 0.27).",there is a building in the center. there is a illustration in the top left. there is a pillar in the top. there is a pillar in the top right. there is a tower in the top. there is a pillar in the left. there is a spire in the top,"The main colors are: gainsboro, dimgray, darkgray","The depth values span a full normalized range from 0 (nearest) to 1 (farthest).
On average, the depth is around 0.70 (with moderate variation, std ≈ 0.27).
Most pixels fall into the **far** depth band (60.5% of the image), while the remaining pixels are split between the other bands.

Depth distribution by band:
  • Near [0.00–0.33]: 15.4% of pixels
  • Mid [0.33–0.67]: 22.4% of pixels
  • Far [0.67–1.00]: 60.5% of pixels"
Romanticism/viktor-vasnetsov_jesters-1885.jpg,"The viewer is likely to associate the following emotions with the image: amusement (probability: 0.36), contentment (probability: 0.20).",there is a man in the left. there is a man in the center,"The main colors are: dimgray, wheat, sandybrown","The depth values span a full normalized range from 0 (nearest) to 1 (farthest).
On average, the depth is around 0.74 (with moderate variation, std ≈ 0.19).
Most pixels fall into the **far** depth band (70.6% of the image), while the remaining pixels are split between the other bands.

Depth distribution by band:
  • Near [0.00–0.33]: 4.5% of pixels
  • Mid [0.33–0.67]: 22.8% of pixels
  • Far [0.67–1.00]: 70.6% of pixels"
Symbolism/mikalojus-ciurlionis_news-1905.jpg,"The viewer is likely to associate the following emotions with the image: awe (probability: 0.35), contentment (probability: 0.21).",there is a mountain in the center. there is a mountain in the bottom. there is a fly in the top,"The main colors are: darkkhaki, darkslategray, dimgray","The depth values span a full normalized range from 0 (nearest) to 1 (farthest).
On average, the depth is around 0.45 (with moderate variation, std ≈ 0.22).
Most pixels fall into the **mid** depth band (47.4% of the image), while the remaining pixels are split between the other bands.

Depth distribution by band:
  • Near [0.00–0.33]: 32.4% of pixels
  • Mid [0.33–0.67]: 47.4% of pixels
  • Far [0.67–1.00]: 20.2% of pixels"
Realism/sergey-solomko_by-the-fence.jpg,"The viewer is likely to associate the following emotions with the image: contentment (probability: 0.46), awe (probability: 0.15).",there is a person woman in the top right. there is a man in the center. there is a balustrade in the top right. there is a balustrade fence in the center,"The main colors are: darkolivegreen, silver, dimgray","The depth values span a full normalized range from 0 (nearest) to 1 (farthest).
On average, the depth is around 0.40 (with moderate variation, std ≈ 0.26).
Most pixels fall into the **near** depth band (48.4% of the image), while the remaining pixels are split between the other bands.

Depth distribution by band:
  • Near [0.00–0.33]: 48.4% of pixels
  • Mid [0.33–0.67]: 32.9% of pixels
  • Far [0.67–1.00]: 17.1% of pixels"
Pop_Art/andy-warhol_dollar-sign.jpg,"The viewer is likely to associate the following emotions with the image: amusement (probability: 0.25), excitement (probability: 0.21).",there is a art in the center,"The main colors are: darkgray, mediumturquoise, indianred","The depth values span a full normalized range from 0 (nearest) to 1 (farthest).
On average, the depth is around 0.55 (with moderate variation, std ≈ 0.23).
Most pixels fall into the **far** depth band (46.5% of the image), while the remaining pixels are split between the other bands.

Depth distribution by band:
  • Near [0.00–0.33]: 32.0% of pixels
  • Mid [0.33–0.67]: 21.4% of pixels
  • Far [0.67–1.00]: 46.5% of pixels"
Northern_Renaissance/pieter-bruegel-the-elder_walls-towers-and-gates-of-amsterdam.jpg,"The viewer is likely to associate the following emotions with the image: contentment (probability: 0.29), awe (probability: 0.23).",there is a castle in the left. there is a water in the bottom left. there is a tower in the center,"The main colors are: silver, tan, gainsboro","The depth values span a full normalized range from 0 (nearest) to 1 (farthest).
On average, the depth is around 0.80 (with moderate variation, std ≈ 0.10).
Most pixels fall into the **far** depth band (90.9% of the image), while the remaining pixels are split between the other bands.

Depth distribution by band:
  • Near [0.00–0.33]: 0.3% of pixels
  • Mid [0.33–0.67]: 8.8% of pixels
  • Far [0.67–1.00]: 90.9% of pixels"
Minimalism/sean-scully_untitled-no-6-1979.jpg,"The viewer is likely to associate the following emotions with the image: something else (probability: 0.36), sadness (probability: 0.18).",there is a stool in the center,The main colors are: darkslategray,"The depth values span a full normalized range from 0 (nearest) to 1 (farthest).
On average, the depth is around 0.44 (with moderate variation, std ≈ 0.21).
Most pixels fall into the **near** depth band (39.2% of the image), while the remaining pixels are split between the other bands.

Depth distribution by band:
  • Near [0.00–0.33]: 39.2% of pixels
  • Mid [0.33–0.67]: 39.0% of pixels
  • Far [0.67–1.00]: 21.8% of pixels"
Symbolism/alfred-kubin_black-mass-1905.jpg,"The viewer is likely to associate the following emotions with the image: fear (probability: 0.37), sadness (probability: 0.21).",there is a charcoal choir in the bottom. there is a person man in the bottom left,"The main colors are: gray, darkolivegreen, black","The depth values span a full normalized range from 0 (nearest) to 1 (farthest).
On average, the depth is around 0.32 (with moderate variation, std ≈ 0.17).
Most pixels fall into the **near** depth band (56.8% of the image), while the remaining pixels are split between the other bands.

Depth distribution by band:
  • Near [0.00–0.33]: 56.8% of pixels
  • Mid [0.33–0.67]: 41.1% of pixels
  • Far [0.67–1.00]: 2.1% of pixels"
Symbolism/odilon-redon_stained-glass-window-the-mysterious-garden.jpg,"The viewer is likely to associate the following emotions with the image: awe (probability: 0.45), contentment (probability: 0.21).",there is a doorway in the center. there is a window in the right,"The main colors are: darkslategray, gray, dimgray","The depth values span a full normalized range from 0 (nearest) to 1 (farthest).
On average, the depth is around 0.32 (with moderate variation, std ≈ 0.22).
Most pixels fall into the **near** depth band (57.0% of the image), while the remaining pixels are split between the other bands.

Depth distribution by band:
  • Near [0.00–0.33]: 57.0% of pixels
  • Mid [0.33–0.67]: 34.4% of pixels
  • Far [0.67–1.00]: 8.6% of pixels"
Art_Nouveau_Modern/raphael-kirchner_to-love.jpg,"The viewer is likely to associate the following emotions with the image: amusement (probability: 0.33), contentment (probability: 0.18).",there is a heart in the right. there is a man in the top right. there is a heart in the right. there is a illustration in the top,"The main colors are: tan, beige, darkolivegreen","The depth values span a full normalized range from 0 (nearest) to 1 (farthest).
On average, the depth is around 0.87 (with moderate variation, std ≈ 0.19).
Most pixels fall into the **far** depth band (81.5% of the image), while the remaining pixels are split between the other bands.

Depth distribution by band:
  • Near [0.00–0.33]: 3.9% of pixels
  • Mid [0.33–0.67]: 6.3% of pixels
  • Far [0.67–1.00]: 81.5% of pixels"
Abstract_Expressionism/esteban-vicente_faraway-1970.jpg,"The viewer is likely to associate the following emotions with the image: fear (probability: 0.32), sadness (probability: 0.25).",there is a image in the center. there is a boat in the bottom,"The main colors are: darkslategray, gray","The depth values span a full normalized range from 0 (nearest) to 1 (farthest).
On average, the depth is around 0.24 (with moderate variation, std ≈ 0.13).
Most pixels fall into the **near** depth band (81.7% of the image), while the remaining pixels are split between the other bands.

Depth distribution by band:
  • Near [0.00–0.33]: 81.7% of pixels
  • Mid [0.33–0.67]: 16.2% of pixels
  • Far [0.67–1.00]: 2.1% of pixels"
Symbolism/james-tissot_jacob-mourns-his-son-joseph.jpg,"The viewer is likely to associate the following emotions with the image: sadness (probability: 0.43), awe (probability: 0.15).",there is a person man in the right. there is a person in the left. there is a floor in the bottom,"The main colors are: darkolivegreen, gray, silver","The depth values span a full normalized range from 0 (nearest) to 1 (farthest).
On average, the depth is around 0.47 (with moderate variation, std ≈ 0.19).
Most pixels fall into the **mid** depth band (57.0% of the image), while the remaining pixels are split between the other bands.

Depth distribution by band:
  • Near [0.00–0.33]: 26.7% of pixels
  • Mid [0.33–0.67]: 57.0% of pixels
  • Far [0.67–1.00]: 16.3% of pixels"
Romanticism/constantin-daniel-rosenthal_vanitas-1848.jpg,"The viewer is likely to associate the following emotions with the image: awe (probability: 0.18), fear (probability: 0.17).",there is a magnifying glass in the center. there is a animal in the center. there is a skull in the center. there is a pipe tobacco pipe in the right. there is a table in the center. there is a figurine skeleton in the right. there is a artifact toy in the left. there is a pipe skeleton tobacco pipe in the right. there is a artifact in the top left,"The main colors are: saddlebrown, darkslategray, darkkhaki","The depth values span a full normalized range from 0 (nearest) to 1 (farthest).
On average, the depth is around 0.25 (with moderate variation, std ≈ 0.19).
Most pixels fall into the **near** depth band (77.6% of the image), while the remaining pixels are split between the other bands.

Depth distribution by band:
  • Near [0.00–0.33]: 77.6% of pixels
  • Mid [0.33–0.67]: 17.1% of pixels
  • Far [0.67–1.00]: 5.1% of pixels"
Northern_Renaissance/lucas-cranach-the-elder_salome-with-the-head-of-st-john-the-baptist.jpg,"The viewer is likely to associate the following emotions with the image: amusement (probability: 0.29), awe (probability: 0.15).",there is a platter in the top. there is a dress in the center. there is a doll in the top,"The main colors are: tan, black, sienna","The depth values span a full normalized range from 0 (nearest) to 1 (farthest).
On average, the depth is around 0.23 (with moderate variation, std ≈ 0.25).
Most pixels fall into the **near** depth band (75.0% of the image), while the remaining pixels are split between the other bands.

Depth distribution by band:
  • Near [0.00–0.33]: 75.0% of pixels
  • Mid [0.33–0.67]: 14.9% of pixels
  • Far [0.67–1.00]: 10.1% of pixels"
Realism/vasily-polenov_beirut-1882-1.jpg,"The viewer is likely to associate the following emotions with the image: contentment (probability: 0.48), awe (probability: 0.15).",there is a boat in the bottom left. there is a person in the bottom. there is a person in the bottom. there is a house in the left. there is a beach in the bottom. there is a boat in the bottom. there is a house in the center. there is a boat in the bottom left. there is a stand stilt in the bottom left. there is a house in the left. there is a sea in the bottom,"The main colors are: silver, darkolivegreen, gray","The depth values span a full normalized range from 0 (nearest) to 1 (farthest).
On average, the depth is around 0.57 (with moderate variation, std ≈ 0.22).
Most pixels fall into the **far** depth band (48.3% of the image), while the remaining pixels are split between the other bands.

Depth distribution by band:
  • Near [0.00–0.33]: 19.9% of pixels
  • Mid [0.33–0.67]: 31.8% of pixels
  • Far [0.67–1.00]: 48.3% of pixels"
Rococo/william-hogarth_caliban-from-the-tempest-of-william-shakespeare.jpg,"The viewer is likely to associate the following emotions with the image: awe (probability: 0.21), contentment (probability: 0.16).",there is a artist in the top,"The main colors are: indianred, darkolivegreen, sienna","The depth values span a full normalized range from 0 (nearest) to 1 (farthest).
On average, the depth is around 0.31 (with moderate variation, std ≈ 0.17).
Most pixels fall into the **near** depth band (59.1% of the image), while the remaining pixels are split between the other bands.

Depth distribution by band:
  • Near [0.00–0.33]: 59.1% of pixels
  • Mid [0.33–0.67]: 37.0% of pixels
  • Far [0.67–1.00]: 3.9% of pixels"
Romanticism/edward-burne-jones_arthur-in-avalon.jpg,"The viewer is likely to associate the following emotions with the image: awe (probability: 0.41), contentment (probability: 0.15).",there is a woman in the left. there is a canopy in the top. there is a woman in the right. there is a artist in the left. there is a painter in the right. there is a woman in the right. there is a person in the center. there is a person in the right,"The main colors are: darkslategray, peru, sienna","The depth values span a full normalized range from 0 (nearest) to 1 (farthest).
On average, the depth is around 0.31 (with moderate variation, std ≈ 0.25).
Most pixels fall into the **near** depth band (65.8% of the image), while the remaining pixels are split between the other bands.

Depth distribution by band:
  • Near [0.00–0.33]: 65.8% of pixels
  • Mid [0.33–0.67]: 21.8% of pixels
  • Far [0.67–1.00]: 11.0% of pixels"
Color_Field_Painting/theodoros-stamos_infinity-field-t-series-34-1990.jpg,"The viewer is likely to associate the following emotions with the image: something else (probability: 0.26), contentment (probability: 0.17).","there is a draw, drawing, writing in the top. there is a draw, drawing, writing in the center. there is a draw, drawing, writing in the center",The main colors are: sienna,"The depth values span a full normalized range from 0 (nearest) to 1 (farthest).
On average, the depth is around 0.46 (with moderate variation, std ≈ 0.25).
Most pixels fall into the **near** depth band (37.6% of the image), while the remaining pixels are split between the other bands.

Depth distribution by band:
  • Near [0.00–0.33]: 37.6% of pixels
  • Mid [0.33–0.67]: 30.0% of pixels
  • Far [0.67–1.00]: 32.4% of pixels"
Realism/john-lewis-krimmel_the-village-tavern.jpg,"The viewer is likely to associate the following emotions with the image: fear (probability: 0.15), amusement (probability: 0.14).",there is a table in the bottom. there is a stool in the bottom. there is a person man in the bottom. there is a tavern in the left. there is a person in the left. there is a poster in the top left. there is a man in the center. there is a person man in the bottom left,"The main colors are: darkslategray, darkgray, dimgray","The depth values span a full normalized range from 0 (nearest) to 1 (farthest).
On average, the depth is around 0.38 (with moderate variation, std ≈ 0.25).
Most pixels fall into the **near** depth band (53.7% of the image), while the remaining pixels are split between the other bands.

Depth distribution by band:
  • Near [0.00–0.33]: 53.7% of pixels
  • Mid [0.33–0.67]: 30.5% of pixels
  • Far [0.67–1.00]: 15.5% of pixels"
Symbolism/harry-clarke_tales-of-mystery-and-imagination-by-edgar-allan-poe-1923-15.jpg,"The viewer is likely to associate the following emotions with the image: fear (probability: 0.22), awe (probability: 0.20).",there is a clock in the top left. there is a skeleton in the right. there is a illustration in the center. there is a clock in the top left,"The main colors are: dimgray, wheat, darkslategray","The depth values span a full normalized range from 0 (nearest) to 1 (farthest).
On average, the depth is around 0.36 (with moderate variation, std ≈ 0.31).
Most pixels fall into the **near** depth band (65.4% of the image), while the remaining pixels are split between the other bands.

Depth distribution by band:
  • Near [0.00–0.33]: 65.4% of pixels
  • Mid [0.33–0.67]: 11.3% of pixels
  • Far [0.67–1.00]: 22.8% of pixels"
Pop_Art/aldo-mondino_iniziazione-1969.jpg,"The viewer is likely to associate the following emotions with the image: amusement (probability: 0.25), something else (probability: 0.16).",there is a floor in the center. there is a sculpture in the center. there is a bronze statue in the top. there is a footstall in the center,"The main colors are: darkgray, darkslategray, gray","The depth values span a full normalized range from 0 (nearest) to 1 (farthest).
On average, the depth is around 0.54 (with moderate variation, std ≈ 0.16).
Most pixels fall into the **mid** depth band (70.0% of the image), while the remaining pixels are split between the other bands.

Depth distribution by band:
  • Near [0.00–0.33]: 10.1% of pixels
  • Mid [0.33–0.67]: 70.0% of pixels
  • Far [0.67–1.00]: 19.9% of pixels"
Realism/vasily-surikov_shooting-cossack-1893.jpg,"The viewer is likely to associate the following emotions with the image: contentment (probability: 0.25), sadness (probability: 0.24).",there is a gun in the bottom. there is a person in the left,"The main colors are: indianred, lightgray, darkolivegreen","The depth values span a full normalized range from 0 (nearest) to 1 (farthest).
On average, the depth is around 0.68 (with moderate variation, std ≈ 0.22).
Most pixels fall into the **far** depth band (66.5% of the image), while the remaining pixels are split between the other bands.

Depth distribution by band:
  • Near [0.00–0.33]: 11.0% of pixels
  • Mid [0.33–0.67]: 22.5% of pixels
  • Far [0.67–1.00]: 66.5% of pixels"
Symbolism/konstantin-bogaevsky_memories-of-mantegna-1910.jpg,"The viewer is likely to associate the following emotions with the image: awe (probability: 0.34), fear (probability: 0.17).",there is a water in the bottom left. there is a art in the left. there is a art in the bottom left. there is a person in the bottom. there is a person in the bottom,"The main colors are: dimgray, gray, darkslategray","The depth values span a full normalized range from 0 (nearest) to 1 (farthest).
On average, the depth is around 0.32 (with moderate variation, std ≈ 0.16).
Most pixels fall into the **near** depth band (60.6% of the image), while the remaining pixels are split between the other bands.

Depth distribution by band:
  • Near [0.00–0.33]: 60.6% of pixels
  • Mid [0.33–0.67]: 36.2% of pixels
  • Far [0.67–1.00]: 3.3% of pixels"
Symbolism/lovis-corinth_witches-1897.jpg,"The viewer is likely to associate the following emotions with the image: awe (probability: 0.26), contentment (probability: 0.17).",there is a barrel in the bottom. there is a artist man in the left. there is a woman in the left. there is a cloth clothclothes in the center. there is a cloth cloth underclothes in the bottom left. there is a person woman in the center. there is a robe in the right,"The main colors are: dimgray, darkgray, black","The depth values span a full normalized range from 0 (nearest) to 1 (farthest).
On average, the depth is around 0.30 (with moderate variation, std ≈ 0.24).
Most pixels fall into the **near** depth band (63.7% of the image), while the remaining pixels are split between the other bands.

Depth distribution by band:
  • Near [0.00–0.33]: 63.7% of pixels
  • Mid [0.33–0.67]: 26.3% of pixels
  • Far [0.67–1.00]: 10.0% of pixels"
Cubism/pablo-picasso_mediterranean-landscape-1952.jpg,"The viewer is likely to associate the following emotions with the image: excitement (probability: 0.33), amusement (probability: 0.30).",there is a palm tree in the center. there is a boat in the center. there is a building in the left. there is a house in the left,"The main colors are: darkslategray, darkkhaki, darkslateblue","The depth values span a full normalized range from 0 (nearest) to 1 (farthest).
On average, the depth is around 0.31 (with moderate variation, std ≈ 0.29).
Most pixels fall into the **near** depth band (61.0% of the image), while the remaining pixels are split between the other bands.

Depth distribution by band:
  • Near [0.00–0.33]: 61.0% of pixels
  • Mid [0.33–0.67]: 20.7% of pixels
  • Far [0.67–1.00]: 18.1% of pixels"
Pop_Art/burhan-dogancay_walls-v-6-1969.jpg,"The viewer is likely to associate the following emotions with the image: amusement (probability: 0.19), excitement (probability: 0.18).",there is a sky in the center. there is a sea in the bottom,"The main colors are: crimson, deepskyblue, indianred","The depth values span a full normalized range from 0 (nearest) to 1 (farthest).
On average, the depth is around 0.44 (with moderate variation, std ≈ 0.38).
Most pixels fall into the **near** depth band (54.4% of the image), while the remaining pixels are split between the other bands.

Depth distribution by band:
  • Near [0.00–0.33]: 54.4% of pixels
  • Mid [0.33–0.67]: 5.5% of pixels
  • Far [0.67–1.00]: 37.2% of pixels"
Realism/mihaly-munkacsy_paris-interior-1877.jpg,"The viewer is likely to associate the following emotions with the image: contentment (probability: 0.26), sadness (probability: 0.20).",there is a table in the bottom left. there is a woman in the bottom left. there is a carpet in the bottom left. there is a doll in the bottom. there is a room in the center. there is a carpet in the bottom. there is a tapestry in the bottom left,"The main colors are: black, rosybrown, darkolivegreen","The depth values span a full normalized range from 0 (nearest) to 1 (farthest).
On average, the depth is around 0.21 (with moderate variation, std ≈ 0.17).
Most pixels fall into the **near** depth band (80.8% of the image), while the remaining pixels are split between the other bands.

Depth distribution by band:
  • Near [0.00–0.33]: 80.8% of pixels
  • Mid [0.33–0.67]: 15.9% of pixels
  • Far [0.67–1.00]: 3.3% of pixels"
High_Renaissance/vittore-carpaccio_the-triumph-of-st-george-1502.jpg,"The viewer is likely to associate the following emotions with the image: awe (probability: 0.31), contentment (probability: 0.16).",there is a building in the left. there is a man in the bottom left. there is a person in the bottom left. there is a horseback in the bottom left. there is a person in the bottom,"The main colors are: indianred, bisque, tan","The depth values span a full normalized range from 0 (nearest) to 1 (farthest).
On average, the depth is around 0.75 (with moderate variation, std ≈ 0.22).
Most pixels fall into the **far** depth band (69.6% of the image), while the remaining pixels are split between the other bands.

Depth distribution by band:
  • Near [0.00–0.33]: 6.4% of pixels
  • Mid [0.33–0.67]: 20.3% of pixels
  • Far [0.67–1.00]: 69.6% of pixels"
High_Renaissance/giorgione_musical-instruments-music-1510(1).jpg,"The viewer is likely to associate the following emotions with the image: something else (probability: 0.19), amusement (probability: 0.17).",there is a table in the center,"The main colors are: darkolivegreen, tan, gray","The depth values span a full normalized range from 0 (nearest) to 1 (farthest).
On average, the depth is around 0.51 (with moderate variation, std ≈ 0.22).
Most pixels fall into the **mid** depth band (45.5% of the image), while the remaining pixels are split between the other bands.

Depth distribution by band:
  • Near [0.00–0.33]: 27.3% of pixels
  • Mid [0.33–0.67]: 45.5% of pixels
  • Far [0.67–1.00]: 27.2% of pixels"
Color_Field_Painting/paul-reed_upstart-18f-1965.jpg,"The viewer is likely to associate the following emotions with the image: contentment (probability: 0.17), something else (probability: 0.16).",there is a black color in the center. there is a doorway in the center,"The main colors are: darkslategray, darkcyan, indianred","The depth values span a full normalized range from 0 (nearest) to 1 (farthest).
On average, the depth is around 0.31 (with moderate variation, std ≈ 0.26).
Most pixels fall into the **near** depth band (67.3% of the image), while the remaining pixels are split between the other bands.

Depth distribution by band:
  • Near [0.00–0.33]: 67.3% of pixels
  • Mid [0.33–0.67]: 20.0% of pixels
  • Far [0.67–1.00]: 10.3% of pixels"
Post_Impressionism/maurice-denis_the-road-to-calvary.jpg,"The viewer is likely to associate the following emotions with the image: fear (probability: 0.21), awe (probability: 0.18).",there is a person in the center. there is a sky in the top,"The main colors are: dimgray, darkgray, black","The depth values span a full normalized range from 0 (nearest) to 1 (farthest).
On average, the depth is around 0.26 (with moderate variation, std ≈ 0.26).
Most pixels fall into the **near** depth band (63.8% of the image), while the remaining pixels are split between the other bands.

Depth distribution by band:
  • Near [0.00–0.33]: 63.8% of pixels
  • Mid [0.33–0.67]: 27.8% of pixels
  • Far [0.67–1.00]: 8.1% of pixels"
Art_Nouveau_Modern/heorhiy-narbut_cover-for-the-book-the-russian-red-cross-1867-1917-1917.jpg,"The viewer is likely to associate the following emotions with the image: amusement (probability: 0.22), something else (probability: 0.20).",there is a poster in the center. there is a sign in the right. there is a cross in the top left. there is a cross in the top right. there is a cross in the right,"The main colors are: sienna, silver, black","The depth values span a full normalized range from 0 (nearest) to 1 (farthest).
On average, the depth is around 0.55 (with moderate variation, std ≈ 0.29).
Most pixels fall into the **far** depth band (57.2% of the image), while the remaining pixels are split between the other bands.

Depth distribution by band:
  • Near [0.00–0.33]: 30.8% of pixels
  • Mid [0.33–0.67]: 12.0% of pixels
  • Far [0.67–1.00]: 57.2% of pixels"
Post_Impressionism/periklis-vyzantios_boats-hydra.jpg,"The viewer is likely to associate the following emotions with the image: contentment (probability: 0.28), awe (probability: 0.17).",there is a oil painting in the center. there is a person in the left. there is a person in the center. there is a water in the bottom. there is a boat in the bottom. there is a boat in the bottom. there is a person in the right,"The main colors are: rosybrown, dimgray, darkslategray","The depth values span a full normalized range from 0 (nearest) to 1 (farthest).
On average, the depth is around 0.48 (with moderate variation, std ≈ 0.20).
Most pixels fall into the **mid** depth band (54.4% of the image), while the remaining pixels are split between the other bands.

Depth distribution by band:
  • Near [0.00–0.33]: 25.4% of pixels
  • Mid [0.33–0.67]: 54.4% of pixels
  • Far [0.67–1.00]: 20.2% of pixels"
Romanticism/ford-madox-brown_the-irish-girl-1860.jpg,"The viewer is likely to associate the following emotions with the image: contentment (probability: 0.26), awe (probability: 0.17).",there is a hair in the center. there is a flower in the bottom. there is a robe shirt in the bottom. there is a flower in the bottom,"The main colors are: maroon, black, rosybrown","The depth values span a full normalized range from 0 (nearest) to 1 (farthest).
On average, the depth is around 0.20 (with moderate variation, std ≈ 0.21).
Most pixels fall into the **near** depth band (76.6% of the image), while the remaining pixels are split between the other bands.

Depth distribution by band:
  • Near [0.00–0.33]: 76.6% of pixels
  • Mid [0.33–0.67]: 19.1% of pixels
  • Far [0.67–1.00]: 4.3% of pixels"
Realism/klavdy-lebedev_svyatoslav-s-meeting-with-emperor-john-as-described-by-leo-the-deacon-1916.jpg,"The viewer is likely to associate the following emotions with the image: awe (probability: 0.17), contentment (probability: 0.17).",there is a boat in the bottom. there is a man in the center. there is a person in the right. there is a person in the center. there is a person in the top. there is a person in the right. there is a poster in the center,"The main colors are: saddlebrown, gainsboro, rosybrown","The depth values span a full normalized range from 0 (nearest) to 1 (farthest).
On average, the depth is around 0.61 (with moderate variation, std ≈ 0.30).
Most pixels fall into the **far** depth band (47.5% of the image), while the remaining pixels are split between the other bands.

Depth distribution by band:
  • Near [0.00–0.33]: 23.1% of pixels
  • Mid [0.33–0.67]: 26.2% of pixels
  • Far [0.67–1.00]: 47.5% of pixels"
Rococo/thomas-gainsborough_the-duke-and-duchess-of-cumberland-1785.jpg,"The viewer is likely to associate the following emotions with the image: awe (probability: 0.36), contentment (probability: 0.31).",there is a man in the center. there is a woman in the right. there is a couple in the center,"The main colors are: snow, darkslategray, peru","The depth values span a full normalized range from 0 (nearest) to 1 (farthest).
On average, the depth is around 0.46 (with moderate variation, std ≈ 0.34).
Most pixels fall into the **near** depth band (51.8% of the image), while the remaining pixels are split between the other bands.

Depth distribution by band:
  • Near [0.00–0.33]: 51.8% of pixels
  • Mid [0.33–0.67]: 19.2% of pixels
  • Far [0.67–1.00]: 12.7% of pixels"
Romanticism/gustave-dore_don-quixote-99.jpg,"The viewer is likely to associate the following emotions with the image: fear (probability: 0.44), awe (probability: 0.14).",there is a art vector illustration in the center. there is a art vector illustration in the right,"The main colors are: gray, gainsboro, darkslategray","The depth values span a full normalized range from 0 (nearest) to 1 (farthest).
On average, the depth is around 0.52 (with moderate variation, std ≈ 0.38).
Most pixels fall into the **near** depth band (37.6% of the image), while the remaining pixels are split between the other bands.

Depth distribution by band:
  • Near [0.00–0.33]: 37.6% of pixels
  • Mid [0.33–0.67]: 22.1% of pixels
  • Far [0.67–1.00]: 22.3% of pixels"
Realism/fyodor-bronnikov_exile-in-front-of-the-grave-1870.jpg,"The viewer is likely to associate the following emotions with the image: contentment (probability: 0.32), sadness (probability: 0.31).",there is a man in the center. there is a person in the bottom. there is a tree in the left. there is a cane in the bottom left. there is a painter preacher in the bottom left. there is a graveyard in the bottom,"The main colors are: darkslategray, powderblue, gray","The depth values span a full normalized range from 0 (nearest) to 1 (farthest).
On average, the depth is around 0.40 (with moderate variation, std ≈ 0.30).
Most pixels fall into the **near** depth band (52.8% of the image), while the remaining pixels are split between the other bands.

Depth distribution by band:
  • Near [0.00–0.33]: 52.8% of pixels
  • Mid [0.33–0.67]: 21.5% of pixels
  • Far [0.67–1.00]: 25.7% of pixels"
Northern_Renaissance/albrecht-durer_portrait-of-a-man-damia-van-der-goes.jpg,"The viewer is likely to associate the following emotions with the image: contentment (probability: 0.21), amusement (probability: 0.19).",there is a sun hat in the top. there is a man in the center. there is a head in the top,"The main colors are: darkslategray, silver, lightslategray","The depth values span a full normalized range from 0 (nearest) to 1 (farthest).
On average, the depth is around 0.64 (with moderate variation, std ≈ 0.22).
Most pixels fall into the **far** depth band (57.5% of the image), while the remaining pixels are split between the other bands.

Depth distribution by band:
  • Near [0.00–0.33]: 15.2% of pixels
  • Mid [0.33–0.67]: 27.3% of pixels
  • Far [0.67–1.00]: 57.5% of pixels"
Rococo/jean-baptiste-oudry_still-life-with-monkey-fruits-and-flowers-1724.jpg,"The viewer is likely to associate the following emotions with the image: contentment (probability: 0.37), amusement (probability: 0.17).",there is a animal in the center. there is a glass vase vase in the top left. there is a table in the bottom. there is a flower in the top left. there is a ledge in the center. there is a flower in the top left. there is a flower in the right. there is a snail urn in the bottom. there is a flower in the right,"The main colors are: darkslategray, darkgray, dimgray","The depth values span a full normalized range from 0 (nearest) to 1 (farthest).
On average, the depth is around 0.45 (with moderate variation, std ≈ 0.21).
Most pixels fall into the **mid** depth band (45.1% of the image), while the remaining pixels are split between the other bands.

Depth distribution by band:
  • Near [0.00–0.33]: 35.3% of pixels
  • Mid [0.33–0.67]: 45.1% of pixels
  • Far [0.67–1.00]: 19.4% of pixels"
Baroque/giovanni-paolo-panini_gallery-of-views-of-modern-rome-1759.jpg,"The viewer is likely to associate the following emotions with the image: awe (probability: 0.54), contentment (probability: 0.20).",there is a art in the center. there is a curtain in the left. there is a pillar in the bottom. there is a ceiling in the top. there is a person in the bottom,"The main colors are: saddlebrown, darkgray, sienna","The depth values span a full normalized range from 0 (nearest) to 1 (farthest).
On average, the depth is around 0.40 (with moderate variation, std ≈ 0.25).
Most pixels fall into the **near** depth band (42.0% of the image), while the remaining pixels are split between the other bands.

Depth distribution by band:
  • Near [0.00–0.33]: 42.0% of pixels
  • Mid [0.33–0.67]: 40.3% of pixels
  • Far [0.67–1.00]: 17.5% of pixels"
Mannerism_Late_Renaissance/gregorio-lopes_salom-apresentando-a-cabe-a-do-santo.jpg,"The viewer is likely to associate the following emotions with the image: fear (probability: 0.22), sadness (probability: 0.17).",there is a table in the right. there is a man in the center. there is a food in the right. there is a art in the center. there is a painter in the top right. there is a food in the top. there is a person in the top left. there is a food in the right. there is a person man in the right. there is a food in the right. there is a food in the right,"The main colors are: tan, gray, darkslategray","The depth values span a full normalized range from 0 (nearest) to 1 (farthest).
On average, the depth is around 0.43 (with moderate variation, std ≈ 0.26).
Most pixels fall into the **near** depth band (41.7% of the image), while the remaining pixels are split between the other bands.

Depth distribution by band:
  • Near [0.00–0.33]: 41.7% of pixels
  • Mid [0.33–0.67]: 36.4% of pixels
  • Far [0.67–1.00]: 21.9% of pixels"
Realism/camille-corot_cowherd-and-her-child.jpg,"The viewer is likely to associate the following emotions with the image: contentment (probability: 0.55), awe (probability: 0.19).",there is a cow in the bottom. there is a man in the bottom left. there is a house exterior in the bottom left. there is a tree in the center. there is a river water in the bottom. there is a woman in the bottom left,"The main colors are: dimgray, silver, black","The depth values span a full normalized range from 0 (nearest) to 1 (farthest).
On average, the depth is around 0.33 (with moderate variation, std ≈ 0.27).
Most pixels fall into the **near** depth band (60.5% of the image), while the remaining pixels are split between the other bands.

Depth distribution by band:
  • Near [0.00–0.33]: 60.5% of pixels
  • Mid [0.33–0.67]: 20.0% of pixels
  • Far [0.67–1.00]: 19.5% of pixels"
Post_Impressionism/raoul-dufy_the-beach-and-pier-at-trouville-1905.jpg,"The viewer is likely to associate the following emotions with the image: contentment (probability: 0.32), excitement (probability: 0.26).",there is a water in the bottom. there is a crowd in the bottom. there is a dock in the bottom left. there is a umbrella in the bottom left. there is a umbrella in the left. there is a umbrella in the left. there is a umbrella in the left. there is a umbrella in the bottom left. there is a person in the bottom right. there is a person in the bottom right. there is a person in the bottom. there is a umbrella in the left. there is a umbrella in the bottom. there is a person in the bottom. there is a umbrella in the bottom,"The main colors are: gray, darkslategray, silver","The depth values span a full normalized range from 0 (nearest) to 1 (farthest).
On average, the depth is around 0.62 (with moderate variation, std ≈ 0.24).
Most pixels fall into the **far** depth band (53.2% of the image), while the remaining pixels are split between the other bands.

Depth distribution by band:
  • Near [0.00–0.33]: 14.9% of pixels
  • Mid [0.33–0.67]: 31.8% of pixels
  • Far [0.67–1.00]: 53.2% of pixels"
Realism/vasily-polenov_vasily-petrovich-schegolenok-schegolenkov-narrator-1879.jpg,"The viewer is likely to associate the following emotions with the image: sadness (probability: 0.26), contentment (probability: 0.16).",there is a head in the top right. there is a beard in the top right. there is a man in the center. there is a pencil in the right. there is a hand in the right,"The main colors are: lightgray, dimgray, lightslategray","The depth values span a full normalized range from 0 (nearest) to 1 (farthest).
On average, the depth is around 0.63 (with moderate variation, std ≈ 0.18).
Most pixels fall into the **mid** depth band (50.4% of the image), while the remaining pixels are split between the other bands.

Depth distribution by band:
  • Near [0.00–0.33]: 6.8% of pixels
  • Mid [0.33–0.67]: 50.4% of pixels
  • Far [0.67–1.00]: 42.8% of pixels"
Baroque/esaias-van-de-velde_the-robbery-1616.jpg,"The viewer is likely to associate the following emotions with the image: awe (probability: 0.28), contentment (probability: 0.26).",there is a horse in the bottom. there is a person in the bottom. there is a hut in the left. there is a person in the bottom. there is a horse in the bottom. there is a person in the bottom,"The main colors are: darkolivegreen, darkkhaki, darkslategray","The depth values span a full normalized range from 0 (nearest) to 1 (farthest).
On average, the depth is around 0.34 (with moderate variation, std ≈ 0.21).
Most pixels fall into the **near** depth band (58.2% of the image), while the remaining pixels are split between the other bands.

Depth distribution by band:
  • Near [0.00–0.33]: 58.2% of pixels
  • Mid [0.33–0.67]: 31.1% of pixels
  • Far [0.67–1.00]: 10.4% of pixels"
Post_Impressionism/vincent-van-gogh_portrait-of-armand-roulin-1888.jpg,"The viewer is likely to associate the following emotions with the image: contentment (probability: 0.23), amusement (probability: 0.18).",there is a artist in the center. there is a sun hat in the top,"The main colors are: black, gray, darkolivegreen","The depth values span a full normalized range from 0 (nearest) to 1 (farthest).
On average, the depth is around 0.27 (with moderate variation, std ≈ 0.19).
Most pixels fall into the **near** depth band (61.7% of the image), while the remaining pixels are split between the other bands.

Depth distribution by band:
  • Near [0.00–0.33]: 61.7% of pixels
  • Mid [0.33–0.67]: 37.0% of pixels
  • Far [0.67–1.00]: 1.3% of pixels"
Romanticism/gustave-dore_the-children-destroyed-by-bears-1866.jpg,"The viewer is likely to associate the following emotions with the image: fear (probability: 0.42), awe (probability: 0.15).",there is a tree in the right. there is a art vector illustration in the center. there is a person in the top. there is a man in the right. there is a man in the bottom,"The main colors are: darkslategray, silver, gray","The depth values span a full normalized range from 0 (nearest) to 1 (farthest).
On average, the depth is around 0.52 (with moderate variation, std ≈ 0.30).
Most pixels fall into the **far** depth band (34.8% of the image), while the remaining pixels are split between the other bands.

Depth distribution by band:
  • Near [0.00–0.33]: 30.9% of pixels
  • Mid [0.33–0.67]: 32.4% of pixels
  • Far [0.67–1.00]: 34.8% of pixels"
Baroque/jacob-isaakszoon-van-ruisdael_view-of-the-ij-on-a-stormy-day-1660.jpg,"The viewer is likely to associate the following emotions with the image: fear (probability: 0.56), awe (probability: 0.16).",there is a boat in the bottom. there is a water in the bottom. there is a cloud sky in the center. there is a sailboat in the bottom,"The main colors are: darkslategray, gray, dimgray","The depth values span a full normalized range from 0 (nearest) to 1 (farthest).
On average, the depth is around 0.40 (with moderate variation, std ≈ 0.15).
Most pixels fall into the **mid** depth band (72.5% of the image), while the remaining pixels are split between the other bands.

Depth distribution by band:
  • Near [0.00–0.33]: 25.0% of pixels
  • Mid [0.33–0.67]: 72.5% of pixels
  • Far [0.67–1.00]: 2.4% of pixels"
Baroque/annibale-carracci_translation-of-the-holy-house.jpg,"The viewer is likely to associate the following emotions with the image: awe (probability: 0.41), contentment (probability: 0.15).",there is a child in the top right. there is a coffin crate in the center. there is a angel in the top. there is a angel in the top right. there is a painter in the right. there is a painter in the right. there is a painter in the left,"The main colors are: dimgray, silver, black","The depth values span a full normalized range from 0 (nearest) to 1 (farthest).
On average, the depth is around 0.34 (with moderate variation, std ≈ 0.26).
Most pixels fall into the **near** depth band (61.0% of the image), while the remaining pixels are split between the other bands.

Depth distribution by band:
  • Near [0.00–0.33]: 61.0% of pixels
  • Mid [0.33–0.67]: 21.9% of pixels
  • Far [0.67–1.00]: 17.1% of pixels"
Post_Impressionism/andre-derain_still-life-on-the-table-1904.jpg,"The viewer is likely to associate the following emotions with the image: fear (probability: 0.21), sadness (probability: 0.15).",there is a tea pot in the center. there is a fruit in the bottom. there is a table in the center. there is a pot in the center. there is a vase in the bottom right. there is a fruit in the bottom. there is a fruit in the bottom. there is a cloth in the left. there is a vase in the top left,"The main colors are: darkslategray, darkkhaki, dimgray","The depth values span a full normalized range from 0 (nearest) to 1 (farthest).
On average, the depth is around 0.38 (with moderate variation, std ≈ 0.24).
Most pixels fall into the **near** depth band (51.5% of the image), while the remaining pixels are split between the other bands.

Depth distribution by band:
  • Near [0.00–0.33]: 51.5% of pixels
  • Mid [0.33–0.67]: 33.8% of pixels
  • Far [0.67–1.00]: 13.9% of pixels"
Symbolism/nicholas-roerich_way-to-shambala-1933.jpg,"The viewer is likely to associate the following emotions with the image: awe (probability: 0.44), contentment (probability: 0.29).",there is a art in the left. there is a sea in the bottom left,"The main colors are: gray, darkslategray, coral","The depth values span a full normalized range from 0 (nearest) to 1 (farthest).
On average, the depth is around 0.48 (with moderate variation, std ≈ 0.16).
Most pixels fall into the **mid** depth band (80.4% of the image), while the remaining pixels are split between the other bands.

Depth distribution by band:
  • Near [0.00–0.33]: 15.1% of pixels
  • Mid [0.33–0.67]: 80.4% of pixels
  • Far [0.67–1.00]: 4.3% of pixels"
Realism/boris-kustodiev_akaky-akakiyevich-returned-from-the-party-1905.jpg,"The viewer is likely to associate the following emotions with the image: awe (probability: 0.35), contentment (probability: 0.19).",there is a man in the left. there is a alley in the left. there is a umbrella in the left,"The main colors are: darkslategray, dimgray, silver","The depth values span a full normalized range from 0 (nearest) to 1 (farthest).
On average, the depth is around 0.42 (with moderate variation, std ≈ 0.25).
Most pixels fall into the **near** depth band (44.3% of the image), while the remaining pixels are split between the other bands.

Depth distribution by band:
  • Near [0.00–0.33]: 44.3% of pixels
  • Mid [0.33–0.67]: 34.5% of pixels
  • Far [0.67–1.00]: 21.2% of pixels"
Ukiyo_e/katsushika-hokusai_ocean-waves.jpg,"The viewer is likely to associate the following emotions with the image: awe (probability: 0.32), contentment (probability: 0.27).",there is a boat in the left. there is a boat in the bottom left. there is a person in the bottom left. there is a wave in the center. there is a man in the top left,"The main colors are: gray, darkslategray, silver","The depth values span a full normalized range from 0 (nearest) to 1 (farthest).
On average, the depth is around 0.53 (with moderate variation, std ≈ 0.30).
Most pixels fall into the **far** depth band (44.5% of the image), while the remaining pixels are split between the other bands.

Depth distribution by band:
  • Near [0.00–0.33]: 31.0% of pixels
  • Mid [0.33–0.67]: 24.5% of pixels
  • Far [0.67–1.00]: 44.5% of pixels"
Romanticism/francisco-goya_saturn-devouring-one-of-his-children-1823.jpg,"The viewer is likely to associate the following emotions with the image: sadness (probability: 0.20), awe (probability: 0.18).",there is a animal in the top. there is a blood in the top right. there is a log in the center. there is a stone in the right,"The main colors are: darkslategray, gray, black","The depth values span a full normalized range from 0 (nearest) to 1 (farthest).
On average, the depth is around 0.16 (with moderate variation, std ≈ 0.13).
Most pixels fall into the **near** depth band (89.5% of the image), while the remaining pixels are split between the other bands.

Depth distribution by band:
  • Near [0.00–0.33]: 89.5% of pixels
  • Mid [0.33–0.67]: 9.7% of pixels
  • Far [0.67–1.00]: 0.9% of pixels"
Pop_Art/hiro-yamagata_not-detected-272396.jpg,"The viewer is likely to associate the following emotions with the image: excitement (probability: 0.35), amusement (probability: 0.26).",there is a balloon in the top right. there is a sky in the top. there is a balloon in the top. there is a amusement park in the center. there is a castle in the center. there is a art in the top right,"The main colors are: darkolivegreen, lightgray, steelblue","The depth values span a full normalized range from 0 (nearest) to 1 (farthest).
On average, the depth is around 0.53 (with moderate variation, std ≈ 0.31).
Most pixels fall into the **far** depth band (40.0% of the image), while the remaining pixels are split between the other bands.

Depth distribution by band:
  • Near [0.00–0.33]: 32.4% of pixels
  • Mid [0.33–0.67]: 26.8% of pixels
  • Far [0.67–1.00]: 40.0% of pixels"
Mannerism_Late_Renaissance/tintoretto_st-nicholas.jpg,"The viewer is likely to associate the following emotions with the image: fear (probability: 0.31), awe (probability: 0.20).",there is a sword in the top right,"The main colors are: darkslategray, sienna, rosybrown","The depth values span a full normalized range from 0 (nearest) to 1 (farthest).
On average, the depth is around 0.35 (with moderate variation, std ≈ 0.23).
Most pixels fall into the **near** depth band (54.8% of the image), while the remaining pixels are split between the other bands.

Depth distribution by band:
  • Near [0.00–0.33]: 54.8% of pixels
  • Mid [0.33–0.67]: 33.2% of pixels
  • Far [0.67–1.00]: 11.5% of pixels"
Post_Impressionism/vincent-van-gogh_self-portrait-1887-9.jpg,"The viewer is likely to associate the following emotions with the image: amusement (probability: 0.18), contentment (probability: 0.17).",there is a man in the center. there is a beard in the center,"The main colors are: darkslategray, darkkhaki, darkolivegreen","The depth values span a full normalized range from 0 (nearest) to 1 (farthest).
On average, the depth is around 0.30 (with moderate variation, std ≈ 0.23).
Most pixels fall into the **near** depth band (64.3% of the image), while the remaining pixels are split between the other bands.

Depth distribution by band:
  • Near [0.00–0.33]: 64.3% of pixels
  • Mid [0.33–0.67]: 25.2% of pixels
  • Far [0.67–1.00]: 10.5% of pixels"
Post_Impressionism/ilya-mashkov_vegetables.jpg,"The viewer is likely to associate the following emotions with the image: contentment (probability: 0.54), awe (probability: 0.14).",there is a jug in the left. there is a apple in the bottom. there is a fruit in the center. there is a table in the center. there is a grape in the bottom. there is a grape in the bottom. there is a vegetable in the bottom left. there is a grape in the bottom,"The main colors are: darkkhaki, darkolivegreen, dimgray","The depth values span a full normalized range from 0 (nearest) to 1 (farthest).
On average, the depth is around 0.41 (with moderate variation, std ≈ 0.19).
Most pixels fall into the **mid** depth band (44.2% of the image), while the remaining pixels are split between the other bands.

Depth distribution by band:
  • Near [0.00–0.33]: 43.7% of pixels
  • Mid [0.33–0.67]: 44.2% of pixels
  • Far [0.67–1.00]: 11.8% of pixels"
Northern_Renaissance/albrecht-durer_bacchanal-with-silenus.jpg,"The viewer is likely to associate the following emotions with the image: fear (probability: 0.21), sadness (probability: 0.18).",there is a sculpture in the center. there is a person in the bottom left. there is a person in the bottom. there is a sculpture in the center. there is a person in the bottom left,"The main colors are: gray, silver, darkslategray","The depth values span a full normalized range from 0 (nearest) to 1 (farthest).
On average, the depth is around 0.60 (with moderate variation, std ≈ 0.22).
Most pixels fall into the **far** depth band (48.4% of the image), while the remaining pixels are split between the other bands.

Depth distribution by band:
  • Near [0.00–0.33]: 16.4% of pixels
  • Mid [0.33–0.67]: 35.2% of pixels
  • Far [0.67–1.00]: 48.4% of pixels"
Baroque/jan-steen_arrival-of-a-visitor.jpg,"The viewer is likely to associate the following emotions with the image: contentment (probability: 0.28), awe (probability: 0.24).",there is a armchair in the left. there is a dress in the center. there is a wine glass in the top right. there is a woman in the right. there is a woman in the right,"The main colors are: darkslategray, peru, saddlebrown","The depth values span a full normalized range from 0 (nearest) to 1 (farthest).
On average, the depth is around 0.24 (with moderate variation, std ≈ 0.13).
Most pixels fall into the **near** depth band (86.5% of the image), while the remaining pixels are split between the other bands.

Depth distribution by band:
  • Near [0.00–0.33]: 86.5% of pixels
  • Mid [0.33–0.67]: 11.5% of pixels
  • Far [0.67–1.00]: 2.0% of pixels"
Post_Impressionism/charles-reiffel_holiday-mission-beach-1938.jpg,"The viewer is likely to associate the following emotions with the image: contentment (probability: 0.29), excitement (probability: 0.23).",there is a umbrella in the bottom. there is a sea in the center. there is a crowd in the bottom. there is a cart in the bottom. there is a person in the bottom. there is a umbrella in the bottom left. there is a cart in the bottom. there is a umbrella in the bottom. there is a stand in the left. there is a person in the bottom right. there is a person in the bottom. there is a person in the bottom right,"The main colors are: gray, darkolivegreen, tan","The depth values span a full normalized range from 0 (nearest) to 1 (farthest).
On average, the depth is around 0.60 (with moderate variation, std ≈ 0.24).
Most pixels fall into the **far** depth band (46.6% of the image), while the remaining pixels are split between the other bands.

Depth distribution by band:
  • Near [0.00–0.33]: 17.0% of pixels
  • Mid [0.33–0.67]: 36.3% of pixels
  • Far [0.67–1.00]: 46.6% of pixels"
Early_Renaissance/domenico-ghirlandaio_vaulting-of-the-sassetti-chapel.jpg,"The viewer is likely to associate the following emotions with the image: awe (probability: 0.56), contentment (probability: 0.19).",there is a church in the center. there is a dome in the top. there is a ceiling in the top. there is a dome in the top,"The main colors are: gray, silver, darkolivegreen","The depth values span a full normalized range from 0 (nearest) to 1 (farthest).
On average, the depth is around 0.48 (with moderate variation, std ≈ 0.25).
Most pixels fall into the **mid** depth band (41.3% of the image), while the remaining pixels are split between the other bands.

Depth distribution by band:
  • Near [0.00–0.33]: 33.1% of pixels
  • Mid [0.33–0.67]: 41.3% of pixels
  • Far [0.67–1.00]: 24.9% of pixels"
Baroque/rembrandt_portrait-of-an-old-woman-1.jpg,"The viewer is likely to associate the following emotions with the image: sadness (probability: 0.45), contentment (probability: 0.16).",there is a hand in the right. there is a hat in the top. there is a armchair in the left. there is a person in the center. there is a armchair in the center,"The main colors are: darkslategray, sienna","The depth values span a full normalized range from 0 (nearest) to 1 (farthest).
On average, the depth is around 0.19 (with moderate variation, std ≈ 0.07).
Most pixels fall into the **near** depth band (97.5% of the image), while the remaining pixels are split between the other bands.

Depth distribution by band:
  • Near [0.00–0.33]: 97.5% of pixels
  • Mid [0.33–0.67]: 2.0% of pixels
  • Far [0.67–1.00]: 0.5% of pixels"
Romanticism/thomas-cole_the-voyage-of-life-youth-1842-1.jpg,"The viewer is likely to associate the following emotions with the image: awe (probability: 0.50), contentment (probability: 0.32).",there is a woman in the bottom. there is a man in the bottom. there is a boat in the bottom. there is a palm tree in the center. there is a creek in the bottom. there is a landscape in the center. there is a palm tree in the center,"The main colors are: silver, darkslategray, sienna","The depth values span a full normalized range from 0 (nearest) to 1 (farthest).
On average, the depth is around 0.41 (with moderate variation, std ≈ 0.30).
Most pixels fall into the **near** depth band (52.2% of the image), while the remaining pixels are split between the other bands.

Depth distribution by band:
  • Near [0.00–0.33]: 52.2% of pixels
  • Mid [0.33–0.67]: 19.1% of pixels
  • Far [0.67–1.00]: 28.6% of pixels"
Early_Renaissance/andrea-mantegna_the-dead-christ-1478.jpg,"The viewer is likely to associate the following emotions with the image: sadness (probability: 0.29), contentment (probability: 0.15).",there is a bed in the center. there is a man in the left,"The main colors are: darkolivegreen, gray, darkslategray","The depth values span a full normalized range from 0 (nearest) to 1 (farthest).
On average, the depth is around 0.36 (with moderate variation, std ≈ 0.17).
Most pixels fall into the **mid** depth band (48.6% of the image), while the remaining pixels are split between the other bands.

Depth distribution by band:
  • Near [0.00–0.33]: 47.0% of pixels
  • Mid [0.33–0.67]: 48.6% of pixels
  • Far [0.67–1.00]: 4.3% of pixels"
Baroque/rembrandt_the-anatomy-lesson-of-dr-nicolaes-tulp-fragment-1632.jpg,"The viewer is likely to associate the following emotions with the image: sadness (probability: 0.22), awe (probability: 0.16).",there is a hand in the top. there is a hand in the left. there is a man in the center. there is a tool in the bottom left. there is a bacon in the bottom. there is a muscle in the bottom left,"The main colors are: black, tan, sienna","The depth values span a full normalized range from 0 (nearest) to 1 (farthest).
On average, the depth is around 0.20 (with moderate variation, std ≈ 0.24).
Most pixels fall into the **near** depth band (78.1% of the image), while the remaining pixels are split between the other bands.

Depth distribution by band:
  • Near [0.00–0.33]: 78.1% of pixels
  • Mid [0.33–0.67]: 13.5% of pixels
  • Far [0.67–1.00]: 8.4% of pixels"
Realism/vincent-van-gogh_girl-kneeling-in-front-of-a-bucket-1881(1).jpg,"The viewer is likely to associate the following emotions with the image: contentment (probability: 0.39), sadness (probability: 0.29).",there is a barrel in the bottom left. there is a woman in the center. there is a floor in the bottom,"The main colors are: silver, darkslategray, rosybrown","The depth values span a full normalized range from 0 (nearest) to 1 (farthest).
On average, the depth is around 0.69 (with moderate variation, std ≈ 0.19).
Most pixels fall into the **far** depth band (70.0% of the image), while the remaining pixels are split between the other bands.

Depth distribution by band:
  • Near [0.00–0.33]: 6.7% of pixels
  • Mid [0.33–0.67]: 23.3% of pixels
  • Far [0.67–1.00]: 70.0% of pixels"
Symbolism/nicholas-roerich_all-ridge-1924.jpg,"The viewer is likely to associate the following emotions with the image: awe (probability: 0.44), contentment (probability: 0.34).",there is a blanket in the center. there is a sky in the top. there is a mountain in the top left,"The main colors are: steelblue, silver, lightslategray","The depth values span a full normalized range from 0 (nearest) to 1 (farthest).
On average, the depth is around 0.55 (with moderate variation, std ≈ 0.19).
Most pixels fall into the **mid** depth band (55.1% of the image), while the remaining pixels are split between the other bands.

Depth distribution by band:
  • Near [0.00–0.33]: 15.1% of pixels
  • Mid [0.33–0.67]: 55.1% of pixels
  • Far [0.67–1.00]: 29.5% of pixels"
Abstract_Expressionism/william-congdon_luna-7-subiaco-1967.jpg,"The viewer is likely to associate the following emotions with the image: fear (probability: 0.42), sadness (probability: 0.17).",there is a black cloth in the bottom. there is a moonlight in the top,The main colors are: darkslategray,"The depth values span a full normalized range from 0 (nearest) to 1 (farthest).
On average, the depth is around 0.24 (with moderate variation, std ≈ 0.08).
Most pixels fall into the **near** depth band (81.5% of the image), while the remaining pixels are split between the other bands.

Depth distribution by band:
  • Near [0.00–0.33]: 81.5% of pixels
  • Mid [0.33–0.67]: 18.4% of pixels
  • Far [0.67–1.00]: 0.1% of pixels"
Post_Impressionism/henri-matisse_odalisque-1.jpg,"The viewer is likely to associate the following emotions with the image: contentment (probability: 0.25), disgust (probability: 0.15).",there is a bed in the center. there is a pillow in the center. there is a painter in the bottom,"The main colors are: silver, gray, darkslategray","The depth values span a full normalized range from 0 (nearest) to 1 (farthest).
On average, the depth is around 0.54 (with moderate variation, std ≈ 0.25).
Most pixels fall into the **mid** depth band (38.5% of the image), while the remaining pixels are split between the other bands.

Depth distribution by band:
  • Near [0.00–0.33]: 25.7% of pixels
  • Mid [0.33–0.67]: 38.5% of pixels
  • Far [0.67–1.00]: 35.0% of pixels"
Early_Renaissance/pietro-perugino_the-pazzi-crucifixion-detail-2.jpg,"The viewer is likely to associate the following emotions with the image: contentment (probability: 0.34), awe (probability: 0.21).",there is a robe in the center. there is a clasp in the right,"The main colors are: sienna, tan, saddlebrown","The depth values span a full normalized range from 0 (nearest) to 1 (farthest).
On average, the depth is around 0.43 (with moderate variation, std ≈ 0.25).
Most pixels fall into the **near** depth band (41.2% of the image), while the remaining pixels are split between the other bands.

Depth distribution by band:
  • Near [0.00–0.33]: 41.2% of pixels
  • Mid [0.33–0.67]: 37.9% of pixels
  • Far [0.67–1.00]: 20.8% of pixels"
Romanticism/gustave-dore_the-eagle.jpg,"The viewer is likely to associate the following emotions with the image: awe (probability: 0.39), fear (probability: 0.18).",there is a bird in the top. there is a art vector illustration in the center,"The main colors are: dimgray, gainsboro, darkgray","The depth values span a full normalized range from 0 (nearest) to 1 (farthest).
On average, the depth is around 0.68 (with moderate variation, std ≈ 0.26).
Most pixels fall into the **far** depth band (37.9% of the image), while the remaining pixels are split between the other bands.

Depth distribution by band:
  • Near [0.00–0.33]: 9.6% of pixels
  • Mid [0.33–0.67]: 37.4% of pixels
  • Far [0.67–1.00]: 37.9% of pixels"
Early_Renaissance/pietro-perugino_the-adoration-of-the-magi-1473.jpg,"The viewer is likely to associate the following emotions with the image: awe (probability: 0.37), contentment (probability: 0.21).",there is a child in the right. there is a artist in the right. there is a pillar in the right. there is a artist in the center. there is a robe in the left. there is a pillar in the top right. there is a robe in the center. there is a artist in the right. there is a nativity scene in the center,"The main colors are: dimgray, whitesmoke, darkslategray","The depth values span a full normalized range from 0 (nearest) to 1 (farthest).
On average, the depth is around 0.44 (with moderate variation, std ≈ 0.35).
Most pixels fall into the **near** depth band (53.5% of the image), while the remaining pixels are split between the other bands.

Depth distribution by band:
  • Near [0.00–0.33]: 53.5% of pixels
  • Mid [0.33–0.67]: 17.1% of pixels
  • Far [0.67–1.00]: 8.9% of pixels"
Post_Impressionism/corneliu-baba_portrait-of-the-art-collector-zambaccian.jpg,"The viewer is likely to associate the following emotions with the image: sadness (probability: 0.31), fear (probability: 0.17).",there is a artist in the center. there is a cloth in the right. there is a cane in the bottom right,"The main colors are: darkolivegreen, tan, black","The depth values span a full normalized range from 0 (nearest) to 1 (farthest).
On average, the depth is around 0.16 (with moderate variation, std ≈ 0.22).
Most pixels fall into the **near** depth band (85.5% of the image), while the remaining pixels are split between the other bands.

Depth distribution by band:
  • Near [0.00–0.33]: 85.5% of pixels
  • Mid [0.33–0.67]: 8.0% of pixels
  • Far [0.67–1.00]: 6.4% of pixels"
Northern_Renaissance/robert-campin_the-liturgical-vestments-of-the-order-of-the-golden-fleece-the-cope-of-the-virgin-mary-1442-1.jpg,"The viewer is likely to associate the following emotions with the image: awe (probability: 0.59), contentment (probability: 0.19).",there is a shield in the left,"The main colors are: peru, snow, darkkhaki","The depth values span a full normalized range from 0 (nearest) to 1 (farthest).
On average, the depth is around 0.67 (with moderate variation, std ≈ 0.31).
Most pixels fall into the **far** depth band (33.1% of the image), while the remaining pixels are split between the other bands.

Depth distribution by band:
  • Near [0.00–0.33]: 17.5% of pixels
  • Mid [0.33–0.67]: 27.6% of pixels
  • Far [0.67–1.00]: 33.1% of pixels"
Art_Nouveau_Modern/wilhelm-kotarbinski_kiss-of-medusa.jpg,"The viewer is likely to associate the following emotions with the image: fear (probability: 0.39), awe (probability: 0.17).",there is a poster in the top,"The main colors are: dimgray, lightgray, darkgray","The depth values span a full normalized range from 0 (nearest) to 1 (farthest).
On average, the depth is around 0.52 (with moderate variation, std ≈ 0.21).
Most pixels fall into the **mid** depth band (67.3% of the image), while the remaining pixels are split between the other bands.

Depth distribution by band:
  • Near [0.00–0.33]: 5.0% of pixels
  • Mid [0.33–0.67]: 67.3% of pixels
  • Far [0.67–1.00]: 26.9% of pixels"
Baroque/frans-hals_a-young-man-in-a-large-hat-1629.jpg,"The viewer is likely to associate the following emotions with the image: contentment (probability: 0.28), amusement (probability: 0.19).",there is a hand in the left. there is a cowboy hat in the top. there is a man in the center,"The main colors are: dimgray, rosybrown, darkolivegreen","The depth values span a full normalized range from 0 (nearest) to 1 (farthest).
On average, the depth is around 0.34 (with moderate variation, std ≈ 0.13).
Most pixels fall into the **near** depth band (50.6% of the image), while the remaining pixels are split between the other bands.

Depth distribution by band:
  • Near [0.00–0.33]: 50.6% of pixels
  • Mid [0.33–0.67]: 47.6% of pixels
  • Far [0.67–1.00]: 1.7% of pixels"
Post_Impressionism/salvador-dali_self-portrait-figueres.jpg,"The viewer is likely to associate the following emotions with the image: fear (probability: 0.29), sadness (probability: 0.25).",there is a woman in the bottom. there is a cigarette in the bottom. there is a pipe in the bottom,"The main colors are: darkslategray, darkolivegreen","The depth values span a full normalized range from 0 (nearest) to 1 (farthest).
On average, the depth is around 0.23 (with moderate variation, std ≈ 0.10).
Most pixels fall into the **near** depth band (89.8% of the image), while the remaining pixels are split between the other bands.

Depth distribution by band:
  • Near [0.00–0.33]: 89.8% of pixels
  • Mid [0.33–0.67]: 9.5% of pixels
  • Far [0.67–1.00]: 0.7% of pixels"
Abstract_Expressionism/richard-diebenkorn_untitled-albuquerque.jpg,"The viewer is likely to associate the following emotions with the image: contentment (probability: 0.29), awe (probability: 0.27).",there is a black color in the center,"The main colors are: peru, black, burlywood","The depth values span a full normalized range from 0 (nearest) to 1 (farthest).
On average, the depth is around 0.50 (with moderate variation, std ≈ 0.27).
Most pixels fall into the **near** depth band (38.0% of the image), while the remaining pixels are split between the other bands.

Depth distribution by band:
  • Near [0.00–0.33]: 38.0% of pixels
  • Mid [0.33–0.67]: 29.3% of pixels
  • Far [0.67–1.00]: 32.1% of pixels"
Ukiyo_e/utagawa-kuniyoshi_shimamura-danjo-takanori-riding-the-waves-on-the-backs-of-large-crabs.jpg,"The viewer is likely to associate the following emotions with the image: fear (probability: 0.36), awe (probability: 0.20).",there is a poster in the center. there is a sword in the center. there is a sword in the top. there is a sword in the top left. there is a sword in the top right,"The main colors are: darkslategray, dimgray, tan","The depth values span a full normalized range from 0 (nearest) to 1 (farthest).
On average, the depth is around 0.40 (with moderate variation, std ≈ 0.25).
Most pixels fall into the **mid** depth band (42.4% of the image), while the remaining pixels are split between the other bands.

Depth distribution by band:
  • Near [0.00–0.33]: 42.1% of pixels
  • Mid [0.33–0.67]: 42.4% of pixels
  • Far [0.67–1.00]: 15.3% of pixels"
Romanticism/fyodor-bronnikov_carnival-in-rome-1860.jpg,"The viewer is likely to associate the following emotions with the image: excitement (probability: 0.28), awe (probability: 0.21).",there is a crowd in the bottom left. there is a painter in the bottom left. there is a painter in the bottom. there is a painter in the bottom left. there is a crowd in the bottom,"The main colors are: lightgray, darkslategray, gray","The depth values span a full normalized range from 0 (nearest) to 1 (farthest).
On average, the depth is around 0.51 (with moderate variation, std ≈ 0.26).
Most pixels fall into the **mid** depth band (38.9% of the image), while the remaining pixels are split between the other bands.

Depth distribution by band:
  • Near [0.00–0.33]: 30.4% of pixels
  • Mid [0.33–0.67]: 38.9% of pixels
  • Far [0.67–1.00]: 30.7% of pixels"
Post_Impressionism/arturo-souto_galicia-1963.jpg,"The viewer is likely to associate the following emotions with the image: contentment (probability: 0.28), sadness (probability: 0.27).",there is a donkey in the bottom left. there is a person man in the bottom. there is a person man in the bottom left. there is a village in the center. there is a person in the bottom left. there is a house exterior in the right,"The main colors are: gray, darkslategray, darkolivegreen","The depth values span a full normalized range from 0 (nearest) to 1 (farthest).
On average, the depth is around 0.31 (with moderate variation, std ≈ 0.18).
Most pixels fall into the **near** depth band (55.5% of the image), while the remaining pixels are split between the other bands.

Depth distribution by band:
  • Near [0.00–0.33]: 55.5% of pixels
  • Mid [0.33–0.67]: 42.3% of pixels
  • Far [0.67–1.00]: 2.2% of pixels"
Pop_Art/claudio-tozzi_usa-e-abusa-1966.jpg,"The viewer is likely to associate the following emotions with the image: amusement (probability: 0.22), something else (probability: 0.17).",there is a flag in the center. there is a poster in the left. there is a gun in the bottom left. there is a man soldier in the left,"The main colors are: linen, indianred, dimgray","The depth values span a full normalized range from 0 (nearest) to 1 (farthest).
On average, the depth is around 0.70 (with moderate variation, std ≈ 0.32).
Most pixels fall into the **far** depth band (65.1% of the image), while the remaining pixels are split between the other bands.

Depth distribution by band:
  • Near [0.00–0.33]: 23.2% of pixels
  • Mid [0.33–0.67]: 9.8% of pixels
  • Far [0.67–1.00]: 65.1% of pixels"
Pop_Art/patrick-caulfield_bananas-and-leaves-1977.jpg,"The viewer is likely to associate the following emotions with the image: excitement (probability: 0.25), amusement (probability: 0.22).",there is a plant in the bottom left. there is a banana in the bottom. there is a plant in the center. there is a tree in the top left. there is a tree in the center,"The main colors are: midnightblue, rosybrown, darkgreen","The depth values span a full normalized range from 0 (nearest) to 1 (farthest).
On average, the depth is around 0.30 (with moderate variation, std ≈ 0.29).
Most pixels fall into the **near** depth band (63.9% of the image), while the remaining pixels are split between the other bands.

Depth distribution by band:
  • Near [0.00–0.33]: 63.9% of pixels
  • Mid [0.33–0.67]: 13.9% of pixels
  • Far [0.67–1.00]: 22.1% of pixels"
Symbolism/kuzma-petrov-vodkin_bathing-boys-1926.jpg,"The viewer is likely to associate the following emotions with the image: contentment (probability: 0.25), excitement (probability: 0.17).",there is a man in the center. there is a boat in the bottom right. there is a boy in the right. there is a goggles in the top. there is a muscle in the center,"The main colors are: darkslategray, indianred, dimgray","The depth values span a full normalized range from 0 (nearest) to 1 (farthest).
On average, the depth is around 0.35 (with moderate variation, std ≈ 0.19).
Most pixels fall into the **near** depth band (52.8% of the image), while the remaining pixels are split between the other bands.

Depth distribution by band:
  • Near [0.00–0.33]: 52.8% of pixels
  • Mid [0.33–0.67]: 39.1% of pixels
  • Far [0.67–1.00]: 8.1% of pixels"
Romanticism/n.c.-wyeth_the-children-were-playing-at-marriage-by-capture.jpg,"The viewer is likely to associate the following emotions with the image: contentment (probability: 0.25), awe (probability: 0.19).",there is a boy in the right. there is a girl in the left. there is a sky in the top. there is a creek in the center. there is a swimwear in the right. there is a fly in the top. there is a swimwear in the left,"The main colors are: darkolivegreen, wheat, gray","The depth values span a full normalized range from 0 (nearest) to 1 (farthest).
On average, the depth is around 0.56 (with moderate variation, std ≈ 0.28).
Most pixels fall into the **far** depth band (42.2% of the image), while the remaining pixels are split between the other bands.

Depth distribution by band:
  • Near [0.00–0.33]: 28.6% of pixels
  • Mid [0.33–0.67]: 29.0% of pixels
  • Far [0.67–1.00]: 42.2% of pixels"
Symbolism/nicholas-roerich_christ-1933.jpg,"The viewer is likely to associate the following emotions with the image: awe (probability: 0.46), contentment (probability: 0.28).",there is a sky in the top. there is a angel in the center. there is a man in the bottom right. there is a angel in the center,"The main colors are: darkslateblue, silver, darkslategray","The depth values span a full normalized range from 0 (nearest) to 1 (farthest).
On average, the depth is around 0.31 (with moderate variation, std ≈ 0.22).
Most pixels fall into the **near** depth band (63.0% of the image), while the remaining pixels are split between the other bands.

Depth distribution by band:
  • Near [0.00–0.33]: 63.0% of pixels
  • Mid [0.33–0.67]: 28.5% of pixels
  • Far [0.67–1.00]: 8.1% of pixels"
Realism/ilya-repin_judas-1885.jpg,"The viewer is likely to associate the following emotions with the image: fear (probability: 0.46), sadness (probability: 0.26).",there is a cigar in the right. there is a robe in the center. there is a hat in the top right. there is a portrait in the center. there is a flute in the right,"The main colors are: black, darkolivegreen","The depth values span a full normalized range from 0 (nearest) to 1 (farthest).
On average, the depth is around 0.10 (with moderate variation, std ≈ 0.06).
Most pixels fall into the **near** depth band (99.3% of the image), while the remaining pixels are split between the other bands.

Depth distribution by band:
  • Near [0.00–0.33]: 99.3% of pixels
  • Mid [0.33–0.67]: 0.7% of pixels
  • Far [0.67–1.00]: 0.0% of pixels"
Romanticism/ivan-aivazovsky_bracing-the-waves-1890.jpg,"The viewer is likely to associate the following emotions with the image: awe (probability: 0.33), fear (probability: 0.25).",there is a sky in the left. there is a water in the bottom left. there is a lighthouse in the left. there is a wave in the bottom,"The main colors are: dimgray, palegoldenrod, darkgray","The depth values span a full normalized range from 0 (nearest) to 1 (farthest).
On average, the depth is around 0.68 (with moderate variation, std ≈ 0.18).
Most pixels fall into the **far** depth band (51.7% of the image), while the remaining pixels are split between the other bands.

Depth distribution by band:
  • Near [0.00–0.33]: 3.3% of pixels
  • Mid [0.33–0.67]: 43.4% of pixels
  • Far [0.67–1.00]: 51.7% of pixels"
Realism/ivan-kramskoy_portrait-of-leo-tolstoy-1873.jpg,"The viewer is likely to associate the following emotions with the image: contentment (probability: 0.24), awe (probability: 0.18).",there is a artist in the center. there is a beard in the top right. there is a chair in the right,"The main colors are: darkslategray, black, peru","The depth values span a full normalized range from 0 (nearest) to 1 (farthest).
On average, the depth is around 0.14 (with moderate variation, std ≈ 0.11).
Most pixels fall into the **near** depth band (96.5% of the image), while the remaining pixels are split between the other bands.

Depth distribution by band:
  • Near [0.00–0.33]: 96.5% of pixels
  • Mid [0.33–0.67]: 2.9% of pixels
  • Far [0.67–1.00]: 0.5% of pixels"
Realism/alexey-venetsianov_that-is-those-fathers-dinner.jpg,"The viewer is likely to associate the following emotions with the image: sadness (probability: 0.49), contentment (probability: 0.20).",there is a barrel in the right. there is a girl in the center. there is a dog in the left. there is a floor in the bottom. there is a barrel in the right,"The main colors are: black, saddlebrown, darkkhaki","The depth values span a full normalized range from 0 (nearest) to 1 (farthest).
On average, the depth is around 0.21 (with moderate variation, std ≈ 0.18).
Most pixels fall into the **near** depth band (82.4% of the image), while the remaining pixels are split between the other bands.

Depth distribution by band:
  • Near [0.00–0.33]: 82.4% of pixels
  • Mid [0.33–0.67]: 13.6% of pixels
  • Far [0.67–1.00]: 4.0% of pixels"
Post_Impressionism/edouard-vuillard_romain-coolus-writer-in-la-revuew-blanche.jpg,"The viewer is likely to associate the following emotions with the image: contentment (probability: 0.42), awe (probability: 0.15).",there is a man in the left. there is a lamp in the top right. there is a armchair in the bottom right. there is a room in the center. there is a armchair in the bottom left,"The main colors are: khaki, darkkhaki, darkolivegreen","The depth values span a full normalized range from 0 (nearest) to 1 (farthest).
On average, the depth is around 0.54 (with moderate variation, std ≈ 0.27).
Most pixels fall into the **mid** depth band (37.2% of the image), while the remaining pixels are split between the other bands.

Depth distribution by band:
  • Near [0.00–0.33]: 27.7% of pixels
  • Mid [0.33–0.67]: 37.2% of pixels
  • Far [0.67–1.00]: 32.0% of pixels"
Realism/aleksey-savrasov_the-death-of-the-ship-at-sea-1862.jpg,"The viewer is likely to associate the following emotions with the image: fear (probability: 0.53), awe (probability: 0.18).",there is a boat in the top. there is a bird in the top left. there is a bird in the top. there is a water in the center. there is a bird in the top. there is a sail in the center. there is a bird in the top right,"The main colors are: silver, darkslategray, gray","The depth values span a full normalized range from 0 (nearest) to 1 (farthest).
On average, the depth is around 0.60 (with moderate variation, std ≈ 0.21).
Most pixels fall into the **far** depth band (47.0% of the image), while the remaining pixels are split between the other bands.

Depth distribution by band:
  • Near [0.00–0.33]: 13.6% of pixels
  • Mid [0.33–0.67]: 39.4% of pixels
  • Far [0.67–1.00]: 47.0% of pixels"
Early_Renaissance/andrea-del-castagno_equestrian-monument-to-niccolo-da-tolentino-1456.jpg,"The viewer is likely to associate the following emotions with the image: awe (probability: 0.45), contentment (probability: 0.14).",there is a horse in the center. there is a commander in the top. there is a pillar in the center. there is a spear sword in the top right. there is a spear sword in the bottom left. there is a statue in the bottom left. there is a person man in the right. there is a pillar in the center. there is a plaque in the bottom,"The main colors are: gray, tan, darkslategray","The depth values span a full normalized range from 0 (nearest) to 1 (farthest).
On average, the depth is around 0.50 (with moderate variation, std ≈ 0.25).
Most pixels fall into the **mid** depth band (37.0% of the image), while the remaining pixels are split between the other bands.

Depth distribution by band:
  • Near [0.00–0.33]: 33.1% of pixels
  • Mid [0.33–0.67]: 37.0% of pixels
  • Far [0.67–1.00]: 29.5% of pixels"
Northern_Renaissance/albrecht-durer_the-harrowing-of-hell-or-christ-in-limbo-from-the-large-passion-1510.jpg,"The viewer is likely to associate the following emotions with the image: awe (probability: 0.30), fear (probability: 0.24).",there is a art in the center. there is a man in the right. there is a man in the left,"The main colors are: gainsboro, darkgray, dimgray","The depth values span a full normalized range from 0 (nearest) to 1 (farthest).
On average, the depth is around 0.59 (with moderate variation, std ≈ 0.27).
Most pixels fall into the **mid** depth band (38.6% of the image), while the remaining pixels are split between the other bands.

Depth distribution by band:
  • Near [0.00–0.33]: 22.0% of pixels
  • Mid [0.33–0.67]: 38.6% of pixels
  • Far [0.67–1.00]: 34.9% of pixels"
Realism/theodore-gericault_anatomical-pieces.jpg,"The viewer is likely to associate the following emotions with the image: disgust (probability: 0.16), awe (probability: 0.15).",there is a cloth in the left. there is a animal in the center. there is a blood in the bottom left,"The main colors are: saddlebrown, black, sienna","The depth values span a full normalized range from 0 (nearest) to 1 (farthest).
On average, the depth is around 0.21 (with moderate variation, std ≈ 0.20).
Most pixels fall into the **near** depth band (78.0% of the image), while the remaining pixels are split between the other bands.

Depth distribution by band:
  • Near [0.00–0.33]: 78.0% of pixels
  • Mid [0.33–0.67]: 16.7% of pixels
  • Far [0.67–1.00]: 5.3% of pixels"
Symbolism/franz-stuck_dissonance-1910.jpg,"The viewer is likely to associate the following emotions with the image: amusement (probability: 0.29), contentment (probability: 0.17).",there is a man in the right. there is a accordion in the right. there is a stone in the bottom. there is a sea in the top. there is a animal in the center. there is a animal in the bottom. there is a mouth organ in the top left,"The main colors are: lightsteelblue, darkslategray, gray","The depth values span a full normalized range from 0 (nearest) to 1 (farthest).
On average, the depth is around 0.44 (with moderate variation, std ≈ 0.28).
Most pixels fall into the **near** depth band (42.7% of the image), while the remaining pixels are split between the other bands.

Depth distribution by band:
  • Near [0.00–0.33]: 42.7% of pixels
  • Mid [0.33–0.67]: 28.7% of pixels
  • Far [0.67–1.00]: 28.2% of pixels"
Early_Renaissance/sandro-botticelli_scene-from-the-life-of-moses-1482(1).jpg,"The viewer is likely to associate the following emotions with the image: awe (probability: 0.32), contentment (probability: 0.13).",there is a pillar in the left. there is a person man in the bottom left. there is a tapestry in the left. there is a person man in the bottom left,"The main colors are: gray, tan, saddlebrown","The depth values span a full normalized range from 0 (nearest) to 1 (farthest).
On average, the depth is around 0.47 (with moderate variation, std ≈ 0.26).
Most pixels fall into the **mid** depth band (43.4% of the image), while the remaining pixels are split between the other bands.

Depth distribution by band:
  • Near [0.00–0.33]: 32.0% of pixels
  • Mid [0.33–0.67]: 43.4% of pixels
  • Far [0.67–1.00]: 23.1% of pixels"
Realism/theodore-rousseau_the-avenue-of-chestnut-trees-1837.jpg,"The viewer is likely to associate the following emotions with the image: fear (probability: 0.41), sadness (probability: 0.17).",there is a person in the bottom left. there is a avenue in the left. there is a path in the bottom left. there is a tree in the bottom,"The main colors are: darkolivegreen, gainsboro, dimgray","The depth values span a full normalized range from 0 (nearest) to 1 (farthest).
On average, the depth is around 0.37 (with moderate variation, std ≈ 0.22).
Most pixels fall into the **near** depth band (55.5% of the image), while the remaining pixels are split between the other bands.

Depth distribution by band:
  • Near [0.00–0.33]: 55.5% of pixels
  • Mid [0.33–0.67]: 32.8% of pixels
  • Far [0.67–1.00]: 11.8% of pixels"
Baroque/adriaen-brouwer_interior-with-smokers-1632.jpg,"The viewer is likely to associate the following emotions with the image: sadness (probability: 0.41), contentment (probability: 0.22).",there is a stool in the bottom. there is a table in the bottom. there is a artist in the bottom. there is a man in the center. there is a artist person in the bottom left. there is a stool in the bottom left,"The main colors are: darkolivegreen, black, peru","The depth values span a full normalized range from 0 (nearest) to 1 (farthest).
On average, the depth is around 0.20 (with moderate variation, std ≈ 0.16).
Most pixels fall into the **near** depth band (85.0% of the image), while the remaining pixels are split between the other bands.

Depth distribution by band:
  • Near [0.00–0.33]: 85.0% of pixels
  • Mid [0.33–0.67]: 12.6% of pixels
  • Far [0.67–1.00]: 2.4% of pixels"
Realism/vasily-sadovnikov_view-of-palace-square-and-winter-palace-in-st-petersburg.jpg,"The viewer is likely to associate the following emotions with the image: awe (probability: 0.47), contentment (probability: 0.30).",there is a crowd in the bottom left. there is a tower in the center. there is a city square in the center. there is a building in the bottom left. there is a postcard in the bottom left. there is a building in the bottom. there is a crowd in the bottom. there is a crowd in the bottom. there is a clock in the bottom left,"The main colors are: darkolivegreen, lightgray, rosybrown","The depth values span a full normalized range from 0 (nearest) to 1 (farthest).
On average, the depth is around 0.67 (with moderate variation, std ≈ 0.23).
Most pixels fall into the **far** depth band (63.0% of the image), while the remaining pixels are split between the other bands.

Depth distribution by band:
  • Near [0.00–0.33]: 12.2% of pixels
  • Mid [0.33–0.67]: 24.8% of pixels
  • Far [0.67–1.00]: 63.0% of pixels"
Realism/mykola-yaroshenko_portrait-of-sergey-nikolaevich-amosov.jpg,"The viewer is likely to associate the following emotions with the image: sadness (probability: 0.22), contentment (probability: 0.19).",there is a beard in the right. there is a man in the center,"The main colors are: darkslategray, lightslategray","The depth values span a full normalized range from 0 (nearest) to 1 (farthest).
On average, the depth is around 0.36 (with moderate variation, std ≈ 0.20).
Most pixels fall into the **near** depth band (50.8% of the image), while the remaining pixels are split between the other bands.

Depth distribution by band:
  • Near [0.00–0.33]: 50.8% of pixels
  • Mid [0.33–0.67]: 42.3% of pixels
  • Far [0.67–1.00]: 6.9% of pixels"
High_Renaissance/pietro-perugino_pala-di-sant-agostino-adoration-of-pastors.jpg,"The viewer is likely to associate the following emotions with the image: awe (probability: 0.22), amusement (probability: 0.21).",there is a girl in the top. there is a wing in the top. there is a sword in the top. there is a wing in the top right. there is a dress in the top. there is a sword in the top right,"The main colors are: darkolivegreen, darkgray, black","The depth values span a full normalized range from 0 (nearest) to 1 (farthest).
On average, the depth is around 0.29 (with moderate variation, std ≈ 0.21).
Most pixels fall into the **near** depth band (69.0% of the image), while the remaining pixels are split between the other bands.

Depth distribution by band:
  • Near [0.00–0.33]: 69.0% of pixels
  • Mid [0.33–0.67]: 23.9% of pixels
  • Far [0.67–1.00]: 6.5% of pixels"
Realism/volodymyr-orlovsky_huts-in-summer-day-1870(1).jpg,"The viewer is likely to associate the following emotions with the image: contentment (probability: 0.36), sadness (probability: 0.22).",there is a house in the top right. there is a house in the center. there is a photo in the center. there is a house in the left. there is a animal in the bottom left. there is a dirt field in the bottom,"The main colors are: gray, silver, darkslategray","The depth values span a full normalized range from 0 (nearest) to 1 (farthest).
On average, the depth is around 0.54 (with moderate variation, std ≈ 0.23).
Most pixels fall into the **mid** depth band (40.5% of the image), while the remaining pixels are split between the other bands.

Depth distribution by band:
  • Near [0.00–0.33]: 23.3% of pixels
  • Mid [0.33–0.67]: 40.5% of pixels
  • Far [0.67–1.00]: 36.0% of pixels"
Ukiyo_e/utagawa-kuniyoshi_lacquered-boxes-against-rain.jpg,"The viewer is likely to associate the following emotions with the image: contentment (probability: 0.16), fear (probability: 0.15).",there is a animal in the center. there is a animal in the center,"The main colors are: whitesmoke, dimgray, darkgray","The depth values span a full normalized range from 0 (nearest) to 1 (farthest).
On average, the depth is around 0.75 (with moderate variation, std ≈ 0.31).
Most pixels fall into the **far** depth band (39.6% of the image), while the remaining pixels are split between the other bands.

Depth distribution by band:
  • Near [0.00–0.33]: 19.3% of pixels
  • Mid [0.33–0.67]: 13.2% of pixels
  • Far [0.67–1.00]: 39.6% of pixels"
Pop_Art/hiro-yamagata_balloon-race-1990.jpg,"The viewer is likely to associate the following emotions with the image: excitement (probability: 0.27), amusement (probability: 0.20).",there is a sky in the top. there is a hot air balloon in the top right. there is a balloon in the top. there is a balloon in the top right. there is a balloon in the top. there is a sports ball in the bottom. there is a sports ball in the bottom left. there is a city in the center. there is a balloon in the bottom left,"The main colors are: darkgray, darkslategray, slategray","The depth values span a full normalized range from 0 (nearest) to 1 (farthest).
On average, the depth is around 0.49 (with moderate variation, std ≈ 0.22).
Most pixels fall into the **mid** depth band (40.2% of the image), while the remaining pixels are split between the other bands.

Depth distribution by band:
  • Near [0.00–0.33]: 30.5% of pixels
  • Mid [0.33–0.67]: 40.2% of pixels
  • Far [0.67–1.00]: 29.4% of pixels"
Color_Field_Painting/leon-berkowitz_cathedral-18a-1966.jpg,"The viewer is likely to associate the following emotions with the image: excitement (probability: 0.21), contentment (probability: 0.20).",there is a color in the center,"The main colors are: burlywood, mediumseagreen, dimgray","The depth values span a full normalized range from 0 (nearest) to 1 (farthest).
On average, the depth is around 0.53 (with moderate variation, std ≈ 0.25).
Most pixels fall into the **mid** depth band (45.2% of the image), while the remaining pixels are split between the other bands.

Depth distribution by band:
  • Near [0.00–0.33]: 25.8% of pixels
  • Mid [0.33–0.67]: 45.2% of pixels
  • Far [0.67–1.00]: 27.2% of pixels"
Romanticism/dante-gabriel-rossetti_portrait-of-elizabeth-siddal-1865.jpg,"The viewer is likely to associate the following emotions with the image: sadness (probability: 0.21), contentment (probability: 0.17).",there is a woman in the center. there is a dress in the center. there is a head in the top right,"The main colors are: saddlebrown, burlywood, peru","The depth values span a full normalized range from 0 (nearest) to 1 (farthest).
On average, the depth is around 0.47 (with moderate variation, std ≈ 0.26).
Most pixels fall into the **mid** depth band (38.7% of the image), while the remaining pixels are split between the other bands.

Depth distribution by band:
  • Near [0.00–0.33]: 35.5% of pixels
  • Mid [0.33–0.67]: 38.7% of pixels
  • Far [0.67–1.00]: 25.7% of pixels"
Romanticism/gustave-dore_expulsion-of-ishmael-and-his-mother.jpg,"The viewer is likely to associate the following emotions with the image: sadness (probability: 0.26), awe (probability: 0.25).",there is a tent in the left. there is a man in the center. there is a person in the right. there is a man in the right. there is a spear in the center. there is a man shepherd in the left. there is a spear in the top. there is a shepherd in the left. there is a builder in the center,"The main colors are: dimgray, silver, gray","The depth values span a full normalized range from 0 (nearest) to 1 (farthest).
On average, the depth is around 0.58 (with moderate variation, std ≈ 0.16).
Most pixels fall into the **mid** depth band (57.7% of the image), while the remaining pixels are split between the other bands.

Depth distribution by band:
  • Near [0.00–0.33]: 6.6% of pixels
  • Mid [0.33–0.67]: 57.7% of pixels
  • Far [0.67–1.00]: 35.7% of pixels"
Symbolism/nicholas-roerich_armageddon-1940.jpg,"The viewer is likely to associate the following emotions with the image: fear (probability: 0.49), awe (probability: 0.16).",there is a image in the center,"The main colors are: black, sienna, saddlebrown","The depth values span a full normalized range from 0 (nearest) to 1 (farthest).
On average, the depth is around 0.34 (with moderate variation, std ≈ 0.24).
Most pixels fall into the **near** depth band (60.0% of the image), while the remaining pixels are split between the other bands.

Depth distribution by band:
  • Near [0.00–0.33]: 60.0% of pixels
  • Mid [0.33–0.67]: 25.1% of pixels
  • Far [0.67–1.00]: 14.9% of pixels"
Pop_Art/audrey-flack_macarena-of-miracles-1971.jpg,"The viewer is likely to associate the following emotions with the image: awe (probability: 0.45), contentment (probability: 0.19).",there is a costume in the center. there is a crown in the top,"The main colors are: black, dimgray, silver","The depth values span a full normalized range from 0 (nearest) to 1 (farthest).
On average, the depth is around 0.43 (with moderate variation, std ≈ 0.32).
Most pixels fall into the **near** depth band (46.7% of the image), while the remaining pixels are split between the other bands.

Depth distribution by band:
  • Near [0.00–0.33]: 46.7% of pixels
  • Mid [0.33–0.67]: 24.6% of pixels
  • Far [0.67–1.00]: 26.5% of pixels"
Northern_Renaissance/gerard-david_two-legends-of-st-nicholas-1.jpg,"The viewer is likely to associate the following emotions with the image: awe (probability: 0.30), contentment (probability: 0.22).",there is a barrel in the right. there is a child in the top right. there is a child in the right. there is a robe in the top. there is a child in the top right,"The main colors are: saddlebrown, lightgray, gray","The depth values span a full normalized range from 0 (nearest) to 1 (farthest).
On average, the depth is around 0.44 (with moderate variation, std ≈ 0.26).
Most pixels fall into the **mid** depth band (40.2% of the image), while the remaining pixels are split between the other bands.

Depth distribution by band:
  • Near [0.00–0.33]: 38.1% of pixels
  • Mid [0.33–0.67]: 40.2% of pixels
  • Far [0.67–1.00]: 21.5% of pixels"
Post_Impressionism/henri-matisse_woman-with-mandolin-1922.jpg,"The viewer is likely to associate the following emotions with the image: contentment (probability: 0.39), amusement (probability: 0.16).",there is a dress in the right. there is a tennis racket in the right. there is a window in the top right. there is a window in the top,"The main colors are: gray, silver, darkolivegreen","The depth values span a full normalized range from 0 (nearest) to 1 (farthest).
On average, the depth is around 0.58 (with moderate variation, std ≈ 0.19).
Most pixels fall into the **mid** depth band (47.4% of the image), while the remaining pixels are split between the other bands.

Depth distribution by band:
  • Near [0.00–0.33]: 11.8% of pixels
  • Mid [0.33–0.67]: 47.4% of pixels
  • Far [0.67–1.00]: 40.9% of pixels"
Romanticism/camille-corot_the-destruction-of-sodom-1857.jpg,"The viewer is likely to associate the following emotions with the image: sadness (probability: 0.31), fear (probability: 0.22).",there is a woman in the bottom left. there is a woman in the bottom left. there is a artist in the bottom left. there is a graveyard in the left. there is a person in the bottom,"The main colors are: sienna, black, saddlebrown","The depth values span a full normalized range from 0 (nearest) to 1 (farthest).
On average, the depth is around 0.25 (with moderate variation, std ≈ 0.16).
Most pixels fall into the **near** depth band (73.0% of the image), while the remaining pixels are split between the other bands.

Depth distribution by band:
  • Near [0.00–0.33]: 73.0% of pixels
  • Mid [0.33–0.67]: 25.5% of pixels
  • Far [0.67–1.00]: 1.5% of pixels"
Pop_Art/hiro-yamagata_not-detected-272395.jpg,"The viewer is likely to associate the following emotions with the image: excitement (probability: 0.33), amusement (probability: 0.28).",there is a art in the center. there is a neon light in the right. there is a poster in the left. there is a poster in the top,"The main colors are: indianred, darkslategray, darkgray","The depth values span a full normalized range from 0 (nearest) to 1 (farthest).
On average, the depth is around 0.44 (with moderate variation, std ≈ 0.30).
Most pixels fall into the **near** depth band (44.6% of the image), while the remaining pixels are split between the other bands.

Depth distribution by band:
  • Near [0.00–0.33]: 44.6% of pixels
  • Mid [0.33–0.67]: 25.8% of pixels
  • Far [0.67–1.00]: 28.5% of pixels"
Baroque/josefa-de-obidos_st-mary-magdalene-1650.jpg,"The viewer is likely to associate the following emotions with the image: awe (probability: 0.21), sadness (probability: 0.19).",there is a woman in the center. there is a table in the bottom right. there is a hand in the center. there is a hand in the right. there is a lamp in the right. there is a typewriter in the right. there is a oil lamp in the right,"The main colors are: black, tan, sienna","The depth values span a full normalized range from 0 (nearest) to 1 (farthest).
On average, the depth is around 0.19 (with moderate variation, std ≈ 0.18).
Most pixels fall into the **near** depth band (88.2% of the image), while the remaining pixels are split between the other bands.

Depth distribution by band:
  • Near [0.00–0.33]: 88.2% of pixels
  • Mid [0.33–0.67]: 6.7% of pixels
  • Far [0.67–1.00]: 5.0% of pixels"
Symbolism/kuzma-petrov-vodkin_samarkand-1926.jpg,"The viewer is likely to associate the following emotions with the image: contentment (probability: 0.32), amusement (probability: 0.17).",there is a man in the left. there is a woman in the center,"The main colors are: dimgray, lightseagreen, rosybrown","The depth values span a full normalized range from 0 (nearest) to 1 (farthest).
On average, the depth is around 0.52 (with moderate variation, std ≈ 0.20).
Most pixels fall into the **mid** depth band (58.2% of the image), while the remaining pixels are split between the other bands.

Depth distribution by band:
  • Near [0.00–0.33]: 17.4% of pixels
  • Mid [0.33–0.67]: 58.2% of pixels
  • Far [0.67–1.00]: 24.2% of pixels"
Art_Nouveau_Modern/michel-simonidy_tulipes-1923.jpg,"The viewer is likely to associate the following emotions with the image: sadness (probability: 0.31), contentment (probability: 0.24).",there is a blue drawing in the center. there is a vase in the bottom,"The main colors are: darkslategray, gray, darkolivegreen","The depth values span a full normalized range from 0 (nearest) to 1 (farthest).
On average, the depth is around 0.27 (with moderate variation, std ≈ 0.16).
Most pixels fall into the **near** depth band (76.3% of the image), while the remaining pixels are split between the other bands.

Depth distribution by band:
  • Near [0.00–0.33]: 76.3% of pixels
  • Mid [0.33–0.67]: 20.4% of pixels
  • Far [0.67–1.00]: 3.3% of pixels"
Symbolism/felicien-rops_sex-position-69.jpg,"The viewer is likely to associate the following emotions with the image: amusement (probability: 0.21), contentment (probability: 0.16).",there is a bed in the center. there is a canopy in the top right,"The main colors are: rosybrown, silver, gray","The depth values span a full normalized range from 0 (nearest) to 1 (farthest).
On average, the depth is around 0.65 (with moderate variation, std ≈ 0.18).
Most pixels fall into the **far** depth band (48.7% of the image), while the remaining pixels are split between the other bands.

Depth distribution by band:
  • Near [0.00–0.33]: 4.9% of pixels
  • Mid [0.33–0.67]: 46.1% of pixels
  • Far [0.67–1.00]: 48.7% of pixels"
Post_Impressionism/mario-zanini_vilarejo-com-marinha.jpg,"The viewer is likely to associate the following emotions with the image: contentment (probability: 0.58), sadness (probability: 0.11).",there is a boat in the bottom left. there is a building in the center. there is a person in the bottom. there is a person in the bottom left. there is a person in the bottom left,"The main colors are: darkkhaki, darkolivegreen, silver","The depth values span a full normalized range from 0 (nearest) to 1 (farthest).
On average, the depth is around 0.59 (with moderate variation, std ≈ 0.20).
Most pixels fall into the **far** depth band (45.9% of the image), while the remaining pixels are split between the other bands.

Depth distribution by band:
  • Near [0.00–0.33]: 13.7% of pixels
  • Mid [0.33–0.67]: 40.4% of pixels
  • Far [0.67–1.00]: 45.9% of pixels"
Symbolism/felicien-rops_satanic-self-portrait.jpg,"The viewer is likely to associate the following emotions with the image: contentment (probability: 0.23), sadness (probability: 0.19).",there is a dress in the right,"The main colors are: silver, dimgray, lightgray","The depth values span a full normalized range from 0 (nearest) to 1 (farthest).
On average, the depth is around 0.68 (with moderate variation, std ≈ 0.19).
Most pixels fall into the **far** depth band (65.1% of the image), while the remaining pixels are split between the other bands.

Depth distribution by band:
  • Near [0.00–0.33]: 8.6% of pixels
  • Mid [0.33–0.67]: 26.3% of pixels
  • Far [0.67–1.00]: 65.1% of pixels"
Art_Nouveau_Modern/jacek-malczewski_self-portrait-with-death.jpg,"The viewer is likely to associate the following emotions with the image: contentment (probability: 0.22), awe (probability: 0.21).",there is a man in the center. there is a cup in the right. there is a hand in the bottom. there is a hand in the right. there is a hand in the right. there is a art in the top left. there is a apron in the center,"The main colors are: dimgray, rosybrown, darkolivegreen","The depth values span a full normalized range from 0 (nearest) to 1 (farthest).
On average, the depth is around 0.40 (with moderate variation, std ≈ 0.16).
Most pixels fall into the **mid** depth band (56.5% of the image), while the remaining pixels are split between the other bands.

Depth distribution by band:
  • Near [0.00–0.33]: 38.0% of pixels
  • Mid [0.33–0.67]: 56.5% of pixels
  • Far [0.67–1.00]: 5.5% of pixels"
Post_Impressionism/theo-van-rysselberghe_the-gardens-of-generalife-in-grenada-1913.jpg,"The viewer is likely to associate the following emotions with the image: contentment (probability: 0.51), awe (probability: 0.23).",there is a pot in the right. there is a pot in the center. there is a pillar in the top left. there is a pillar in the top right. there is a flower in the right. there is a plate in the center,"The main colors are: sienna, gainsboro, tan","The depth values span a full normalized range from 0 (nearest) to 1 (farthest).
On average, the depth is around 0.70 (with moderate variation, std ≈ 0.23).
Most pixels fall into the **far** depth band (61.0% of the image), while the remaining pixels are split between the other bands.

Depth distribution by band:
  • Near [0.00–0.33]: 9.6% of pixels
  • Mid [0.33–0.67]: 26.9% of pixels
  • Far [0.67–1.00]: 61.0% of pixels"
Pop_Art/claes-oldenburg_two-cheeseburgers-with-everything-dual-hamburgers-1962.jpg,"The viewer is likely to associate the following emotions with the image: contentment (probability: 0.25), something else (probability: 0.19).",there is a cake in the center. there is a platter in the bottom. there is a jam in the center. there is a lettuce spinach in the bottom. there is a jam in the left. there is a cheese in the left. there is a cheese in the center. there is a cheese in the center. there is a cheeseburger in the center. there is a cheeseburger in the left,"The main colors are: lavender, darkslategray, darkkhaki","The depth values span a full normalized range from 0 (nearest) to 1 (farthest).
On average, the depth is around 0.72 (with moderate variation, std ≈ 0.30).
Most pixels fall into the **far** depth band (71.6% of the image), while the remaining pixels are split between the other bands.

Depth distribution by band:
  • Near [0.00–0.33]: 19.2% of pixels
  • Mid [0.33–0.67]: 9.2% of pixels
  • Far [0.67–1.00]: 71.6% of pixels"
Art_Nouveau_Modern/aubrey-beardsley_the-ascention-of-saint-rose-of-lima.jpg,"The viewer is likely to associate the following emotions with the image: fear (probability: 0.19), awe (probability: 0.17).",there is a illustration in the top. there is a dress in the right,"The main colors are: rosybrown, beige, darkslategray","The depth values span a full normalized range from 0 (nearest) to 1 (farthest).
On average, the depth is around 0.74 (with moderate variation, std ≈ 0.37).
Most pixels fall into the **far** depth band (63.4% of the image), while the remaining pixels are split between the other bands.

Depth distribution by band:
  • Near [0.00–0.33]: 20.5% of pixels
  • Mid [0.33–0.67]: 4.9% of pixels
  • Far [0.67–1.00]: 63.4% of pixels"
Romanticism/edwin-henry-landseer_the-monkey-who-had-seen-the-world.jpg,"The viewer is likely to associate the following emotions with the image: contentment (probability: 0.32), awe (probability: 0.20).",there is a animal in the bottom left. there is a man in the center. there is a tree in the right. there is a tree in the center. there is a animal in the bottom right. there is a tree in the top left. there is a animal in the left,"The main colors are: saddlebrown, darkkhaki, black","The depth values span a full normalized range from 0 (nearest) to 1 (farthest).
On average, the depth is around 0.27 (with moderate variation, std ≈ 0.21).
Most pixels fall into the **near** depth band (69.1% of the image), while the remaining pixels are split between the other bands.

Depth distribution by band:
  • Near [0.00–0.33]: 69.1% of pixels
  • Mid [0.33–0.67]: 24.0% of pixels
  • Far [0.67–1.00]: 6.9% of pixels"
Post_Impressionism/maurice-prendergast_may-day-central-park.jpg,"The viewer is likely to associate the following emotions with the image: contentment (probability: 0.31), excitement (probability: 0.25).",there is a umbrella in the bottom left. there is a crowd in the bottom. there is a tree in the left. there is a dress person in the bottom left. there is a tree in the center. there is a tree in the center. there is a umbrella in the bottom left. there is a dress in the bottom. there is a dress in the bottom left. there is a dress in the bottom. there is a tree in the center. there is a umbrella in the bottom left. there is a umbrella in the bottom left. there is a dress in the bottom. there is a umbrella in the bottom,"The main colors are: darkslategray, darkkhaki, dimgray","The depth values span a full normalized range from 0 (nearest) to 1 (farthest).
On average, the depth is around 0.34 (with moderate variation, std ≈ 0.23).
Most pixels fall into the **near** depth band (59.0% of the image), while the remaining pixels are split between the other bands.

Depth distribution by band:
  • Near [0.00–0.33]: 59.0% of pixels
  • Mid [0.33–0.67]: 29.1% of pixels
  • Far [0.67–1.00]: 11.7% of pixels"
Rococo/canaletto_capriccio-the-grand-canal-with-an-imaginary-rialto-bridge-and-other-buildings.jpg,"The viewer is likely to associate the following emotions with the image: awe (probability: 0.48), contentment (probability: 0.26).",there is a boat in the bottom left. there is a bridge in the bottom. there is a water waterway in the bottom. there is a building in the left. there is a boat in the bottom. there is a city view in the center. there is a boat in the bottom left. there is a building in the bottom,"The main colors are: gray, gainsboro, darkslategray","The depth values span a full normalized range from 0 (nearest) to 1 (farthest).
On average, the depth is around 0.53 (with moderate variation, std ≈ 0.33).
Most pixels fall into the **far** depth band (43.7% of the image), while the remaining pixels are split between the other bands.

Depth distribution by band:
  • Near [0.00–0.33]: 40.1% of pixels
  • Mid [0.33–0.67]: 16.0% of pixels
  • Far [0.67–1.00]: 43.7% of pixels"
Realism/nicholas-roerich_idol-1898.jpg,"The viewer is likely to associate the following emotions with the image: fear (probability: 0.36), sadness (probability: 0.18).",there is a log in the center. there is a man in the top. there is a person in the center. there is a stool in the top right. there is a photo in the center,"The main colors are: dimgray, darkslategray, tan","The depth values span a full normalized range from 0 (nearest) to 1 (farthest).
On average, the depth is around 0.33 (with moderate variation, std ≈ 0.20).
Most pixels fall into the **near** depth band (67.8% of the image), while the remaining pixels are split between the other bands.

Depth distribution by band:
  • Near [0.00–0.33]: 67.8% of pixels
  • Mid [0.33–0.67]: 21.3% of pixels
  • Far [0.67–1.00]: 10.9% of pixels"
Realism/vasily-surikov_yermak-s-conquest-of-siberia-1895.jpg,"The viewer is likely to associate the following emotions with the image: awe (probability: 0.42), contentment (probability: 0.14).",there is a man in the bottom left. there is a gun in the bottom left. there is a boat in the bottom. there is a water in the bottom left. there is a boat in the bottom left. there is a gun in the bottom left. there is a person in the bottom left,"The main colors are: darkslategray, silver, dimgray","The depth values span a full normalized range from 0 (nearest) to 1 (farthest).
On average, the depth is around 0.39 (with moderate variation, std ≈ 0.22).
Most pixels fall into the **mid** depth band (45.5% of the image), while the remaining pixels are split between the other bands.

Depth distribution by band:
  • Near [0.00–0.33]: 42.4% of pixels
  • Mid [0.33–0.67]: 45.5% of pixels
  • Far [0.67–1.00]: 12.0% of pixels"
Baroque/cornelis-de-vos_the-triumph-of-bacchus.jpg,"The viewer is likely to associate the following emotions with the image: awe (probability: 0.26), amusement (probability: 0.18).",there is a donkey in the bottom. there is a tiger in the bottom left. there is a artist in the center. there is a man in the left. there is a wagon in the bottom. there is a animal in the center. there is a person in the left. there is a person in the bottom,"The main colors are: darkolivegreen, gray, wheat","The depth values span a full normalized range from 0 (nearest) to 1 (farthest).
On average, the depth is around 0.36 (with moderate variation, std ≈ 0.23).
Most pixels fall into the **near** depth band (54.9% of the image), while the remaining pixels are split between the other bands.

Depth distribution by band:
  • Near [0.00–0.33]: 54.9% of pixels
  • Mid [0.33–0.67]: 33.2% of pixels
  • Far [0.67–1.00]: 11.4% of pixels"
Northern_Renaissance/hans-baldung_aristotle-and-phyllis-1513.jpg,"The viewer is likely to associate the following emotions with the image: awe (probability: 0.20), contentment (probability: 0.15).",there is a tree in the top right. there is a man in the center. there is a animal in the center. there is a illustration in the center. there is a person in the top left,"The main colors are: dimgray, gainsboro, darkgray","The depth values span a full normalized range from 0 (nearest) to 1 (farthest).
On average, the depth is around 0.71 (with moderate variation, std ≈ 0.35).
Most pixels fall into the **far** depth band (51.2% of the image), while the remaining pixels are split between the other bands.

Depth distribution by band:
  • Near [0.00–0.33]: 23.3% of pixels
  • Mid [0.33–0.67]: 10.9% of pixels
  • Far [0.67–1.00]: 51.2% of pixels"
Romanticism/caspar-david-friedrich_funeral-scene-at-the-beach.jpg,"The viewer is likely to associate the following emotions with the image: contentment (probability: 0.28), awe (probability: 0.19).",there is a tree in the center. there is a woman in the bottom. there is a man in the bottom left. there is a tree in the center. there is a couple in the bottom left. there is a stone in the bottom,"The main colors are: peru, bisque, saddlebrown","The depth values span a full normalized range from 0 (nearest) to 1 (farthest).
On average, the depth is around 0.72 (with moderate variation, std ≈ 0.25).
Most pixels fall into the **far** depth band (68.1% of the image), while the remaining pixels are split between the other bands.

Depth distribution by band:
  • Near [0.00–0.33]: 12.2% of pixels
  • Mid [0.33–0.67]: 19.1% of pixels
  • Far [0.67–1.00]: 68.1% of pixels"
Symbolism/arnold-bã¶cklin_self-portrait-with-death-as-a-fiddler-1872.jpg,"The viewer is likely to associate the following emotions with the image: contentment (probability: 0.21), amusement (probability: 0.18).",there is a paint brush in the left. there is a artist in the center. there is a violin in the top right. there is a violinist in the right. there is a catch painter palette in the bottom right. there is a catch in the bottom right,"The main colors are: black, darkolivegreen, darkkhaki","The depth values span a full normalized range from 0 (nearest) to 1 (farthest).
On average, the depth is around 0.17 (with moderate variation, std ≈ 0.17).
Most pixels fall into the **near** depth band (85.8% of the image), while the remaining pixels are split between the other bands.

Depth distribution by band:
  • Near [0.00–0.33]: 85.8% of pixels
  • Mid [0.33–0.67]: 11.5% of pixels
  • Far [0.67–1.00]: 2.7% of pixels"
Symbolism/konstantin-bogaevsky_memories-of-mantegna-1910-1.jpg,"The viewer is likely to associate the following emotions with the image: contentment (probability: 0.35), awe (probability: 0.19).",there is a tree in the left. there is a tree in the center. there is a landscape in the center. there is a tree in the center. there is a person in the left. there is a rock formation in the top. there is a rock formation in the left,"The main colors are: rosybrown, darkslategray, dimgray","The depth values span a full normalized range from 0 (nearest) to 1 (farthest).
On average, the depth is around 0.41 (with moderate variation, std ≈ 0.19).
Most pixels fall into the **mid** depth band (43.3% of the image), while the remaining pixels are split between the other bands.

Depth distribution by band:
  • Near [0.00–0.33]: 42.0% of pixels
  • Mid [0.33–0.67]: 43.3% of pixels
  • Far [0.67–1.00]: 14.8% of pixels"
High_Renaissance/luca-signorelli_the-last-judgment-the-left-part-of-the-composition-the-blessed-consigned-to-paradise-1502.jpg,"The viewer is likely to associate the following emotions with the image: awe (probability: 0.41), fear (probability: 0.14).",there is a doorway in the right. there is a tapestry in the center. there is a angel in the top right. there is a builder in the top right. there is a builder in the top. there is a doorway in the right. there is a person in the top right,"The main colors are: rosybrown, darkslategray, dimgray","The depth values span a full normalized range from 0 (nearest) to 1 (farthest).
On average, the depth is around 0.38 (with moderate variation, std ≈ 0.20).
Most pixels fall into the **mid** depth band (45.7% of the image), while the remaining pixels are split between the other bands.

Depth distribution by band:
  • Near [0.00–0.33]: 44.3% of pixels
  • Mid [0.33–0.67]: 45.7% of pixels
  • Far [0.67–1.00]: 10.1% of pixels"
Realism/boris-kustodiev_chairman-of-the-council-of-ministers-i-l-goremykin-1906.jpg,"The viewer is likely to associate the following emotions with the image: fear (probability: 0.21), amusement (probability: 0.18).",there is a woman in the center. there is a hair in the top. there is a hair in the right. there is a wear in the bottom,"The main colors are: black, gainsboro, gray","The depth values span a full normalized range from 0 (nearest) to 1 (farthest).
On average, the depth is around 0.62 (with moderate variation, std ≈ 0.34).
Most pixels fall into the **far** depth band (61.4% of the image), while the remaining pixels are split between the other bands.

Depth distribution by band:
  • Near [0.00–0.33]: 28.1% of pixels
  • Mid [0.33–0.67]: 10.5% of pixels
  • Far [0.67–1.00]: 61.4% of pixels"
Realism/vincent-van-gogh_winter-garden-1884.jpg,"The viewer is likely to associate the following emotions with the image: fear (probability: 0.37), sadness (probability: 0.18).",there is a tree in the left. there is a woman in the bottom left. there is a path in the bottom,"The main colors are: darkolivegreen, tan, gray","The depth values span a full normalized range from 0 (nearest) to 1 (farthest).
On average, the depth is around 0.50 (with moderate variation, std ≈ 0.21).
Most pixels fall into the **mid** depth band (54.5% of the image), while the remaining pixels are split between the other bands.

Depth distribution by band:
  • Near [0.00–0.33]: 23.0% of pixels
  • Mid [0.33–0.67]: 54.5% of pixels
  • Far [0.67–1.00]: 22.0% of pixels"
Baroque/jan-steen_dancing-couple-detail-1663-1.jpg,"The viewer is likely to associate the following emotions with the image: contentment (probability: 0.25), awe (probability: 0.19).",there is a basket in the top left. there is a painter in the center. there is a painter in the left. there is a person in the bottom right,"The main colors are: darkolivegreen, darkgray, black","The depth values span a full normalized range from 0 (nearest) to 1 (farthest).
On average, the depth is around 0.29 (with moderate variation, std ≈ 0.25).
Most pixels fall into the **near** depth band (63.7% of the image), while the remaining pixels are split between the other bands.

Depth distribution by band:
  • Near [0.00–0.33]: 63.7% of pixels
  • Mid [0.33–0.67]: 24.3% of pixels
  • Far [0.67–1.00]: 12.1% of pixels"
Romanticism/gustave-dore_idylls-of-the-king-5.jpg,"The viewer is likely to associate the following emotions with the image: fear (probability: 0.49), sadness (probability: 0.23).",there is a horse in the right. there is a armor in the center. there is a man in the right. there is a horse in the center. there is a log in the left. there is a spear sword in the center. there is a log in the center. there is a spear sword in the center. there is a spear sword in the top right. there is a sword in the right,"The main colors are: darkslategray, gray","The depth values span a full normalized range from 0 (nearest) to 1 (farthest).
On average, the depth is around 0.24 (with moderate variation, std ≈ 0.18).
Most pixels fall into the **near** depth band (75.7% of the image), while the remaining pixels are split between the other bands.

Depth distribution by band:
  • Near [0.00–0.33]: 75.7% of pixels
  • Mid [0.33–0.67]: 21.3% of pixels
  • Far [0.67–1.00]: 2.8% of pixels"
Early_Renaissance/bartolome-bermejo_the-flagellation-of-st-engracia-1477.jpg,"The viewer is likely to associate the following emotions with the image: fear (probability: 0.21), awe (probability: 0.20).",there is a person man in the top right. there is a person in the top. there is a sword in the top right. there is a mosaic in the center. there is a pillar in the top right. there is a instrument in the top left. there is a robe in the top right. there is a person man in the top right. there is a pillar in the top right. there is a pillar in the top right,"The main colors are: darkolivegreen, rosybrown, black","The depth values span a full normalized range from 0 (nearest) to 1 (farthest).
On average, the depth is around 0.23 (with moderate variation, std ≈ 0.24).
Most pixels fall into the **near** depth band (73.1% of the image), while the remaining pixels are split between the other bands.

Depth distribution by band:
  • Near [0.00–0.33]: 73.1% of pixels
  • Mid [0.33–0.67]: 19.0% of pixels
  • Far [0.67–1.00]: 7.6% of pixels"
Post_Impressionism/georges-lemmen_julie-lemmen-sleeping-in-an-armchair.jpg,"The viewer is likely to associate the following emotions with the image: contentment (probability: 0.28), sadness (probability: 0.25).",there is a woman in the center. there is a armchair in the right,"The main colors are: darkolivegreen, tan, sienna","The depth values span a full normalized range from 0 (nearest) to 1 (farthest).
On average, the depth is around 0.45 (with moderate variation, std ≈ 0.23).
Most pixels fall into the **mid** depth band (45.6% of the image), while the remaining pixels are split between the other bands.

Depth distribution by band:
  • Near [0.00–0.33]: 34.2% of pixels
  • Mid [0.33–0.67]: 45.6% of pixels
  • Far [0.67–1.00]: 20.0% of pixels"
Mannerism_Late_Renaissance/correggio_the-vision-of-st-john-on-patmos-1523.jpg,"The viewer is likely to associate the following emotions with the image: awe (probability: 0.50), contentment (probability: 0.18).",there is a dome in the center,"The main colors are: gray, darkolivegreen, rosybrown","The depth values span a full normalized range from 0 (nearest) to 1 (farthest).
On average, the depth is around 0.45 (with moderate variation, std ≈ 0.18).
Most pixels fall into the **mid** depth band (52.8% of the image), while the remaining pixels are split between the other bands.

Depth distribution by band:
  • Near [0.00–0.33]: 32.5% of pixels
  • Mid [0.33–0.67]: 52.8% of pixels
  • Far [0.67–1.00]: 14.5% of pixels"
Symbolism/mikalojus-ciurlionis_consert-1904.jpg,"The viewer is likely to associate the following emotions with the image: awe (probability: 0.33), fear (probability: 0.18).",there is a graveyard in the top,"The main colors are: gray, darkgray, dimgray","The depth values span a full normalized range from 0 (nearest) to 1 (farthest).
On average, the depth is around 0.52 (with moderate variation, std ≈ 0.15).
Most pixels fall into the **mid** depth band (66.9% of the image), while the remaining pixels are split between the other bands.

Depth distribution by band:
  • Near [0.00–0.33]: 13.7% of pixels
  • Mid [0.33–0.67]: 66.9% of pixels
  • Far [0.67–1.00]: 19.3% of pixels"
Romanticism/john-everett-millais_the-knight-errant.jpg,"The viewer is likely to associate the following emotions with the image: awe (probability: 0.18), contentment (probability: 0.15).",there is a sword in the right. there is a person man in the center. there is a man in the right. there is a tree in the top left. there is a tree in the center,"The main colors are: saddlebrown, black, darkkhaki","The depth values span a full normalized range from 0 (nearest) to 1 (farthest).
On average, the depth is around 0.24 (with moderate variation, std ≈ 0.23).
Most pixels fall into the **near** depth band (74.9% of the image), while the remaining pixels are split between the other bands.

Depth distribution by band:
  • Near [0.00–0.33]: 74.9% of pixels
  • Mid [0.33–0.67]: 18.0% of pixels
  • Far [0.67–1.00]: 6.7% of pixels"
Pop_Art/hiro-yamagata_atlanta-1996-womens-softball.jpg,"The viewer is likely to associate the following emotions with the image: amusement (probability: 0.33), excitement (probability: 0.30).",there is a baseball player in the top. there is a baseball bat bat in the top right,"The main colors are: peru, lightgray, darkslategray","The depth values span a full normalized range from 0 (nearest) to 1 (farthest).
On average, the depth is around 0.57 (with moderate variation, std ≈ 0.34).
Most pixels fall into the **far** depth band (51.2% of the image), while the remaining pixels are split between the other bands.

Depth distribution by band:
  • Near [0.00–0.33]: 31.9% of pixels
  • Mid [0.33–0.67]: 14.5% of pixels
  • Far [0.67–1.00]: 51.2% of pixels"
Symbolism/kuzma-petrov-vodkin_arrangement-1918.jpg,"The viewer is likely to associate the following emotions with the image: sadness (probability: 0.28), fear (probability: 0.19).",there is a person in the left. there is a woman in the bottom left,"The main colors are: darkgray, dimgray, darkslategray","The depth values span a full normalized range from 0 (nearest) to 1 (farthest).
On average, the depth is around 0.43 (with moderate variation, std ≈ 0.15).
Most pixels fall into the **mid** depth band (62.3% of the image), while the remaining pixels are split between the other bands.

Depth distribution by band:
  • Near [0.00–0.33]: 29.1% of pixels
  • Mid [0.33–0.67]: 62.3% of pixels
  • Far [0.67–1.00]: 8.7% of pixels"
Romanticism/william-turner_louth-lincolnshire.jpg,"The viewer is likely to associate the following emotions with the image: awe (probability: 0.42), contentment (probability: 0.23).",there is a crowd in the bottom. there is a person in the bottom. there is a person in the bottom. there is a person in the bottom left. there is a building in the bottom. there is a building in the center. there is a building in the left,"The main colors are: dimgray, darkslategray, peru","The depth values span a full normalized range from 0 (nearest) to 1 (farthest).
On average, the depth is around 0.40 (with moderate variation, std ≈ 0.19).
Most pixels fall into the **mid** depth band (48.7% of the image), while the remaining pixels are split between the other bands.

Depth distribution by band:
  • Near [0.00–0.33]: 40.9% of pixels
  • Mid [0.33–0.67]: 48.7% of pixels
  • Far [0.67–1.00]: 10.3% of pixels"
Romanticism/theodore-gericault_five-horses-seen-from-behind-with-croupes-in-a-stable-1822.jpg,"The viewer is likely to associate the following emotions with the image: awe (probability: 0.22), contentment (probability: 0.21).",there is a blanket in the left. there is a donkey in the bottom right. there is a blanket in the center. there is a horse in the bottom left. there is a blanket in the right. there is a horse in the bottom. there is a horse in the bottom,"The main colors are: sienna, darkslategray, darkkhaki","The depth values span a full normalized range from 0 (nearest) to 1 (farthest).
On average, the depth is around 0.38 (with moderate variation, std ≈ 0.26).
Most pixels fall into the **near** depth band (50.7% of the image), while the remaining pixels are split between the other bands.

Depth distribution by band:
  • Near [0.00–0.33]: 50.7% of pixels
  • Mid [0.33–0.67]: 31.8% of pixels
  • Far [0.67–1.00]: 16.4% of pixels"
Minimalism/bruce-nauman_untitled-hand-circle-1996.jpg,"The viewer is likely to associate the following emotions with the image: disgust (probability: 0.18), something else (probability: 0.17).",there is a person in the bottom left. there is a rope in the left. there is a string in the top left. there is a string in the top. there is a hand in the bottom,"The main colors are: darkolivegreen, gainsboro, rosybrown","The depth values span a full normalized range from 0 (nearest) to 1 (farthest).
On average, the depth is around 0.76 (with moderate variation, std ≈ 0.24).
Most pixels fall into the **far** depth band (73.0% of the image), while the remaining pixels are split between the other bands.

Depth distribution by band:
  • Near [0.00–0.33]: 10.0% of pixels
  • Mid [0.33–0.67]: 17.0% of pixels
  • Far [0.67–1.00]: 73.0% of pixels"
Pop_Art/valerio-adami_a-midsummer-night-s-dream-1983.jpg,"The viewer is likely to associate the following emotions with the image: amusement (probability: 0.23), excitement (probability: 0.17).",there is a dog in the bottom. there is a woman in the center,"The main colors are: black, sienna, peru","The depth values span a full normalized range from 0 (nearest) to 1 (farthest).
On average, the depth is around 0.34 (with moderate variation, std ≈ 0.27).
Most pixels fall into the **near** depth band (56.8% of the image), while the remaining pixels are split between the other bands.

Depth distribution by band:
  • Near [0.00–0.33]: 56.8% of pixels
  • Mid [0.33–0.67]: 22.3% of pixels
  • Far [0.67–1.00]: 20.8% of pixels"
Romanticism/ivan-aivazovsky_the-shipwreck-1894.jpg,"The viewer is likely to associate the following emotions with the image: fear (probability: 0.45), awe (probability: 0.21).",there is a boat in the bottom left. there is a water in the bottom left,"The main colors are: lightslategray, lightgray, darkslategray","The depth values span a full normalized range from 0 (nearest) to 1 (farthest).
On average, the depth is around 0.59 (with moderate variation, std ≈ 0.26).
Most pixels fall into the **far** depth band (47.6% of the image), while the remaining pixels are split between the other bands.

Depth distribution by band:
  • Near [0.00–0.33]: 22.7% of pixels
  • Mid [0.33–0.67]: 29.7% of pixels
  • Far [0.67–1.00]: 47.6% of pixels"
Abstract_Expressionism/sam-francis_untitled-sf220s-1976.jpg,"The viewer is likely to associate the following emotions with the image: something else (probability: 0.17), contentment (probability: 0.14).",there is a art in the center,"The main colors are: gainsboro, rosybrown, darkslategray","The depth values span a full normalized range from 0 (nearest) to 1 (farthest).
On average, the depth is around 0.68 (with moderate variation, std ≈ 0.26).
Most pixels fall into the **far** depth band (65.5% of the image), while the remaining pixels are split between the other bands.

Depth distribution by band:
  • Near [0.00–0.33]: 16.8% of pixels
  • Mid [0.33–0.67]: 17.6% of pixels
  • Far [0.67–1.00]: 65.5% of pixels"
Baroque/frans-hals_portrait-of-a-man-nicolaes-pietersz-duyst-van-voorhou.jpg,"The viewer is likely to associate the following emotions with the image: contentment (probability: 0.25), amusement (probability: 0.20).",there is a artist in the center. there is a hat in the top,"The main colors are: black, darkolivegreen, rosybrown","The depth values span a full normalized range from 0 (nearest) to 1 (farthest).
On average, the depth is around 0.23 (with moderate variation, std ≈ 0.20).
Most pixels fall into the **near** depth band (78.0% of the image), while the remaining pixels are split between the other bands.

Depth distribution by band:
  • Near [0.00–0.33]: 78.0% of pixels
  • Mid [0.33–0.67]: 14.6% of pixels
  • Far [0.67–1.00]: 7.4% of pixels"
Romanticism/gustave-dore_transformation-into-snakes.jpg,"The viewer is likely to associate the following emotions with the image: fear (probability: 0.45), sadness (probability: 0.17).",there is a man in the right. there is a octopus in the right. there is a person in the center. there is a floor in the center. there is a person in the right,"The main colors are: darkslategray, whitesmoke, darkgray","The depth values span a full normalized range from 0 (nearest) to 1 (farthest).
On average, the depth is around 0.56 (with moderate variation, std ≈ 0.34).
Most pixels fall into the **near** depth band (29.8% of the image), while the remaining pixels are split between the other bands.

Depth distribution by band:
  • Near [0.00–0.33]: 29.8% of pixels
  • Mid [0.33–0.67]: 29.1% of pixels
  • Far [0.67–1.00]: 22.7% of pixels"
Northern_Renaissance/albrecht-durer_st-catherine-and-the-executioner.jpg,"The viewer is likely to associate the following emotions with the image: amusement (probability: 0.23), contentment (probability: 0.23).",there is a sword in the top. there is a woman in the right. there is a woman in the top. there is a woman in the center,"The main colors are: gainsboro, gray, darkgray","The depth values span a full normalized range from 0 (nearest) to 1 (farthest).
On average, the depth is around 0.81 (with moderate variation, std ≈ 0.19).
Most pixels fall into the **far** depth band (83.1% of the image), while the remaining pixels are split between the other bands.

Depth distribution by band:
  • Near [0.00–0.33]: 4.6% of pixels
  • Mid [0.33–0.67]: 12.3% of pixels
  • Far [0.67–1.00]: 83.1% of pixels"
Romanticism/caspar-david-friedrich_boy-sleeping-on-a-grave.jpg,"The viewer is likely to associate the following emotions with the image: sadness (probability: 0.20), contentment (probability: 0.20).",there is a cross in the left. there is a man in the bottom. there is a floor in the center. there is a animal in the center,"The main colors are: silver, gray, dimgray","The depth values span a full normalized range from 0 (nearest) to 1 (farthest).
On average, the depth is around 0.62 (with moderate variation, std ≈ 0.29).
Most pixels fall into the **far** depth band (63.5% of the image), while the remaining pixels are split between the other bands.

Depth distribution by band:
  • Near [0.00–0.33]: 21.5% of pixels
  • Mid [0.33–0.67]: 14.2% of pixels
  • Far [0.67–1.00]: 63.5% of pixels"
Early_Renaissance/benozzo-gozzoli_st-francis-in-glory-and-saints.jpg,"The viewer is likely to associate the following emotions with the image: awe (probability: 0.60), contentment (probability: 0.18).",there is a mosaic in the center. there is a ceiling in the top. there is a pillar in the top,"The main colors are: rosybrown, darkslategray, dimgray","The depth values span a full normalized range from 0 (nearest) to 1 (farthest).
On average, the depth is around 0.38 (with moderate variation, std ≈ 0.20).
Most pixels fall into the **near** depth band (46.2% of the image), while the remaining pixels are split between the other bands.

Depth distribution by band:
  • Near [0.00–0.33]: 46.2% of pixels
  • Mid [0.33–0.67]: 43.8% of pixels
  • Far [0.67–1.00]: 10.0% of pixels"
Mannerism_Late_Renaissance/paolo-veronese_ceiling-of-the-sala-dell-olimpo.jpg,"The viewer is likely to associate the following emotions with the image: awe (probability: 0.51), contentment (probability: 0.18).",there is a building in the center. there is a ceiling in the top,"The main colors are: darkslategray, dimgray, darkgray","The depth values span a full normalized range from 0 (nearest) to 1 (farthest).
On average, the depth is around 0.46 (with moderate variation, std ≈ 0.22).
Most pixels fall into the **mid** depth band (50.4% of the image), while the remaining pixels are split between the other bands.

Depth distribution by band:
  • Near [0.00–0.33]: 28.8% of pixels
  • Mid [0.33–0.67]: 50.4% of pixels
  • Far [0.67–1.00]: 20.7% of pixels"
Realism/aleksey-savrasov_stone-in-the-forest-near-the-spill-1850.jpg,"The viewer is likely to associate the following emotions with the image: contentment (probability: 0.41), awe (probability: 0.30).",there is a person in the center. there is a person in the center. there is a tree in the center. there is a wood in the bottom. there is a jungle in the left,"The main colors are: silver, black, dimgray","The depth values span a full normalized range from 0 (nearest) to 1 (farthest).
On average, the depth is around 0.29 (with moderate variation, std ≈ 0.28).
Most pixels fall into the **near** depth band (64.0% of the image), while the remaining pixels are split between the other bands.

Depth distribution by band:
  • Near [0.00–0.33]: 64.0% of pixels
  • Mid [0.33–0.67]: 20.9% of pixels
  • Far [0.67–1.00]: 15.1% of pixels"
Realism/james-tissot_caricature-of-george-william-pierrepont-bentinck-m-p.jpg,"The viewer is likely to associate the following emotions with the image: amusement (probability: 0.29), contentment (probability: 0.27).",there is a man in the top. there is a stool in the right. there is a armchair in the center,"The main colors are: darkslategray, lightgray, dimgray","The depth values span a full normalized range from 0 (nearest) to 1 (farthest).
On average, the depth is around 0.52 (with moderate variation, std ≈ 0.26).
Most pixels fall into the **far** depth band (38.5% of the image), while the remaining pixels are split between the other bands.

Depth distribution by band:
  • Near [0.00–0.33]: 30.3% of pixels
  • Mid [0.33–0.67]: 31.1% of pixels
  • Far [0.67–1.00]: 38.5% of pixels"
Realism/vasily-polenov_terem-palace-exterior-1877.jpg,"The viewer is likely to associate the following emotions with the image: awe (probability: 0.63), contentment (probability: 0.22).",there is a monastery in the top. there is a person in the center. there is a person in the center. there is a pillar in the right,"The main colors are: tan, gray, darkolivegreen","The depth values span a full normalized range from 0 (nearest) to 1 (farthest).
On average, the depth is around 0.47 (with moderate variation, std ≈ 0.20).
Most pixels fall into the **mid** depth band (58.1% of the image), while the remaining pixels are split between the other bands.

Depth distribution by band:
  • Near [0.00–0.33]: 23.9% of pixels
  • Mid [0.33–0.67]: 58.1% of pixels
  • Far [0.67–1.00]: 18.0% of pixels"
Symbolism/harry-clarke_tales-of-mystery-and-imagination-by-edgar-allan-poe-1923-11.jpg,"The viewer is likely to associate the following emotions with the image: fear (probability: 0.42), sadness (probability: 0.15).",there is a illustration in the right. there is a man in the center. there is a sword in the top right. there is a sword in the top right,"The main colors are: darkslategray, dimgray, wheat","The depth values span a full normalized range from 0 (nearest) to 1 (farthest).
On average, the depth is around 0.27 (with moderate variation, std ≈ 0.27).
Most pixels fall into the **near** depth band (76.6% of the image), while the remaining pixels are split between the other bands.

Depth distribution by band:
  • Near [0.00–0.33]: 76.6% of pixels
  • Mid [0.33–0.67]: 9.0% of pixels
  • Far [0.67–1.00]: 14.3% of pixels"
Ukiyo_e/utagawa-kuniyoshi_osho-catching-a-carp.jpg,"The viewer is likely to associate the following emotions with the image: contentment (probability: 0.25), amusement (probability: 0.16).",there is a woman in the bottom left. there is a tree in the left. there is a illustration in the left. there is a tree in the left. there is a fish in the bottom. there is a fish in the bottom left,"The main colors are: rosybrown, darkslategray, wheat","The depth values span a full normalized range from 0 (nearest) to 1 (farthest).
On average, the depth is around 0.52 (with moderate variation, std ≈ 0.31).
Most pixels fall into the **far** depth band (39.1% of the image), while the remaining pixels are split between the other bands.

Depth distribution by band:
  • Near [0.00–0.33]: 33.8% of pixels
  • Mid [0.33–0.67]: 25.9% of pixels
  • Far [0.67–1.00]: 39.1% of pixels"
Northern_Renaissance/hieronymus-bosch_death-and-the-miser-1490.jpg,"The viewer is likely to associate the following emotions with the image: fear (probability: 0.25), awe (probability: 0.16).",there is a robe in the bottom. there is a pillar in the left. there is a table in the center. there is a angel in the center. there is a angel in the top,"The main colors are: saddlebrown, black, peru","The depth values span a full normalized range from 0 (nearest) to 1 (farthest).
On average, the depth is around 0.32 (with moderate variation, std ≈ 0.20).
Most pixels fall into the **near** depth band (56.1% of the image), while the remaining pixels are split between the other bands.

Depth distribution by band:
  • Near [0.00–0.33]: 56.1% of pixels
  • Mid [0.33–0.67]: 36.6% of pixels
  • Far [0.67–1.00]: 7.3% of pixels"
Symbolism/james-tissot_miriam-shut-out-from-the-camp.jpg,"The viewer is likely to associate the following emotions with the image: sadness (probability: 0.34), contentment (probability: 0.32).",there is a woman in the top. there is a floor in the center. there is a stone building in the top. there is a doorway in the top right,"The main colors are: dimgray, darkgray, darkslategray","The depth values span a full normalized range from 0 (nearest) to 1 (farthest).
On average, the depth is around 0.45 (with moderate variation, std ≈ 0.22).
Most pixels fall into the **mid** depth band (40.7% of the image), while the remaining pixels are split between the other bands.

Depth distribution by band:
  • Near [0.00–0.33]: 36.6% of pixels
  • Mid [0.33–0.67]: 40.7% of pixels
  • Far [0.67–1.00]: 22.7% of pixels"
Baroque/anthony-van-dyck_studies-of-a-man0s-head.jpg,"The viewer is likely to associate the following emotions with the image: sadness (probability: 0.23), fear (probability: 0.20).",there is a artist in the left. there is a portrait in the center. there is a beard in the bottom left. there is a beard in the bottom,"The main colors are: black, rosybrown, darkolivegreen","The depth values span a full normalized range from 0 (nearest) to 1 (farthest).
On average, the depth is around 0.23 (with moderate variation, std ≈ 0.15).
Most pixels fall into the **near** depth band (81.6% of the image), while the remaining pixels are split between the other bands.

Depth distribution by band:
  • Near [0.00–0.33]: 81.6% of pixels
  • Mid [0.33–0.67]: 15.8% of pixels
  • Far [0.67–1.00]: 2.6% of pixels"
Realism/fyodor-vasilyev_peasant-s-courtyard-1869.jpg,"The viewer is likely to associate the following emotions with the image: contentment (probability: 0.44), awe (probability: 0.19).",there is a woman in the bottom. there is a pillar in the bottom. there is a pillar in the bottom left. there is a cart in the bottom. there is a canopy in the top. there is a pillar in the left. there is a barn in the center. there is a floor in the bottom left. there is a pillar in the bottom. there is a cart in the bottom,"The main colors are: linen, darkslategray, darkkhaki","The depth values span a full normalized range from 0 (nearest) to 1 (farthest).
On average, the depth is around 0.53 (with moderate variation, std ≈ 0.34).
Most pixels fall into the **far** depth band (41.2% of the image), while the remaining pixels are split between the other bands.

Depth distribution by band:
  • Near [0.00–0.33]: 37.0% of pixels
  • Mid [0.33–0.67]: 21.5% of pixels
  • Far [0.67–1.00]: 41.2% of pixels"
Ukiyo_e/utagawa-toyokuni_actor-bando-mitsugoro-iii-as-ko-no-moronao-1814.jpg,"The viewer is likely to associate the following emotions with the image: amusement (probability: 0.27), contentment (probability: 0.19).",there is a flower in the top right. there is a flower in the right. there is a catch in the center. there is a scroll in the top right,"The main colors are: gray, tan, black","The depth values span a full normalized range from 0 (nearest) to 1 (farthest).
On average, the depth is around 0.63 (with moderate variation, std ≈ 0.21).
Most pixels fall into the **far** depth band (47.3% of the image), while the remaining pixels are split between the other bands.

Depth distribution by band:
  • Near [0.00–0.33]: 13.2% of pixels
  • Mid [0.33–0.67]: 39.6% of pixels
  • Far [0.67–1.00]: 47.3% of pixels"
Realism/vasily-sadovnikov_interior-of-trinitarian-church-in-vilnius-lithuania-1846.jpg,"The viewer is likely to associate the following emotions with the image: awe (probability: 0.66), contentment (probability: 0.21).",there is a ceiling in the top. there is a altar in the bottom right. there is a building in the center. there is a person in the bottom right. there is a person in the bottom right. there is a altar in the bottom left,"The main colors are: tan, saddlebrown, gray","The depth values span a full normalized range from 0 (nearest) to 1 (farthest).
On average, the depth is around 0.51 (with moderate variation, std ≈ 0.24).
Most pixels fall into the **mid** depth band (47.3% of the image), while the remaining pixels are split between the other bands.

Depth distribution by band:
  • Near [0.00–0.33]: 24.6% of pixels
  • Mid [0.33–0.67]: 47.3% of pixels
  • Far [0.67–1.00]: 27.8% of pixels"
Realism/john-everett-millais_once-a-week.jpg,"The viewer is likely to associate the following emotions with the image: fear (probability: 0.35), awe (probability: 0.26).",there is a woman in the top. there is a bird in the top right,"The main colors are: dimgray, darkslategray, gainsboro","The depth values span a full normalized range from 0 (nearest) to 1 (farthest).
On average, the depth is around 0.30 (with moderate variation, std ≈ 0.27).
Most pixels fall into the **near** depth band (65.8% of the image), while the remaining pixels are split between the other bands.

Depth distribution by band:
  • Near [0.00–0.33]: 65.8% of pixels
  • Mid [0.33–0.67]: 21.8% of pixels
  • Far [0.67–1.00]: 11.2% of pixels"
Realism/vincent-van-gogh_peasant-woman-head.jpg,"The viewer is likely to associate the following emotions with the image: contentment (probability: 0.30), sadness (probability: 0.22).",there is a woman in the top. there is a head in the top,"The main colors are: lightgray, darkgray, darkolivegreen","The depth values span a full normalized range from 0 (nearest) to 1 (farthest).
On average, the depth is around 0.77 (with moderate variation, std ≈ 0.19).
Most pixels fall into the **far** depth band (79.9% of the image), while the remaining pixels are split between the other bands.

Depth distribution by band:
  • Near [0.00–0.33]: 5.3% of pixels
  • Mid [0.33–0.67]: 14.7% of pixels
  • Far [0.67–1.00]: 79.9% of pixels"
Abstract_Expressionism/william-congdon_istanbul-no-2-1953.jpg,"The viewer is likely to associate the following emotions with the image: fear (probability: 0.20), something else (probability: 0.18).",there is a bridge in the left. there is a boat in the bottom left. there is a river in the bottom left,"The main colors are: darkslategray, darkolivegreen","The depth values span a full normalized range from 0 (nearest) to 1 (farthest).
On average, the depth is around 0.33 (with moderate variation, std ≈ 0.09).
Most pixels fall into the **near** depth band (54.7% of the image), while the remaining pixels are split between the other bands.

Depth distribution by band:
  • Near [0.00–0.33]: 54.7% of pixels
  • Mid [0.33–0.67]: 45.2% of pixels
  • Far [0.67–1.00]: 0.1% of pixels"
Art_Nouveau_Modern/alexandre-benois_truffaldino-costume-design-for-goldoni-s-comedy-servant-of-two-masters(2).jpg,"The viewer is likely to associate the following emotions with the image: amusement (probability: 0.29), contentment (probability: 0.21).",there is a sword in the top. there is a dress in the top. there is a baseball bat in the center,"The main colors are: floralwhite, darkolivegreen, rosybrown","The depth values span a full normalized range from 0 (nearest) to 1 (farthest).
On average, the depth is around 0.84 (with moderate variation, std ≈ 0.25).
Most pixels fall into the **far** depth band (57.5% of the image), while the remaining pixels are split between the other bands.

Depth distribution by band:
  • Near [0.00–0.33]: 8.7% of pixels
  • Mid [0.33–0.67]: 10.7% of pixels
  • Far [0.67–1.00]: 57.5% of pixels"
Realism/ivan-shishkin_view-of-the-yelabuga-1861.jpg,"The viewer is likely to associate the following emotions with the image: contentment (probability: 0.25), something else (probability: 0.22).",there is a monastery in the bottom left. there is a building in the center. there is a tree in the bottom. there is a monastery in the bottom. there is a tree in the bottom,"The main colors are: gainsboro, silver, darkgray","The depth values span a full normalized range from 0 (nearest) to 1 (farthest).
On average, the depth is around 0.87 (with moderate variation, std ≈ 0.11).
Most pixels fall into the **far** depth band (95.5% of the image), while the remaining pixels are split between the other bands.

Depth distribution by band:
  • Near [0.00–0.33]: 1.4% of pixels
  • Mid [0.33–0.67]: 2.8% of pixels
  • Far [0.67–1.00]: 95.5% of pixels"
Abstract_Expressionism/tsuruko-yamazaki_work-1969.jpg,"The viewer is likely to associate the following emotions with the image: fear (probability: 0.26), excitement (probability: 0.14).",there is a art in the center,"The main colors are: darkolivegreen, black, sienna","The depth values span a full normalized range from 0 (nearest) to 1 (farthest).
On average, the depth is around 0.22 (with moderate variation, std ≈ 0.18).
Most pixels fall into the **near** depth band (79.9% of the image), while the remaining pixels are split between the other bands.

Depth distribution by band:
  • Near [0.00–0.33]: 79.9% of pixels
  • Mid [0.33–0.67]: 15.4% of pixels
  • Far [0.67–1.00]: 4.8% of pixels"
Symbolism/harry-clarke_tales-of-mystery-and-imagination-by-edgar-allan-poe-1923-19.jpg,"The viewer is likely to associate the following emotions with the image: fear (probability: 0.47), sadness (probability: 0.15).",there is a person man in the center. there is a canoe in the center. there is a tree in the center. there is a woman in the center. there is a woman in the center,"The main colors are: dimgray, wheat, darkslategray","The depth values span a full normalized range from 0 (nearest) to 1 (farthest).
On average, the depth is around 0.34 (with moderate variation, std ≈ 0.24).
Most pixels fall into the **near** depth band (65.1% of the image), while the remaining pixels are split between the other bands.

Depth distribution by band:
  • Near [0.00–0.33]: 65.1% of pixels
  • Mid [0.33–0.67]: 20.7% of pixels
  • Far [0.67–1.00]: 13.9% of pixels"
Ukiyo_e/hiroshige_ashida.jpg,"The viewer is likely to associate the following emotions with the image: contentment (probability: 0.39), awe (probability: 0.18).",there is a hillside in the bottom left. there is a tree in the bottom left. there is a person in the bottom left. there is a tree in the left. there is a tree in the center. there is a tree in the bottom left. there is a tree in the bottom left. there is a tree in the bottom left. there is a tree in the bottom left,"The main colors are: darkslategray, linen, darkseagreen","The depth values span a full normalized range from 0 (nearest) to 1 (farthest).
On average, the depth is around 0.53 (with moderate variation, std ≈ 0.32).
Most pixels fall into the **far** depth band (34.6% of the image), while the remaining pixels are split between the other bands.

Depth distribution by band:
  • Near [0.00–0.33]: 30.9% of pixels
  • Mid [0.33–0.67]: 31.3% of pixels
  • Far [0.67–1.00]: 34.6% of pixels"
Realism/claude-monet_the-chapel-notre-dame-de-grace-at-honfleur.jpg,"The viewer is likely to associate the following emotions with the image: contentment (probability: 0.50), awe (probability: 0.28).",there is a building in the center. there is a tree in the left. there is a tower in the center. there is a spire in the center,"The main colors are: gray, darkolivegreen, gainsboro","The depth values span a full normalized range from 0 (nearest) to 1 (farthest).
On average, the depth is around 0.46 (with moderate variation, std ≈ 0.28).
Most pixels fall into the **near** depth band (40.3% of the image), while the remaining pixels are split between the other bands.

Depth distribution by band:
  • Near [0.00–0.33]: 40.3% of pixels
  • Mid [0.33–0.67]: 33.0% of pixels
  • Far [0.67–1.00]: 26.7% of pixels"
Rococo/thomas-gainsborough_a-woman-in-blue-portrait-of-the-duchess-of-beaufort(1).jpg,"The viewer is likely to associate the following emotions with the image: awe (probability: 0.29), contentment (probability: 0.24).",there is a woman in the center. there is a dress in the bottom,"The main colors are: dimgray, black, tan","The depth values span a full normalized range from 0 (nearest) to 1 (farthest).
On average, the depth is around 0.24 (with moderate variation, std ≈ 0.25).
Most pixels fall into the **near** depth band (70.5% of the image), while the remaining pixels are split between the other bands.

Depth distribution by band:
  • Near [0.00–0.33]: 70.5% of pixels
  • Mid [0.33–0.67]: 19.0% of pixels
  • Far [0.67–1.00]: 10.5% of pixels"
Pop_Art/marjorie-strider_rosemarie-s-bag-1973.jpg,"The viewer is likely to associate the following emotions with the image: amusement (probability: 0.20), contentment (probability: 0.16).",there is a animal in the center. there is a teddy in the center,"The main colors are: lightgray, darkslategray, lightslategray","The depth values span a full normalized range from 0 (nearest) to 1 (farthest).
On average, the depth is around 0.68 (with moderate variation, std ≈ 0.22).
Most pixels fall into the **far** depth band (73.4% of the image), while the remaining pixels are split between the other bands.

Depth distribution by band:
  • Near [0.00–0.33]: 14.1% of pixels
  • Mid [0.33–0.67]: 12.4% of pixels
  • Far [0.67–1.00]: 73.4% of pixels"
Art_Nouveau_Modern/zinaida-serebriakova_portrait-of-a-a-cherkesovoy-benoit-and-his-son-alexander-1922.jpg,"The viewer is likely to associate the following emotions with the image: contentment (probability: 0.39), awe (probability: 0.18).",there is a woman in the center. there is a arm in the left. there is a baby in the bottom right,"The main colors are: saddlebrown, rosybrown, black","The depth values span a full normalized range from 0 (nearest) to 1 (farthest).
On average, the depth is around 0.41 (with moderate variation, std ≈ 0.24).
Most pixels fall into the **mid** depth band (44.1% of the image), while the remaining pixels are split between the other bands.

Depth distribution by band:
  • Near [0.00–0.33]: 39.6% of pixels
  • Mid [0.33–0.67]: 44.1% of pixels
  • Far [0.67–1.00]: 16.2% of pixels"
Art_Nouveau_Modern/felix-vallotton_portrait-of-english-writer-and-illustrator-aubrey-beardsley-1898.jpg,"The viewer is likely to associate the following emotions with the image: awe (probability: 0.19), contentment (probability: 0.19).",there is a head in the center. there is a man in the center. there is a hair in the top. there is a hair in the top. there is a tie in the center. there is a cigarette in the center,"The main colors are: snow, black, darkgray","The depth values span a full normalized range from 0 (nearest) to 1 (farthest).
On average, the depth is around 0.75 (with moderate variation, std ≈ 0.40).
Most pixels fall into the **near** depth band (21.8% of the image), while the remaining pixels are split between the other bands.

Depth distribution by band:
  • Near [0.00–0.33]: 21.8% of pixels
  • Mid [0.33–0.67]: 6.3% of pixels
  • Far [0.67–1.00]: 4.5% of pixels"
Baroque/adriaen-van-de-venne_maurice-1567-1625-prince-of-orange-lying-in-state.jpg,"The viewer is likely to associate the following emotions with the image: sadness (probability: 0.19), fear (probability: 0.19).",there is a curtain in the center. there is a head in the left. there is a bed blanket in the left,"The main colors are: brown, rosybrown, darkslategray","The depth values span a full normalized range from 0 (nearest) to 1 (farthest).
On average, the depth is around 0.32 (with moderate variation, std ≈ 0.23).
Most pixels fall into the **near** depth band (62.1% of the image), while the remaining pixels are split between the other bands.

Depth distribution by band:
  • Near [0.00–0.33]: 62.1% of pixels
  • Mid [0.33–0.67]: 26.3% of pixels
  • Far [0.67–1.00]: 11.3% of pixels"
Pop_Art/roy-lichtenstein_collage-for-reflections-on-hair-1989(1).jpg,"The viewer is likely to associate the following emotions with the image: amusement (probability: 0.24), excitement (probability: 0.21).",there is a poster in the center. there is a brush in the center,"The main colors are: darkkhaki, darkslategray, gainsboro","The depth values span a full normalized range from 0 (nearest) to 1 (farthest).
On average, the depth is around 0.57 (with moderate variation, std ≈ 0.37).
Most pixels fall into the **far** depth band (41.3% of the image), while the remaining pixels are split between the other bands.

Depth distribution by band:
  • Near [0.00–0.33]: 36.3% of pixels
  • Mid [0.33–0.67]: 15.4% of pixels
  • Far [0.67–1.00]: 41.3% of pixels"
Post_Impressionism/gustave-loiseau_by-the-eure-river-1911.jpg,"The viewer is likely to associate the following emotions with the image: contentment (probability: 0.34), awe (probability: 0.22).",there is a landscape in the center. there is a water in the bottom left. there is a tree in the left,"The main colors are: darkslategray, tan, dimgray","The depth values span a full normalized range from 0 (nearest) to 1 (farthest).
On average, the depth is around 0.38 (with moderate variation, std ≈ 0.20).
Most pixels fall into the **near** depth band (50.7% of the image), while the remaining pixels are split between the other bands.

Depth distribution by band:
  • Near [0.00–0.33]: 50.7% of pixels
  • Mid [0.33–0.67]: 35.1% of pixels
  • Far [0.67–1.00]: 14.2% of pixels"
Realism/vasily-surikov_the-old-woman-with-a-patterned-headscarf-1886.jpg,"The viewer is likely to associate the following emotions with the image: sadness (probability: 0.45), contentment (probability: 0.19).",there is a artist in the center. there is a headdress in the top,"The main colors are: dimgray, peru, darkslategray","The depth values span a full normalized range from 0 (nearest) to 1 (farthest).
On average, the depth is around 0.32 (with moderate variation, std ≈ 0.18).
Most pixels fall into the **near** depth band (54.7% of the image), while the remaining pixels are split between the other bands.

Depth distribution by band:
  • Near [0.00–0.33]: 54.7% of pixels
  • Mid [0.33–0.67]: 40.1% of pixels
  • Far [0.67–1.00]: 5.2% of pixels"
Abstract_Expressionism/richard-pousette-dart_cascella-ii-1952.jpg,"The viewer is likely to associate the following emotions with the image: something else (probability: 0.20), contentment (probability: 0.16).",there is a art in the center. there is a person in the center,"The main colors are: darkolivegreen, rosybrown, dimgray","The depth values span a full normalized range from 0 (nearest) to 1 (farthest).
On average, the depth is around 0.46 (with moderate variation, std ≈ 0.23).
Most pixels fall into the **mid** depth band (43.6% of the image), while the remaining pixels are split between the other bands.

Depth distribution by band:
  • Near [0.00–0.33]: 33.7% of pixels
  • Mid [0.33–0.67]: 43.6% of pixels
  • Far [0.67–1.00]: 22.6% of pixels"
Mannerism_Late_Renaissance/jacopo-pontormo_scene-with-cherubs-on-papal-coat-of-arms-1515.jpg,"The viewer is likely to associate the following emotions with the image: awe (probability: 0.49), contentment (probability: 0.17).",there is a angel in the top. there is a frame in the center. there is a shield in the center. there is a angel in the top,"The main colors are: rosybrown, tan, darkolivegreen","The depth values span a full normalized range from 0 (nearest) to 1 (farthest).
On average, the depth is around 0.60 (with moderate variation, std ≈ 0.24).
Most pixels fall into the **far** depth band (46.4% of the image), while the remaining pixels are split between the other bands.

Depth distribution by band:
  • Near [0.00–0.33]: 16.9% of pixels
  • Mid [0.33–0.67]: 36.7% of pixels
  • Far [0.67–1.00]: 46.4% of pixels"
Symbolism/fernand-khnopff_portrait-of-marguerite-khnopff-1890.jpg,"The viewer is likely to associate the following emotions with the image: sadness (probability: 0.24), contentment (probability: 0.24).",there is a flower in the top. there is a blanket in the center. there is a table in the bottom. there is a nose in the top. there is a tie in the center. there is a face in the top. there is a hand in the top right. there is a woman in the center. there is a eye in the top. there is a forehead in the top,"The main colors are: gainsboro, darkslategray, gray","The depth values span a full normalized range from 0 (nearest) to 1 (farthest).
On average, the depth is around 0.53 (with moderate variation, std ≈ 0.30).
Most pixels fall into the **far** depth band (36.3% of the image), while the remaining pixels are split between the other bands.

Depth distribution by band:
  • Near [0.00–0.33]: 32.5% of pixels
  • Mid [0.33–0.67]: 30.7% of pixels
  • Far [0.67–1.00]: 36.3% of pixels"
Baroque/adriaen-brouwer_smallholders-playing-dice.jpg,"The viewer is likely to associate the following emotions with the image: sadness (probability: 0.25), awe (probability: 0.17).",there is a stool in the center. there is a person in the top. there is a woman in the right. there is a artist in the center. there is a chair in the right,"The main colors are: darkolivegreen, darkslategray","The depth values span a full normalized range from 0 (nearest) to 1 (farthest).
On average, the depth is around 0.27 (with moderate variation, std ≈ 0.14).
Most pixels fall into the **near** depth band (72.3% of the image), while the remaining pixels are split between the other bands.

Depth distribution by band:
  • Near [0.00–0.33]: 72.3% of pixels
  • Mid [0.33–0.67]: 26.7% of pixels
  • Far [0.67–1.00]: 1.0% of pixels"
Baroque/adriaen-van-ostade_interior-of-a-tavern-with-violin-player.jpg,"The viewer is likely to associate the following emotions with the image: contentment (probability: 0.27), amusement (probability: 0.18).",there is a artist in the left. there is a table in the center. there is a person in the right. there is a room in the center. there is a man in the center. there is a stool in the right. there is a stool in the left,"The main colors are: darkolivegreen, peru, black","The depth values span a full normalized range from 0 (nearest) to 1 (farthest).
On average, the depth is around 0.24 (with moderate variation, std ≈ 0.16).
Most pixels fall into the **near** depth band (80.8% of the image), while the remaining pixels are split between the other bands.

Depth distribution by band:
  • Near [0.00–0.33]: 80.8% of pixels
  • Mid [0.33–0.67]: 15.9% of pixels
  • Far [0.67–1.00]: 3.3% of pixels"
High_Renaissance/michelangelo_study-for-christ-on-the-cross-with-mourners-1548.jpg,"The viewer is likely to associate the following emotions with the image: sadness (probability: 0.57), awe (probability: 0.10).",there is a person man in the right. there is a builder in the center. there is a painter in the left. there is a cross in the top right. there is a cross in the left,"The main colors are: darkgray, silver, gray","The depth values span a full normalized range from 0 (nearest) to 1 (farthest).
On average, the depth is around 0.62 (with moderate variation, std ≈ 0.15).
Most pixels fall into the **mid** depth band (52.2% of the image), while the remaining pixels are split between the other bands.

Depth distribution by band:
  • Near [0.00–0.33]: 5.1% of pixels
  • Mid [0.33–0.67]: 52.2% of pixels
  • Far [0.67–1.00]: 42.7% of pixels"
Ukiyo_e/utagawa-kuniyoshi_rape-scene.jpg,"The viewer is likely to associate the following emotions with the image: amusement (probability: 0.27), contentment (probability: 0.17).",there is a woman in the left. there is a child in the bottom left. there is a child in the bottom. there is a illustration in the center. there is a baby in the bottom left. there is a table in the bottom left,"The main colors are: dimgray, wheat, gray","The depth values span a full normalized range from 0 (nearest) to 1 (farthest).
On average, the depth is around 0.58 (with moderate variation, std ≈ 0.24).
Most pixels fall into the **far** depth band (43.1% of the image), while the remaining pixels are split between the other bands.

Depth distribution by band:
  • Near [0.00–0.33]: 20.5% of pixels
  • Mid [0.33–0.67]: 36.2% of pixels
  • Far [0.67–1.00]: 43.1% of pixels"
Symbolism/gustave-moreau_humanity-the-golden-age-depicting-three-scenes-from-the-lives-of-adam-and-eve-the-silver-age-1886.jpg,"The viewer is likely to associate the following emotions with the image: awe (probability: 0.66), contentment (probability: 0.17).",there is a wall in the top. there is a ceiling in the top,"The main colors are: black, gray, darkolivegreen","The depth values span a full normalized range from 0 (nearest) to 1 (farthest).
On average, the depth is around 0.29 (with moderate variation, std ≈ 0.18).
Most pixels fall into the **near** depth band (65.4% of the image), while the remaining pixels are split between the other bands.

Depth distribution by band:
  • Near [0.00–0.33]: 65.4% of pixels
  • Mid [0.33–0.67]: 30.5% of pixels
  • Far [0.67–1.00]: 4.0% of pixels"
Baroque/peter-paul-rubens_bacchanale.jpg,"The viewer is likely to associate the following emotions with the image: awe (probability: 0.18), excitement (probability: 0.17).",there is a man in the left. there is a animal in the bottom. there is a painter in the left. there is a animal in the center. there is a animal in the bottom right,"The main colors are: dimgray, tan, darkslategray","The depth values span a full normalized range from 0 (nearest) to 1 (farthest).
On average, the depth is around 0.32 (with moderate variation, std ≈ 0.22).
Most pixels fall into the **near** depth band (62.6% of the image), while the remaining pixels are split between the other bands.

Depth distribution by band:
  • Near [0.00–0.33]: 62.6% of pixels
  • Mid [0.33–0.67]: 27.4% of pixels
  • Far [0.67–1.00]: 10.1% of pixels"
Baroque/adriaen-brouwer_youth-making-a-face.jpg,"The viewer is likely to associate the following emotions with the image: amusement (probability: 0.29), contentment (probability: 0.22).",there is a cigarette in the center. there is a hat in the top. there is a hand in the center. there is a man in the center. there is a jaw in the right. there is a hammer in the top. there is a hand in the right,"The main colors are: black, dimgray, darkslategray","The depth values span a full normalized range from 0 (nearest) to 1 (farthest).
On average, the depth is around 0.27 (with moderate variation, std ≈ 0.14).
Most pixels fall into the **near** depth band (65.4% of the image), while the remaining pixels are split between the other bands.

Depth distribution by band:
  • Near [0.00–0.33]: 65.4% of pixels
  • Mid [0.33–0.67]: 34.2% of pixels
  • Far [0.67–1.00]: 0.4% of pixels"
Realism/vasily-polenov_upper-pond-in-abramtsevo-1882.jpg,"The viewer is likely to associate the following emotions with the image: contentment (probability: 0.58), awe (probability: 0.15).",there is a house in the bottom left. there is a tree in the center. there is a creek in the bottom. there is a tree in the left. there is a landscape in the center. there is a tree in the center,"The main colors are: sienna, darkgray, darkslategray","The depth values span a full normalized range from 0 (nearest) to 1 (farthest).
On average, the depth is around 0.35 (with moderate variation, std ≈ 0.22).
Most pixels fall into the **near** depth band (55.1% of the image), while the remaining pixels are split between the other bands.

Depth distribution by band:
  • Near [0.00–0.33]: 55.1% of pixels
  • Mid [0.33–0.67]: 32.1% of pixels
  • Far [0.67–1.00]: 12.9% of pixels"
Early_Renaissance/domenico-ghirlandaio_coronation-of-the-virgin-1490.jpg,"The viewer is likely to associate the following emotions with the image: awe (probability: 0.73), contentment (probability: 0.16).",there is a glass window in the bottom. there is a church in the center. there is a ceiling in the top. there is a builder in the top. there is a builder in the bottom left,"The main colors are: gray, silver, darkolivegreen","The depth values span a full normalized range from 0 (nearest) to 1 (farthest).
On average, the depth is around 0.51 (with moderate variation, std ≈ 0.22).
Most pixels fall into the **mid** depth band (47.8% of the image), while the remaining pixels are split between the other bands.

Depth distribution by band:
  • Near [0.00–0.33]: 24.1% of pixels
  • Mid [0.33–0.67]: 47.8% of pixels
  • Far [0.67–1.00]: 27.9% of pixels"
Color_Field_Painting/charles-hinman_double-kite-1981.jpg,"The viewer is likely to associate the following emotions with the image: something else (probability: 0.25), amusement (probability: 0.21).",there is a envelope in the center. there is a envelope in the center,"The main colors are: whitesmoke, tomato, darkslategray","The depth values span a full normalized range from 0 (nearest) to 1 (farthest).
On average, the depth is around 0.86 (with moderate variation, std ≈ 0.24).
Most pixels fall into the **far** depth band (35.7% of the image), while the remaining pixels are split between the other bands.

Depth distribution by band:
  • Near [0.00–0.33]: 8.4% of pixels
  • Mid [0.33–0.67]: 5.6% of pixels
  • Far [0.67–1.00]: 35.7% of pixels"
Early_Renaissance/paolo-uccello_roundel-with-head.jpg,"The viewer is likely to associate the following emotions with the image: contentment (probability: 0.19), awe (probability: 0.18).",there is a dress in the bottom left. there is a boy in the center,"The main colors are: bisque, black, sienna","The depth values span a full normalized range from 0 (nearest) to 1 (farthest).
On average, the depth is around 0.48 (with moderate variation, std ≈ 0.31).
Most pixels fall into the **near** depth band (38.9% of the image), while the remaining pixels are split between the other bands.

Depth distribution by band:
  • Near [0.00–0.33]: 38.9% of pixels
  • Mid [0.33–0.67]: 28.3% of pixels
  • Far [0.67–1.00]: 32.0% of pixels"
Romanticism/ivan-aivazovsky_downpour-in-sudak-1897.jpg,"The viewer is likely to associate the following emotions with the image: fear (probability: 0.57), awe (probability: 0.17).",there is a boat in the bottom. there is a water in the center. there is a boat in the bottom left. there is a water in the bottom. there is a boat in the bottom. there is a painter in the bottom,"The main colors are: black, darkseagreen, darkolivegreen","The depth values span a full normalized range from 0 (nearest) to 1 (farthest).
On average, the depth is around 0.24 (with moderate variation, std ≈ 0.17).
Most pixels fall into the **near** depth band (75.6% of the image), while the remaining pixels are split between the other bands.

Depth distribution by band:
  • Near [0.00–0.33]: 75.6% of pixels
  • Mid [0.33–0.67]: 21.4% of pixels
  • Far [0.67–1.00]: 3.0% of pixels"
Post_Impressionism/maxime-maufra_evening-at-the-sea-1909.jpg,"The viewer is likely to associate the following emotions with the image: contentment (probability: 0.52), awe (probability: 0.24).",there is a sky in the center. there is a water in the bottom. there is a person in the bottom left. there is a person in the bottom left. there is a person in the bottom. there is a beach in the bottom,"The main colors are: darkgray, darkslategray, silver","The depth values span a full normalized range from 0 (nearest) to 1 (farthest).
On average, the depth is around 0.71 (with moderate variation, std ≈ 0.18).
Most pixels fall into the **far** depth band (72.3% of the image), while the remaining pixels are split between the other bands.

Depth distribution by band:
  • Near [0.00–0.33]: 5.3% of pixels
  • Mid [0.33–0.67]: 22.3% of pixels
  • Far [0.67–1.00]: 72.3% of pixels"
Art_Nouveau_Modern/ferdinand-hodler_wetterhorn.jpg,"The viewer is likely to associate the following emotions with the image: awe (probability: 0.38), contentment (probability: 0.28).",there is a blanket in the center. there is a painter in the bottom left. there is a mountain range in the center,"The main colors are: dimgray, lightgray, lightslategray","The depth values span a full normalized range from 0 (nearest) to 1 (farthest).
On average, the depth is around 0.59 (with moderate variation, std ≈ 0.26).
Most pixels fall into the **far** depth band (49.7% of the image), while the remaining pixels are split between the other bands.

Depth distribution by band:
  • Near [0.00–0.33]: 23.7% of pixels
  • Mid [0.33–0.67]: 26.7% of pixels
  • Far [0.67–1.00]: 49.7% of pixels"
Ukiyo_e/ito-jakuchu_tiger-1755.jpg,"The viewer is likely to associate the following emotions with the image: amusement (probability: 0.18), contentment (probability: 0.18).",there is a animal in the center. there is a tree in the top,"The main colors are: saddlebrown, sandybrown, sienna","The depth values span a full normalized range from 0 (nearest) to 1 (farthest).
On average, the depth is around 0.47 (with moderate variation, std ≈ 0.28).
Most pixels fall into the **near** depth band (38.2% of the image), while the remaining pixels are split between the other bands.

Depth distribution by band:
  • Near [0.00–0.33]: 38.2% of pixels
  • Mid [0.33–0.67]: 32.4% of pixels
  • Far [0.67–1.00]: 29.3% of pixels"
Baroque/caravaggio_salome-with-the-head-of-john-the-baptist(1).jpg,"The viewer is likely to associate the following emotions with the image: awe (probability: 0.18), sadness (probability: 0.18).",there is a man in the center. there is a plate in the bottom. there is a woman in the left. there is a gun sword in the bottom right. there is a woman in the left. there is a person in the bottom left,"The main colors are: black, tan, darkolivegreen","The depth values span a full normalized range from 0 (nearest) to 1 (farthest).
On average, the depth is around 0.17 (with moderate variation, std ≈ 0.21).
Most pixels fall into the **near** depth band (87.3% of the image), while the remaining pixels are split between the other bands.

Depth distribution by band:
  • Near [0.00–0.33]: 87.3% of pixels
  • Mid [0.33–0.67]: 6.6% of pixels
  • Far [0.67–1.00]: 6.0% of pixels"
Symbolism/ferdinand-hodler_saleve-in-autumn-1891.jpg,"The viewer is likely to associate the following emotions with the image: contentment (probability: 0.51), awe (probability: 0.31).",there is a mountain in the top. there is a lake in the center,"The main colors are: gainsboro, lightslategray, rosybrown","The depth values span a full normalized range from 0 (nearest) to 1 (farthest).
On average, the depth is around 0.61 (with moderate variation, std ≈ 0.19).
Most pixels fall into the **mid** depth band (56.3% of the image), while the remaining pixels are split between the other bands.

Depth distribution by band:
  • Near [0.00–0.33]: 6.2% of pixels
  • Mid [0.33–0.67]: 56.3% of pixels
  • Far [0.67–1.00]: 37.5% of pixels"
Rococo/jean-baptiste-simeon-chardin_rabbit-and-copper-pot.jpg,"The viewer is likely to associate the following emotions with the image: contentment (probability: 0.21), sadness (probability: 0.20).",there is a animal in the right. there is a pan pot in the center. there is a lid in the center. there is a copper in the bottom right,"The main colors are: tan, darkslategray, sienna","The depth values span a full normalized range from 0 (nearest) to 1 (farthest).
On average, the depth is around 0.53 (with moderate variation, std ≈ 0.23).
Most pixels fall into the **mid** depth band (44.9% of the image), while the remaining pixels are split between the other bands.

Depth distribution by band:
  • Near [0.00–0.33]: 22.3% of pixels
  • Mid [0.33–0.67]: 44.9% of pixels
  • Far [0.67–1.00]: 32.8% of pixels"
Post_Impressionism/arshile-gorky_self-portrait-at-the-age-of-nine.jpg,"The viewer is likely to associate the following emotions with the image: sadness (probability: 0.30), fear (probability: 0.18).",there is a artist in the center. there is a face in the top right. there is a wear in the center,"The main colors are: darkolivegreen, black, peru","The depth values span a full normalized range from 0 (nearest) to 1 (farthest).
On average, the depth is around 0.21 (with moderate variation, std ≈ 0.19).
Most pixels fall into the **near** depth band (78.2% of the image), while the remaining pixels are split between the other bands.

Depth distribution by band:
  • Near [0.00–0.33]: 78.2% of pixels
  • Mid [0.33–0.67]: 17.9% of pixels
  • Far [0.67–1.00]: 3.9% of pixels"
Art_Nouveau_Modern/aubrey-beardsley_bathyllus-taking-the-pose.jpg,"The viewer is likely to associate the following emotions with the image: contentment (probability: 0.22), amusement (probability: 0.22).",there is a woman in the center. there is a muscle in the center,"The main colors are: snow, gray, black","The depth values span a full normalized range from 0 (nearest) to 1 (farthest).
On average, the depth is around 0.88 (with moderate variation, std ≈ 0.29).
Most pixels fall into the **far** depth band (47.6% of the image), while the remaining pixels are split between the other bands.

Depth distribution by band:
  • Near [0.00–0.33]: 10.1% of pixels
  • Mid [0.33–0.67]: 1.5% of pixels
  • Far [0.67–1.00]: 47.6% of pixels"
Realism/mykola-pymonenko_victime-of-fanatisme-1899.jpg,"The viewer is likely to associate the following emotions with the image: sadness (probability: 0.23), contentment (probability: 0.20).",there is a hut in the left. there is a artist in the bottom. there is a painter in the bottom left. there is a person in the bottom. there is a man in the bottom right. there is a painter in the bottom. there is a person in the bottom,"The main colors are: rosybrown, dimgray, darkslategray","The depth values span a full normalized range from 0 (nearest) to 1 (farthest).
On average, the depth is around 0.36 (with moderate variation, std ≈ 0.17).
Most pixels fall into the **near** depth band (47.3% of the image), while the remaining pixels are split between the other bands.

Depth distribution by band:
  • Near [0.00–0.33]: 47.3% of pixels
  • Mid [0.33–0.67]: 47.0% of pixels
  • Far [0.67–1.00]: 5.7% of pixels"
Cubism/franz-marc_sleeping-animals-1913.jpg,"The viewer is likely to associate the following emotions with the image: excitement (probability: 0.38), amusement (probability: 0.26).",there is a art in the center,"The main colors are: sienna, darkgray, dimgray","The depth values span a full normalized range from 0 (nearest) to 1 (farthest).
On average, the depth is around 0.53 (with moderate variation, std ≈ 0.22).
Most pixels fall into the **mid** depth band (48.8% of the image), while the remaining pixels are split between the other bands.

Depth distribution by band:
  • Near [0.00–0.33]: 20.0% of pixels
  • Mid [0.33–0.67]: 48.8% of pixels
  • Far [0.67–1.00]: 31.0% of pixels"
Realism/gustave-courbet_the-origin-of-the-world-1866.jpg,"The viewer is likely to associate the following emotions with the image: contentment (probability: 0.25), excitement (probability: 0.16).",there is a hair in the center. there is a cloth in the center,"The main colors are: darkolivegreen, tan, peru","The depth values span a full normalized range from 0 (nearest) to 1 (farthest).
On average, the depth is around 0.61 (with moderate variation, std ≈ 0.22).
Most pixels fall into the **far** depth band (47.0% of the image), while the remaining pixels are split between the other bands.

Depth distribution by band:
  • Near [0.00–0.33]: 15.1% of pixels
  • Mid [0.33–0.67]: 37.3% of pixels
  • Far [0.67–1.00]: 47.0% of pixels"
Art_Nouveau_Modern/boris-kustodiev_the-guy-from-tula-1926.jpg,"The viewer is likely to associate the following emotions with the image: amusement (probability: 0.50), contentment (probability: 0.16).",there is a joker in the center. there is a sock in the right. there is a sock in the bottom. there is a dress in the center. there is a dress hat hat in the top,"The main colors are: tan, darkslategray, gray","The depth values span a full normalized range from 0 (nearest) to 1 (farthest).
On average, the depth is around 0.64 (with moderate variation, std ≈ 0.17).
Most pixels fall into the **far** depth band (50.2% of the image), while the remaining pixels are split between the other bands.

Depth distribution by band:
  • Near [0.00–0.33]: 8.3% of pixels
  • Mid [0.33–0.67]: 41.4% of pixels
  • Far [0.67–1.00]: 50.2% of pixels"
Pop_Art/keith-haring_andy-mouse-1985.jpg,"The viewer is likely to associate the following emotions with the image: amusement (probability: 0.64), excitement (probability: 0.18).",there is a goggles in the top. there is a animal in the center,"The main colors are: hotpink, darkslategray, lightsteelblue","The depth values span a full normalized range from 0 (nearest) to 1 (farthest).
On average, the depth is around 0.68 (with moderate variation, std ≈ 0.31).
Most pixels fall into the **far** depth band (46.9% of the image), while the remaining pixels are split between the other bands.

Depth distribution by band:
  • Near [0.00–0.33]: 15.7% of pixels
  • Mid [0.33–0.67]: 24.1% of pixels
  • Far [0.67–1.00]: 46.9% of pixels"
Early_Renaissance/fra-angelico_view-of-the-chapel-vaulting.jpg,"The viewer is likely to associate the following emotions with the image: awe (probability: 0.65), contentment (probability: 0.16).",there is a building in the left. there is a pillar in the left. there is a ceiling in the top left. there is a dome in the bottom left,"The main colors are: darkolivegreen, rosybrown, dimgray","The depth values span a full normalized range from 0 (nearest) to 1 (farthest).
On average, the depth is around 0.42 (with moderate variation, std ≈ 0.19).
Most pixels fall into the **mid** depth band (52.2% of the image), while the remaining pixels are split between the other bands.

Depth distribution by band:
  • Near [0.00–0.33]: 36.1% of pixels
  • Mid [0.33–0.67]: 52.2% of pixels
  • Far [0.67–1.00]: 11.7% of pixels"
Pop_Art/hiro-yamagata_telephone-1987.jpg,"The viewer is likely to associate the following emotions with the image: amusement (probability: 0.21), excitement (probability: 0.19).",there is a building in the left. there is a toy in the bottom. there is a poster in the bottom. there is a poster in the bottom left,"The main colors are: darkslategray, black, gray","The depth values span a full normalized range from 0 (nearest) to 1 (farthest).
On average, the depth is around 0.24 (with moderate variation, std ≈ 0.19).
Most pixels fall into the **near** depth band (73.7% of the image), while the remaining pixels are split between the other bands.

Depth distribution by band:
  • Near [0.00–0.33]: 73.7% of pixels
  • Mid [0.33–0.67]: 22.6% of pixels
  • Far [0.67–1.00]: 3.7% of pixels"
Color_Field_Painting/john-hoyland_tiger-walk-3-4-81-1981.jpg,"The viewer is likely to associate the following emotions with the image: excitement (probability: 0.24), amusement (probability: 0.20).",there is a art in the center,"The main colors are: brown, darkslategray, peru","The depth values span a full normalized range from 0 (nearest) to 1 (farthest).
On average, the depth is around 0.35 (with moderate variation, std ≈ 0.24).
Most pixels fall into the **near** depth band (58.1% of the image), while the remaining pixels are split between the other bands.

Depth distribution by band:
  • Near [0.00–0.33]: 58.1% of pixels
  • Mid [0.33–0.67]: 27.7% of pixels
  • Far [0.67–1.00]: 14.2% of pixels"
Abstract_Expressionism/sam-francis_untitled-from-papierski-portfolio-sf-355-1992.jpg,"The viewer is likely to associate the following emotions with the image: excitement (probability: 0.28), contentment (probability: 0.22).",there is a art in the center,"The main colors are: darkslategray, gray, wheat","The depth values span a full normalized range from 0 (nearest) to 1 (farthest).
On average, the depth is around 0.50 (with moderate variation, std ≈ 0.28).
Most pixels fall into the **near** depth band (40.0% of the image), while the remaining pixels are split between the other bands.

Depth distribution by band:
  • Near [0.00–0.33]: 40.0% of pixels
  • Mid [0.33–0.67]: 28.3% of pixels
  • Far [0.67–1.00]: 31.0% of pixels"
Romanticism/thomas-moran_the-grand-canyon-of-the-yellowstone-1872.jpg,"The viewer is likely to associate the following emotions with the image: awe (probability: 0.44), contentment (probability: 0.18).",there is a canyon in the left. there is a tree in the left. there is a person in the bottom left. there is a person in the bottom left,"The main colors are: darkkhaki, darkslategray, dimgray","The depth values span a full normalized range from 0 (nearest) to 1 (farthest).
On average, the depth is around 0.42 (with moderate variation, std ≈ 0.23).
Most pixels fall into the **near** depth band (42.2% of the image), while the remaining pixels are split between the other bands.

Depth distribution by band:
  • Near [0.00–0.33]: 42.2% of pixels
  • Mid [0.33–0.67]: 39.8% of pixels
  • Far [0.67–1.00]: 17.9% of pixels"
Cubism/henri-laurens_untitled-from-dialogues.jpg,"The viewer is likely to associate the following emotions with the image: amusement (probability: 0.31), contentment (probability: 0.19).",there is a art in the center,"The main colors are: wheat, gray, darkslategray","The depth values span a full normalized range from 0 (nearest) to 1 (farthest).
On average, the depth is around 0.64 (with moderate variation, std ≈ 0.23).
Most pixels fall into the **far** depth band (59.4% of the image), while the remaining pixels are split between the other bands.

Depth distribution by band:
  • Near [0.00–0.33]: 11.5% of pixels
  • Mid [0.33–0.67]: 29.1% of pixels
  • Far [0.67–1.00]: 59.4% of pixels"
Baroque/guido-reni_rosary-madonna-1598.jpg,"The viewer is likely to associate the following emotions with the image: awe (probability: 0.41), contentment (probability: 0.15).",there is a child in the top right. there is a painter in the top right. there is a person in the top. there is a angel child in the top. there is a angel in the top left,"The main colors are: black, rosybrown, darkolivegreen","The depth values span a full normalized range from 0 (nearest) to 1 (farthest).
On average, the depth is around 0.20 (with moderate variation, std ≈ 0.17).
Most pixels fall into the **near** depth band (84.3% of the image), while the remaining pixels are split between the other bands.

Depth distribution by band:
  • Near [0.00–0.33]: 84.3% of pixels
  • Mid [0.33–0.67]: 12.5% of pixels
  • Far [0.67–1.00]: 3.1% of pixels"
Romanticism/konstantin-makovsky_ivan-iii-of-russia.jpg,"The viewer is likely to associate the following emotions with the image: awe (probability: 0.41), contentment (probability: 0.15).",there is a pillar in the right. there is a army in the center. there is a army in the left. there is a building in the top right. there is a person in the right,"The main colors are: dimgray, gray, silver","The depth values span a full normalized range from 0 (nearest) to 1 (farthest).
On average, the depth is around 0.57 (with moderate variation, std ≈ 0.26).
Most pixels fall into the **mid** depth band (40.7% of the image), while the remaining pixels are split between the other bands.

Depth distribution by band:
  • Near [0.00–0.33]: 21.9% of pixels
  • Mid [0.33–0.67]: 40.7% of pixels
  • Far [0.67–1.00]: 36.2% of pixels"
Abstract_Expressionism/sam-francis_untitled-sf-259-1980.jpg,"The viewer is likely to associate the following emotions with the image: excitement (probability: 0.32), amusement (probability: 0.25).",there is a art in the center. there is a symbol in the bottom left,"The main colors are: rosybrown, darkslateblue, gainsboro","The depth values span a full normalized range from 0 (nearest) to 1 (farthest).
On average, the depth is around 0.58 (with moderate variation, std ≈ 0.34).
Most pixels fall into the **far** depth band (38.8% of the image), while the remaining pixels are split between the other bands.

Depth distribution by band:
  • Near [0.00–0.33]: 30.8% of pixels
  • Mid [0.33–0.67]: 23.9% of pixels
  • Far [0.67–1.00]: 38.8% of pixels"
Post_Impressionism/anita-malfatti_as-duas-igrejas-itanha-m-1940.jpg,"The viewer is likely to associate the following emotions with the image: contentment (probability: 0.43), awe (probability: 0.28).",there is a man in the bottom left. there is a hill in the top. there is a bundle in the bottom left. there is a painter in the bottom left. there is a wheat field in the bottom,"The main colors are: olivedrab, khaki, peru","The depth values span a full normalized range from 0 (nearest) to 1 (farthest).
On average, the depth is around 0.57 (with moderate variation, std ≈ 0.28).
Most pixels fall into the **far** depth band (42.1% of the image), while the remaining pixels are split between the other bands.

Depth distribution by band:
  • Near [0.00–0.33]: 23.6% of pixels
  • Mid [0.33–0.67]: 33.4% of pixels
  • Far [0.67–1.00]: 42.1% of pixels"
High_Renaissance/pinturicchio_the-glory-of-st-bernardino-1486.jpg,"The viewer is likely to associate the following emotions with the image: awe (probability: 0.53), contentment (probability: 0.20).",there is a church in the center. there is a altar in the center. there is a ceiling in the top. there is a builder in the center. there is a church bench in the left. there is a wall in the right. there is a wall in the center. there is a builder in the right,"The main colors are: dimgray, darkgray, darkslategray","The depth values span a full normalized range from 0 (nearest) to 1 (farthest).
On average, the depth is around 0.34 (with moderate variation, std ≈ 0.20).
Most pixels fall into the **near** depth band (56.5% of the image), while the remaining pixels are split between the other bands.

Depth distribution by band:
  • Near [0.00–0.33]: 56.5% of pixels
  • Mid [0.33–0.67]: 36.3% of pixels
  • Far [0.67–1.00]: 7.2% of pixels"
Cubism/olexandr-archipenko_group-of-nude-figures.jpg,"The viewer is likely to associate the following emotions with the image: disgust (probability: 0.16), awe (probability: 0.16).",there is a bodybuilder in the left. there is a man in the center,The main colors are: sienna,"The depth values span a full normalized range from 0 (nearest) to 1 (farthest).
On average, the depth is around 0.53 (with moderate variation, std ≈ 0.20).
Most pixels fall into the **mid** depth band (57.9% of the image), while the remaining pixels are split between the other bands.

Depth distribution by band:
  • Near [0.00–0.33]: 11.0% of pixels
  • Mid [0.33–0.67]: 57.9% of pixels
  • Far [0.67–1.00]: 31.2% of pixels"
Romanticism/karl-bodmer_capture-of-the-daughters-of-d-boone-and-callaway-by-the-indians-1852.jpg,"The viewer is likely to associate the following emotions with the image: fear (probability: 0.31), awe (probability: 0.17).",there is a water in the bottom. there is a raft in the bottom. there is a person in the bottom. there is a woman in the bottom. there is a paddle in the bottom left. there is a paddle in the bottom left. there is a man in the bottom left. there is a illustration in the center. there is a woman in the bottom,"The main colors are: dimgray, gainsboro, black","The depth values span a full normalized range from 0 (nearest) to 1 (farthest).
On average, the depth is around 0.31 (with moderate variation, std ≈ 0.32).
Most pixels fall into the **near** depth band (68.9% of the image), while the remaining pixels are split between the other bands.

Depth distribution by band:
  • Near [0.00–0.33]: 68.9% of pixels
  • Mid [0.33–0.67]: 13.6% of pixels
  • Far [0.67–1.00]: 9.2% of pixels"
Early_Renaissance/giovanni-bellini_madonna-enthroned-cherishing-the-sleeping-child-1475.jpg,"The viewer is likely to associate the following emotions with the image: sadness (probability: 0.27), awe (probability: 0.22).",there is a baby in the top right. there is a mother in the top right. there is a mother in the top,"The main colors are: darkolivegreen, darkslategray, peru","The depth values span a full normalized range from 0 (nearest) to 1 (farthest).
On average, the depth is around 0.27 (with moderate variation, std ≈ 0.18).
Most pixels fall into the **near** depth band (70.0% of the image), while the remaining pixels are split between the other bands.

Depth distribution by band:
  • Near [0.00–0.33]: 70.0% of pixels
  • Mid [0.33–0.67]: 26.7% of pixels
  • Far [0.67–1.00]: 3.3% of pixels"
Cubism/stuart-davis_g-w-1944.jpg,"The viewer is likely to associate the following emotions with the image: amusement (probability: 0.38), excitement (probability: 0.24).",there is a art in the top,"The main colors are: gray, khaki, darkolivegreen","The depth values span a full normalized range from 0 (nearest) to 1 (farthest).
On average, the depth is around 0.59 (with moderate variation, std ≈ 0.32).
Most pixels fall into the **far** depth band (47.2% of the image), while the remaining pixels are split between the other bands.

Depth distribution by band:
  • Near [0.00–0.33]: 22.6% of pixels
  • Mid [0.33–0.67]: 28.9% of pixels
  • Far [0.67–1.00]: 47.2% of pixels"
Minimalism/yves-klein_untitled-blue-monochrome-1957-2.jpg,"The viewer is likely to associate the following emotions with the image: something else (probability: 0.32), contentment (probability: 0.21).",there is a blanket in the center,"The main colors are: midnightblue, lightslategray, darkslateblue","The depth values span a full normalized range from 0 (nearest) to 1 (farthest).
On average, the depth is around 0.18 (with moderate variation, std ≈ 0.19).
Most pixels fall into the **near** depth band (66.2% of the image), while the remaining pixels are split between the other bands.

Depth distribution by band:
  • Near [0.00–0.33]: 66.2% of pixels
  • Mid [0.33–0.67]: 32.8% of pixels
  • Far [0.67–1.00]: 0.8% of pixels"
Symbolism/konstantin-somov_book-of-the-marquise-illustration-7.jpg,"The viewer is likely to associate the following emotions with the image: fear (probability: 0.22), amusement (probability: 0.16).",there is a poster in the center. there is a cartoon person in the top. there is a witch in the top right. there is a person in the top right,"The main colors are: darkslategray, dimgray, rosybrown","The depth values span a full normalized range from 0 (nearest) to 1 (farthest).
On average, the depth is around 0.29 (with moderate variation, std ≈ 0.25).
Most pixels fall into the **near** depth band (65.9% of the image), while the remaining pixels are split between the other bands.

Depth distribution by band:
  • Near [0.00–0.33]: 65.9% of pixels
  • Mid [0.33–0.67]: 20.3% of pixels
  • Far [0.67–1.00]: 13.7% of pixels"
Early_Renaissance/domenico-ghirlandaio_st-mark-the-evangelist-1490.jpg,"The viewer is likely to associate the following emotions with the image: awe (probability: 0.59), contentment (probability: 0.16).",there is a chapel in the center. there is a robe in the center,"The main colors are: darkslategray, gray, dimgray","The depth values span a full normalized range from 0 (nearest) to 1 (farthest).
On average, the depth is around 0.33 (with moderate variation, std ≈ 0.19).
Most pixels fall into the **near** depth band (60.1% of the image), while the remaining pixels are split between the other bands.

Depth distribution by band:
  • Near [0.00–0.33]: 60.1% of pixels
  • Mid [0.33–0.67]: 33.8% of pixels
  • Far [0.67–1.00]: 6.0% of pixels"
Romanticism/fyodor-bronnikov_bellagio-1875-1.jpg,"The viewer is likely to associate the following emotions with the image: contentment (probability: 0.52), awe (probability: 0.37).",there is a boat in the bottom left. there is a water in the bottom left. there is a mountain in the bottom left. there is a person in the bottom left. there is a person in the bottom left. there is a boat in the bottom left,"The main colors are: lightsteelblue, darkslategray, slategray","The depth values span a full normalized range from 0 (nearest) to 1 (farthest).
On average, the depth is around 0.59 (with moderate variation, std ≈ 0.21).
Most pixels fall into the **mid** depth band (46.4% of the image), while the remaining pixels are split between the other bands.

Depth distribution by band:
  • Near [0.00–0.33]: 14.7% of pixels
  • Mid [0.33–0.67]: 46.4% of pixels
  • Far [0.67–1.00]: 38.9% of pixels"
Ukiyo_e/utagawa-kunisada_not_detected_240351.jpg,"The viewer is likely to associate the following emotions with the image: amusement (probability: 0.26), contentment (probability: 0.17).",there is a illustration in the center. there is a glass in the center. there is a woman in the bottom. there is a man in the center,"The main colors are: dimgray, wheat, rosybrown","The depth values span a full normalized range from 0 (nearest) to 1 (farthest).
On average, the depth is around 0.55 (with moderate variation, std ≈ 0.25).
Most pixels fall into the **mid** depth band (37.6% of the image), while the remaining pixels are split between the other bands.

Depth distribution by band:
  • Near [0.00–0.33]: 24.5% of pixels
  • Mid [0.33–0.67]: 37.6% of pixels
  • Far [0.67–1.00]: 37.0% of pixels"
Realism/vincent-van-gogh_sorrow-1882.jpg,"The viewer is likely to associate the following emotions with the image: sadness (probability: 0.30), contentment (probability: 0.20).",there is a girl in the top. there is a head in the top. there is a hand in the top. there is a hand in the center,"The main colors are: darkgray, darkslategray, lightgray","The depth values span a full normalized range from 0 (nearest) to 1 (farthest).
On average, the depth is around 0.71 (with moderate variation, std ≈ 0.23).
Most pixels fall into the **far** depth band (74.5% of the image), while the remaining pixels are split between the other bands.

Depth distribution by band:
  • Near [0.00–0.33]: 10.3% of pixels
  • Mid [0.33–0.67]: 15.1% of pixels
  • Far [0.67–1.00]: 74.5% of pixels"
Baroque/pietro-da-cortona_ceiling-fresco-in-the-hall-of-saturn-1665.jpg,"The viewer is likely to associate the following emotions with the image: awe (probability: 0.62), contentment (probability: 0.17).",there is a building in the left,"The main colors are: black, darkolivegreen, gray","The depth values span a full normalized range from 0 (nearest) to 1 (farthest).
On average, the depth is around 0.31 (with moderate variation, std ≈ 0.22).
Most pixels fall into the **near** depth band (59.1% of the image), while the remaining pixels are split between the other bands.

Depth distribution by band:
  • Near [0.00–0.33]: 59.1% of pixels
  • Mid [0.33–0.67]: 33.3% of pixels
  • Far [0.67–1.00]: 7.5% of pixels"
Realism/wilhelm-leibl_dag-ungleiche-pahr-1880.jpg,"The viewer is likely to associate the following emotions with the image: contentment (probability: 0.29), amusement (probability: 0.22).",there is a chair in the center. there is a man in the left. there is a stool in the bottom right,"The main colors are: darkslategray, darkgray, dimgray","The depth values span a full normalized range from 0 (nearest) to 1 (farthest).
On average, the depth is around 0.29 (with moderate variation, std ≈ 0.20).
Most pixels fall into the **near** depth band (69.9% of the image), while the remaining pixels are split between the other bands.

Depth distribution by band:
  • Near [0.00–0.33]: 69.9% of pixels
  • Mid [0.33–0.67]: 21.2% of pixels
  • Far [0.67–1.00]: 8.9% of pixels"
Abstract_Expressionism/jack-tworkov_thursday-1960.jpg,"The viewer is likely to associate the following emotions with the image: something else (probability: 0.16), amusement (probability: 0.16).",there is a black chair in the center,"The main colors are: black, lightgray, firebrick","The depth values span a full normalized range from 0 (nearest) to 1 (farthest).
On average, the depth is around 0.33 (with moderate variation, std ≈ 0.34).
Most pixels fall into the **near** depth band (59.1% of the image), while the remaining pixels are split between the other bands.

Depth distribution by band:
  • Near [0.00–0.33]: 59.1% of pixels
  • Mid [0.33–0.67]: 12.2% of pixels
  • Far [0.67–1.00]: 28.7% of pixels"
Rococo/william-hogarth_taste-in-high-life.jpg,"The viewer is likely to associate the following emotions with the image: fear (probability: 0.18), awe (probability: 0.14).",there is a woman in the center. there is a man in the center. there is a art vector illustration in the center. there is a art vector illustration in the bottom,"The main colors are: darkslategray, lightgray, gray","The depth values span a full normalized range from 0 (nearest) to 1 (farthest).
On average, the depth is around 0.57 (with moderate variation, std ≈ 0.28).
Most pixels fall into the **far** depth band (39.7% of the image), while the remaining pixels are split between the other bands.

Depth distribution by band:
  • Near [0.00–0.33]: 24.4% of pixels
  • Mid [0.33–0.67]: 34.0% of pixels
  • Far [0.67–1.00]: 39.7% of pixels"
Romanticism/dante-gabriel-rossetti_the-virgin-mary-being-comforted-1852.jpg,"The viewer is likely to associate the following emotions with the image: sadness (probability: 0.30), contentment (probability: 0.18).",there is a woman in the center. there is a man in the left. there is a robe in the center. there is a woman in the left. there is a man in the left. there is a pillar in the right. there is a illustration in the center,"The main colors are: dimgray, silver, rosybrown","The depth values span a full normalized range from 0 (nearest) to 1 (farthest).
On average, the depth is around 0.62 (with moderate variation, std ≈ 0.20).
Most pixels fall into the **far** depth band (48.4% of the image), while the remaining pixels are split between the other bands.

Depth distribution by band:
  • Near [0.00–0.33]: 10.6% of pixels
  • Mid [0.33–0.67]: 41.0% of pixels
  • Far [0.67–1.00]: 48.4% of pixels"
Abstract_Expressionism/raoul-ubac_rythme-circulaire-1972.jpg,"The viewer is likely to associate the following emotions with the image: contentment (probability: 0.34), awe (probability: 0.22).",there is a black blue line in the center,"The main colors are: darkslategray, whitesmoke, rosybrown","The depth values span a full normalized range from 0 (nearest) to 1 (farthest).
On average, the depth is around 0.58 (with moderate variation, std ≈ 0.38).
Most pixels fall into the **far** depth band (45.1% of the image), while the remaining pixels are split between the other bands.

Depth distribution by band:
  • Near [0.00–0.33]: 41.2% of pixels
  • Mid [0.33–0.67]: 13.6% of pixels
  • Far [0.67–1.00]: 45.1% of pixels"
Abstract_Expressionism/sam-francis_untitled-sfe-85-1992.jpg,"The viewer is likely to associate the following emotions with the image: amusement (probability: 0.35), excitement (probability: 0.27).",there is a art in the top,"The main colors are: linen, dimgray, darkgray","The depth values span a full normalized range from 0 (nearest) to 1 (farthest).
On average, the depth is around 0.75 (with moderate variation, std ≈ 0.28).
Most pixels fall into the **far** depth band (67.9% of the image), while the remaining pixels are split between the other bands.

Depth distribution by band:
  • Near [0.00–0.33]: 16.0% of pixels
  • Mid [0.33–0.67]: 14.1% of pixels
  • Far [0.67–1.00]: 67.9% of pixels"
Art_Nouveau_Modern/boris-kustodiev_meeting-on-the-corner-1920.jpg,"The viewer is likely to associate the following emotions with the image: awe (probability: 0.24), contentment (probability: 0.23).",there is a man in the center. there is a woman in the center. there is a illustration in the left,"The main colors are: tan, black, dimgray","The depth values span a full normalized range from 0 (nearest) to 1 (farthest).
On average, the depth is around 0.49 (with moderate variation, std ≈ 0.23).
Most pixels fall into the **mid** depth band (50.6% of the image), while the remaining pixels are split between the other bands.

Depth distribution by band:
  • Near [0.00–0.33]: 24.0% of pixels
  • Mid [0.33–0.67]: 50.6% of pixels
  • Far [0.67–1.00]: 25.5% of pixels"
Mannerism_Late_Renaissance/maerten-van-heemskerck_the-triumphal-procession-of-bacchus.jpg,"The viewer is likely to associate the following emotions with the image: fear (probability: 0.21), awe (probability: 0.18).",there is a man in the bottom. there is a artist in the bottom left. there is a person in the bottom. there is a artist in the center. there is a pillar in the left. there is a artist in the bottom left,"The main colors are: darkgray, darkslategray, dimgray","The depth values span a full normalized range from 0 (nearest) to 1 (farthest).
On average, the depth is around 0.33 (with moderate variation, std ≈ 0.21).
Most pixels fall into the **near** depth band (55.8% of the image), while the remaining pixels are split between the other bands.

Depth distribution by band:
  • Near [0.00–0.33]: 55.8% of pixels
  • Mid [0.33–0.67]: 36.3% of pixels
  • Far [0.67–1.00]: 7.8% of pixels"
Romanticism/eugene-delacroix_apollo-slays-python-1851(1).jpg,"The viewer is likely to associate the following emotions with the image: awe (probability: 0.52), contentment (probability: 0.12).",there is a room in the center. there is a ceiling in the top,"The main colors are: rosybrown, darkolivegreen, darkslategray","The depth values span a full normalized range from 0 (nearest) to 1 (farthest).
On average, the depth is around 0.31 (with moderate variation, std ≈ 0.20).
Most pixels fall into the **near** depth band (61.8% of the image), while the remaining pixels are split between the other bands.

Depth distribution by band:
  • Near [0.00–0.33]: 61.8% of pixels
  • Mid [0.33–0.67]: 30.9% of pixels
  • Far [0.67–1.00]: 7.1% of pixels"
Art_Nouveau_Modern/jury-annenkov_russian-ballet-irina-grzhebina-1950.jpg,"The viewer is likely to associate the following emotions with the image: amusement (probability: 0.38), excitement (probability: 0.18).",there is a poster in the center. there is a person in the top right,"The main colors are: linen, darkolivegreen, darkgray","The depth values span a full normalized range from 0 (nearest) to 1 (farthest).
On average, the depth is around 0.69 (with moderate variation, std ≈ 0.32).
Most pixels fall into the **far** depth band (58.2% of the image), while the remaining pixels are split between the other bands.

Depth distribution by band:
  • Near [0.00–0.33]: 23.5% of pixels
  • Mid [0.33–0.67]: 12.5% of pixels
  • Far [0.67–1.00]: 58.2% of pixels"
Symbolism/james-tissot_jael-smote-sisera-and-slew-him-1902.jpg,"The viewer is likely to associate the following emotions with the image: contentment (probability: 0.22), sadness (probability: 0.21).",there is a hammer in the top. there is a couch in the bottom left. there is a paint brush in the bottom left. there is a carpet floor in the bottom. there is a pillow in the bottom left. there is a floor in the center. there is a painter in the center. there is a man in the bottom left,"The main colors are: darkolivegreen, gray, darkgray","The depth values span a full normalized range from 0 (nearest) to 1 (farthest).
On average, the depth is around 0.44 (with moderate variation, std ≈ 0.17).
Most pixels fall into the **mid** depth band (64.6% of the image), while the remaining pixels are split between the other bands.

Depth distribution by band:
  • Near [0.00–0.33]: 24.7% of pixels
  • Mid [0.33–0.67]: 64.6% of pixels
  • Far [0.67–1.00]: 10.7% of pixels"
Early_Renaissance/sandro-botticelli_adoration-of-the-magi-1500(1).jpg,"The viewer is likely to associate the following emotions with the image: awe (probability: 0.27), fear (probability: 0.20).",there is a pillar in the center. there is a person in the bottom left. there is a man in the bottom left. there is a person in the bottom left. there is a person in the bottom left,"The main colors are: burlywood, darkolivegreen, rosybrown","The depth values span a full normalized range from 0 (nearest) to 1 (farthest).
On average, the depth is around 0.54 (with moderate variation, std ≈ 0.26).
Most pixels fall into the **mid** depth band (41.6% of the image), while the remaining pixels are split between the other bands.

Depth distribution by band:
  • Near [0.00–0.33]: 26.3% of pixels
  • Mid [0.33–0.67]: 41.6% of pixels
  • Far [0.67–1.00]: 28.3% of pixels"
Abstract_Expressionism/cy-twombly_untitled-13.jpg,"The viewer is likely to associate the following emotions with the image: fear (probability: 0.16), excitement (probability: 0.16).",there is a color in the center. there is a flower in the center,"The main colors are: gray, darkslategray, lightgray","The depth values span a full normalized range from 0 (nearest) to 1 (farthest).
On average, the depth is around 0.47 (with moderate variation, std ≈ 0.30).
Most pixels fall into the **near** depth band (37.1% of the image), while the remaining pixels are split between the other bands.

Depth distribution by band:
  • Near [0.00–0.33]: 37.1% of pixels
  • Mid [0.33–0.67]: 33.2% of pixels
  • Far [0.67–1.00]: 28.7% of pixels"
Early_Renaissance/domenico-veneziano_st-john-the-baptist-and-st-francis-of-assisi.jpg,"The viewer is likely to associate the following emotions with the image: awe (probability: 0.19), sadness (probability: 0.16).",there is a pillar in the top right. there is a builder in the top. there is a cross in the top left. there is a person in the top right. there is a robe in the top,"The main colors are: peru, burlywood, darkolivegreen","The depth values span a full normalized range from 0 (nearest) to 1 (farthest).
On average, the depth is around 0.49 (with moderate variation, std ≈ 0.21).
Most pixels fall into the **mid** depth band (50.3% of the image), while the remaining pixels are split between the other bands.

Depth distribution by band:
  • Near [0.00–0.33]: 27.4% of pixels
  • Mid [0.33–0.67]: 50.3% of pixels
  • Far [0.67–1.00]: 22.1% of pixels"
Post_Impressionism/maurice-prendergast_beach-at-st-malo-1.jpg,"The viewer is likely to associate the following emotions with the image: excitement (probability: 0.31), contentment (probability: 0.29).",there is a boat in the bottom. there is a water in the bottom. there is a beach in the bottom. there is a sky in the top. there is a person in the bottom. there is a person in the bottom left. there is a person in the bottom. there is a person in the bottom,"The main colors are: darkgray, peru, dimgray","The depth values span a full normalized range from 0 (nearest) to 1 (farthest).
On average, the depth is around 0.53 (with moderate variation, std ≈ 0.24).
Most pixels fall into the **mid** depth band (41.4% of the image), while the remaining pixels are split between the other bands.

Depth distribution by band:
  • Near [0.00–0.33]: 24.1% of pixels
  • Mid [0.33–0.67]: 41.4% of pixels
  • Far [0.67–1.00]: 34.1% of pixels"
Minimalism/michelangelo-pistoletto_door-1976.jpg,"The viewer is likely to associate the following emotions with the image: amusement (probability: 0.26), something else (probability: 0.24).",there is a door in the center. there is a floor in the bottom,"The main colors are: silver, peru, gray","The depth values span a full normalized range from 0 (nearest) to 1 (farthest).
On average, the depth is around 0.67 (with moderate variation, std ≈ 0.18).
Most pixels fall into the **far** depth band (67.0% of the image), while the remaining pixels are split between the other bands.

Depth distribution by band:
  • Near [0.00–0.33]: 8.0% of pixels
  • Mid [0.33–0.67]: 25.0% of pixels
  • Far [0.67–1.00]: 67.0% of pixels"
Romanticism/gustave-dore_the-childhood-of-gargantua.jpg,"The viewer is likely to associate the following emotions with the image: contentment (probability: 0.24), amusement (probability: 0.21).",there is a woman in the bottom left. there is a animal in the bottom left. there is a person woman in the center. there is a animal in the bottom left. there is a illustration in the center. there is a child in the bottom left. there is a animal in the bottom left. there is a child in the bottom,"The main colors are: tan, darkolivegreen, gray","The depth values span a full normalized range from 0 (nearest) to 1 (farthest).
On average, the depth is around 0.53 (with moderate variation, std ≈ 0.21).
Most pixels fall into the **mid** depth band (56.6% of the image), while the remaining pixels are split between the other bands.

Depth distribution by band:
  • Near [0.00–0.33]: 18.0% of pixels
  • Mid [0.33–0.67]: 56.6% of pixels
  • Far [0.67–1.00]: 24.8% of pixels"
Romanticism/gustave-dore_don-quixote-149.jpg,"The viewer is likely to associate the following emotions with the image: sadness (probability: 0.30), awe (probability: 0.18).",there is a man in the right. there is a art vector illustration in the center. there is a woman in the right. there is a woman in the center,"The main colors are: darkslategray, gainsboro, gray","The depth values span a full normalized range from 0 (nearest) to 1 (farthest).
On average, the depth is around 0.45 (with moderate variation, std ≈ 0.38).
Most pixels fall into the **near** depth band (47.7% of the image), while the remaining pixels are split between the other bands.

Depth distribution by band:
  • Near [0.00–0.33]: 47.7% of pixels
  • Mid [0.33–0.67]: 17.6% of pixels
  • Far [0.67–1.00]: 29.8% of pixels"
Color_Field_Painting/helen-frankenthaler_only-orange-1963.jpg,"The viewer is likely to associate the following emotions with the image: contentment (probability: 0.21), something else (probability: 0.18).",there is a brush in the bottom. there is a art in the center,"The main colors are: tan, peru, brown","The depth values span a full normalized range from 0 (nearest) to 1 (farthest).
On average, the depth is around 0.64 (with moderate variation, std ≈ 0.24).
Most pixels fall into the **far** depth band (55.5% of the image), while the remaining pixels are split between the other bands.

Depth distribution by band:
  • Near [0.00–0.33]: 14.7% of pixels
  • Mid [0.33–0.67]: 29.8% of pixels
  • Far [0.67–1.00]: 55.5% of pixels"
Minimalism/yves-klein_untitled-pink-monochrome-1957-1.jpg,"The viewer is likely to associate the following emotions with the image: something else (probability: 0.36), contentment (probability: 0.22).",there is a blanket in the center,"The main colors are: crimson, snow, palevioletred","The depth values span a full normalized range from 0 (nearest) to 1 (farthest).
On average, the depth is around 0.48 (with moderate variation, std ≈ 0.33).
Most pixels fall into the **near** depth band (53.4% of the image), while the remaining pixels are split between the other bands.

Depth distribution by band:
  • Near [0.00–0.33]: 53.4% of pixels
  • Mid [0.33–0.67]: 7.9% of pixels
  • Far [0.67–1.00]: 34.1% of pixels"
Color_Field_Painting/morris-louis_vav-1960.jpg,"The viewer is likely to associate the following emotions with the image: something else (probability: 0.24), fear (probability: 0.16).",there is a brown in the center,"The main colors are: indianred, tan, saddlebrown","The depth values span a full normalized range from 0 (nearest) to 1 (farthest).
On average, the depth is around 0.30 (with moderate variation, std ≈ 0.24).
Most pixels fall into the **near** depth band (66.6% of the image), while the remaining pixels are split between the other bands.

Depth distribution by band:
  • Near [0.00–0.33]: 66.6% of pixels
  • Mid [0.33–0.67]: 20.8% of pixels
  • Far [0.67–1.00]: 12.6% of pixels"
Early_Renaissance/fra-angelico_st-stephen-being-led-to-his-martyrdom-1449.jpg,"The viewer is likely to associate the following emotions with the image: awe (probability: 0.45), contentment (probability: 0.22).",there is a woman in the left. there is a builder in the right. there is a doorway in the right. there is a robe in the center. there is a man in the right. there is a archway in the center,"The main colors are: silver, darkolivegreen, rosybrown","The depth values span a full normalized range from 0 (nearest) to 1 (farthest).
On average, the depth is around 0.55 (with moderate variation, std ≈ 0.26).
Most pixels fall into the **far** depth band (40.1% of the image), while the remaining pixels are split between the other bands.

Depth distribution by band:
  • Near [0.00–0.33]: 25.6% of pixels
  • Mid [0.33–0.67]: 33.7% of pixels
  • Far [0.67–1.00]: 40.1% of pixels"
Romanticism/alexander-orlowski_portrait-of-a-cabman-1820.jpg,"The viewer is likely to associate the following emotions with the image: amusement (probability: 0.29), contentment (probability: 0.18).",there is a beard in the center. there is a man in the center. there is a cap in the top. there is a head in the top. there is a beret in the top,"The main colors are: beige, dimgray, rosybrown","The depth values span a full normalized range from 0 (nearest) to 1 (farthest).
On average, the depth is around 0.72 (with moderate variation, std ≈ 0.27).
Most pixels fall into the **far** depth band (53.3% of the image), while the remaining pixels are split between the other bands.

Depth distribution by band:
  • Near [0.00–0.33]: 11.3% of pixels
  • Mid [0.33–0.67]: 28.1% of pixels
  • Far [0.67–1.00]: 53.3% of pixels"
Art_Nouveau_Modern/henri-de-toulouse-lautrec_reine-de-joie-1892.jpg,"The viewer is likely to associate the following emotions with the image: amusement (probability: 0.29), contentment (probability: 0.14).",there is a woman in the top. there is a man in the top right. there is a poster in the top. there is a woman in the top right,"The main colors are: sandybrown, darkolivegreen, peru","The depth values span a full normalized range from 0 (nearest) to 1 (farthest).
On average, the depth is around 0.55 (with moderate variation, std ≈ 0.28).
Most pixels fall into the **far** depth band (36.3% of the image), while the remaining pixels are split between the other bands.

Depth distribution by band:
  • Near [0.00–0.33]: 33.3% of pixels
  • Mid [0.33–0.67]: 26.9% of pixels
  • Far [0.67–1.00]: 36.3% of pixels"
Baroque/guido-reni_mary-magdalene-in-ecstasy-at-the-foot-of-the-cross-1629.jpg,"The viewer is likely to associate the following emotions with the image: awe (probability: 0.34), contentment (probability: 0.27).",there is a woman in the center. there is a hand in the center. there is a dress in the bottom,"The main colors are: black, rosybrown, darkolivegreen","The depth values span a full normalized range from 0 (nearest) to 1 (farthest).
On average, the depth is around 0.27 (with moderate variation, std ≈ 0.20).
Most pixels fall into the **near** depth band (69.8% of the image), while the remaining pixels are split between the other bands.

Depth distribution by band:
  • Near [0.00–0.33]: 69.8% of pixels
  • Mid [0.33–0.67]: 24.7% of pixels
  • Far [0.67–1.00]: 5.5% of pixels"
Art_Nouveau_Modern/carl-larsson_convalescence(1).jpg,"The viewer is likely to associate the following emotions with the image: contentment (probability: 0.35), sadness (probability: 0.22).",there is a woman in the center. there is a robe in the left. there is a bed in the center. there is a stool in the bottom left. there is a room in the center. there is a stool in the bottom right,"The main colors are: rosybrown, sienna, snow","The depth values span a full normalized range from 0 (nearest) to 1 (farthest).
On average, the depth is around 0.55 (with moderate variation, std ≈ 0.21).
Most pixels fall into the **mid** depth band (54.9% of the image), while the remaining pixels are split between the other bands.

Depth distribution by band:
  • Near [0.00–0.33]: 16.2% of pixels
  • Mid [0.33–0.67]: 54.9% of pixels
  • Far [0.67–1.00]: 23.4% of pixels"
Baroque/cornelis-norbertus-gysbrechts_trompe-l-oeil-with-studio-wall-and-vanitas-still-life-1668.jpg,"The viewer is likely to associate the following emotions with the image: fear (probability: 0.23), sadness (probability: 0.19).",there is a wood wall in the center. there is a shelf in the center. there is a tool in the center. there is a lamp in the right. there is a art in the top. there is a brush brush in the right. there is a pencil in the center. there is a art in the top left. there is a paint brush in the top right. there is a art in the bottom left,"The main colors are: darkolivegreen, black, tan","The depth values span a full normalized range from 0 (nearest) to 1 (farthest).
On average, the depth is around 0.45 (with moderate variation, std ≈ 0.26).
Most pixels fall into the **near** depth band (37.0% of the image), while the remaining pixels are split between the other bands.

Depth distribution by band:
  • Near [0.00–0.33]: 37.0% of pixels
  • Mid [0.33–0.67]: 34.3% of pixels
  • Far [0.67–1.00]: 28.6% of pixels"
Romanticism/gustave-dore_abishai-saves-david-s-life.jpg,"The viewer is likely to associate the following emotions with the image: fear (probability: 0.57), awe (probability: 0.16).",there is a boat in the center. there is a person in the center. there is a water in the center. there is a man in the center,"The main colors are: darkslategray, darkgray, dimgray","The depth values span a full normalized range from 0 (nearest) to 1 (farthest).
On average, the depth is around 0.30 (with moderate variation, std ≈ 0.26).
Most pixels fall into the **near** depth band (67.7% of the image), while the remaining pixels are split between the other bands.

Depth distribution by band:
  • Near [0.00–0.33]: 67.7% of pixels
  • Mid [0.33–0.67]: 18.7% of pixels
  • Far [0.67–1.00]: 12.8% of pixels"
Ukiyo_e/utagawa-kuniyoshi_sotoku-invoking-a-thunder-storm.jpg,"The viewer is likely to associate the following emotions with the image: fear (probability: 0.45), awe (probability: 0.16).",there is a woman in the top. there is a wave in the center,"The main colors are: gray, darkslategray, tan","The depth values span a full normalized range from 0 (nearest) to 1 (farthest).
On average, the depth is around 0.40 (with moderate variation, std ≈ 0.27).
Most pixels fall into the **near** depth band (46.4% of the image), while the remaining pixels are split between the other bands.

Depth distribution by band:
  • Near [0.00–0.33]: 46.4% of pixels
  • Mid [0.33–0.67]: 36.2% of pixels
  • Far [0.67–1.00]: 17.0% of pixels"
Baroque/gabriel-metsu_the-sick-girl-1659.jpg,"The viewer is likely to associate the following emotions with the image: sadness (probability: 0.46), contentment (probability: 0.16).",there is a pillow in the right. there is a man in the left. there is a artist in the center. there is a nose in the center,"The main colors are: black, silver, darkolivegreen","The depth values span a full normalized range from 0 (nearest) to 1 (farthest).
On average, the depth is around 0.20 (with moderate variation, std ≈ 0.28).
Most pixels fall into the **near** depth band (78.6% of the image), while the remaining pixels are split between the other bands.

Depth distribution by band:
  • Near [0.00–0.33]: 78.6% of pixels
  • Mid [0.33–0.67]: 7.5% of pixels
  • Far [0.67–1.00]: 13.9% of pixels"
Post_Impressionism/mily-possoz_senhoras-num-jardim-1930.jpg,"The viewer is likely to associate the following emotions with the image: contentment (probability: 0.20), awe (probability: 0.18).",there is a instrument in the top. there is a artist in the top. there is a artist in the center. there is a umbrella in the top right,"The main colors are: darkslategray, darkkhaki, sienna","The depth values span a full normalized range from 0 (nearest) to 1 (farthest).
On average, the depth is around 0.29 (with moderate variation, std ≈ 0.21).
Most pixels fall into the **near** depth band (69.9% of the image), while the remaining pixels are split between the other bands.

Depth distribution by band:
  • Near [0.00–0.33]: 69.9% of pixels
  • Mid [0.33–0.67]: 21.5% of pixels
  • Far [0.67–1.00]: 8.4% of pixels"
Post_Impressionism/pyotr-konchalovsky_leningrad-the-embankment-of-the-neva-1931.jpg,"The viewer is likely to associate the following emotions with the image: contentment (probability: 0.44), awe (probability: 0.23).",there is a bridge in the bottom. there is a water waterway in the bottom. there is a building in the bottom left. there is a boat in the bottom left. there is a city in the bottom,"The main colors are: rosybrown, darkslategray, silver","The depth values span a full normalized range from 0 (nearest) to 1 (farthest).
On average, the depth is around 0.68 (with moderate variation, std ≈ 0.20).
Most pixels fall into the **far** depth band (68.0% of the image), while the remaining pixels are split between the other bands.

Depth distribution by band:
  • Near [0.00–0.33]: 8.2% of pixels
  • Mid [0.33–0.67]: 23.5% of pixels
  • Far [0.67–1.00]: 68.0% of pixels"
Minimalism/yves-gaucher_untitled-8-3-d-19-1985.jpg,"The viewer is likely to associate the following emotions with the image: something else (probability: 0.35), contentment (probability: 0.20).",there is a tie in the left. there is a charcoal in the center,"The main colors are: darkgray, gray, silver","The depth values span a full normalized range from 0 (nearest) to 1 (farthest).
On average, the depth is around 0.79 (with moderate variation, std ≈ 0.15).
Most pixels fall into the **far** depth band (85.5% of the image), while the remaining pixels are split between the other bands.

Depth distribution by band:
  • Near [0.00–0.33]: 1.9% of pixels
  • Mid [0.33–0.67]: 12.6% of pixels
  • Far [0.67–1.00]: 85.5% of pixels"
Post_Impressionism/paul-cezanne_bathers-1880.jpg,"The viewer is likely to associate the following emotions with the image: contentment (probability: 0.31), amusement (probability: 0.18).",there is a woman in the bottom left. there is a child in the bottom. there is a man in the left. there is a person painter in the right. there is a tree in the center. there is a park bench in the bottom,"The main colors are: dimgray, darkkhaki, darkslategray","The depth values span a full normalized range from 0 (nearest) to 1 (farthest).
On average, the depth is around 0.43 (with moderate variation, std ≈ 0.23).
Most pixels fall into the **mid** depth band (42.9% of the image), while the remaining pixels are split between the other bands.

Depth distribution by band:
  • Near [0.00–0.33]: 38.4% of pixels
  • Mid [0.33–0.67]: 42.9% of pixels
  • Far [0.67–1.00]: 18.7% of pixels"
Early_Renaissance/benozzo-gozzoli_san-domenico-annunciation.jpg,"The viewer is likely to associate the following emotions with the image: awe (probability: 0.39), contentment (probability: 0.22).",there is a robe in the left. there is a woman in the center. there is a angel in the left. there is a pillar in the center,"The main colors are: darkslategray, sienna, peru","The depth values span a full normalized range from 0 (nearest) to 1 (farthest).
On average, the depth is around 0.36 (with moderate variation, std ≈ 0.22).
Most pixels fall into the **near** depth band (53.0% of the image), while the remaining pixels are split between the other bands.

Depth distribution by band:
  • Near [0.00–0.33]: 53.0% of pixels
  • Mid [0.33–0.67]: 35.5% of pixels
  • Far [0.67–1.00]: 11.4% of pixels"
Pop_Art/roy-lichtenstein_the-grip-1962.jpg,"The viewer is likely to associate the following emotions with the image: amusement (probability: 0.25), excitement (probability: 0.19).",there is a gun in the center. there is a catch in the center,"The main colors are: thistle, firebrick, indianred","The depth values span a full normalized range from 0 (nearest) to 1 (farthest).
On average, the depth is around 0.45 (with moderate variation, std ≈ 0.33).
Most pixels fall into the **near** depth band (49.6% of the image), while the remaining pixels are split between the other bands.

Depth distribution by band:
  • Near [0.00–0.33]: 49.6% of pixels
  • Mid [0.33–0.67]: 6.8% of pixels
  • Far [0.67–1.00]: 42.3% of pixels"
Romanticism/ivan-aivazovsky_a-rocky-coastal-landscape-in-the-aegean-1884.jpg,"The viewer is likely to associate the following emotions with the image: awe (probability: 0.50), contentment (probability: 0.29).",there is a boat in the center. there is a bird in the bottom. there is a water in the bottom. there is a cliff in the bottom. there is a bird in the center. there is a sky in the top. there is a cloud in the left. there is a bird in the bottom left,"The main colors are: gray, silver, darkslategray","The depth values span a full normalized range from 0 (nearest) to 1 (farthest).
On average, the depth is around 0.51 (with moderate variation, std ≈ 0.22).
Most pixels fall into the **mid** depth band (46.1% of the image), while the remaining pixels are split between the other bands.

Depth distribution by band:
  • Near [0.00–0.33]: 26.7% of pixels
  • Mid [0.33–0.67]: 46.1% of pixels
  • Far [0.67–1.00]: 27.2% of pixels"
Realism/maxime-lalanne_innenansicht-der-b-rse-handelsbeurs-von-antwerpen.jpg,"The viewer is likely to associate the following emotions with the image: awe (probability: 0.57), contentment (probability: 0.24).",there is a building in the center. there is a ceiling in the top,"The main colors are: dimgray, tan, rosybrown","The depth values span a full normalized range from 0 (nearest) to 1 (farthest).
On average, the depth is around 0.63 (with moderate variation, std ≈ 0.22).
Most pixels fall into the **far** depth band (56.2% of the image), while the remaining pixels are split between the other bands.

Depth distribution by band:
  • Near [0.00–0.33]: 12.5% of pixels
  • Mid [0.33–0.67]: 31.4% of pixels
  • Far [0.67–1.00]: 56.2% of pixels"
Abstract_Expressionism/jay-defeo_the-rose-1966.jpg,"The viewer is likely to associate the following emotions with the image: awe (probability: 0.46), contentment (probability: 0.17).",there is a cement in the center. there is a sun in the top,"The main colors are: silver, darkslategray, gray","The depth values span a full normalized range from 0 (nearest) to 1 (farthest).
On average, the depth is around 0.54 (with moderate variation, std ≈ 0.23).
Most pixels fall into the **mid** depth band (49.5% of the image), while the remaining pixels are split between the other bands.

Depth distribution by band:
  • Near [0.00–0.33]: 19.7% of pixels
  • Mid [0.33–0.67]: 49.5% of pixels
  • Far [0.67–1.00]: 30.7% of pixels"
Color_Field_Painting/gene-davis_niagara-1979.jpg,"The viewer is likely to associate the following emotions with the image: contentment (probability: 0.22), something else (probability: 0.21).",there is a frame in the center,"The main colors are: darkgray, darkslategray, gray","The depth values span a full normalized range from 0 (nearest) to 1 (farthest).
On average, the depth is around 0.64 (with moderate variation, std ≈ 0.21).
Most pixels fall into the **far** depth band (61.6% of the image), while the remaining pixels are split between the other bands.

Depth distribution by band:
  • Near [0.00–0.33]: 12.9% of pixels
  • Mid [0.33–0.67]: 25.5% of pixels
  • Far [0.67–1.00]: 61.6% of pixels"
Early_Renaissance/giovanni-bellini_st-francis-in-ecstasy-1485.jpg,"The viewer is likely to associate the following emotions with the image: awe (probability: 0.34), fear (probability: 0.17).",there is a man in the bottom. there is a animal in the left. there is a shepherd in the left,"The main colors are: black, gray, darkolivegreen","The depth values span a full normalized range from 0 (nearest) to 1 (farthest).
On average, the depth is around 0.23 (with moderate variation, std ≈ 0.21).
Most pixels fall into the **near** depth band (73.2% of the image), while the remaining pixels are split between the other bands.

Depth distribution by band:
  • Near [0.00–0.33]: 73.2% of pixels
  • Mid [0.33–0.67]: 22.6% of pixels
  • Far [0.67–1.00]: 4.2% of pixels"
Art_Nouveau_Modern/boris-kustodiev_the-guy-from-tula-1926-1.jpg,"The viewer is likely to associate the following emotions with the image: amusement (probability: 0.38), contentment (probability: 0.23).",there is a trench coat in the top. there is a sun hat in the top. there is a woman in the center. there is a boot in the bottom right. there is a boot in the center. there is a boot in the right. there is a scarf in the top,"The main colors are: wheat, dimgray, rosybrown","The depth values span a full normalized range from 0 (nearest) to 1 (farthest).
On average, the depth is around 0.75 (with moderate variation, std ≈ 0.19).
Most pixels fall into the **far** depth band (79.3% of the image), while the remaining pixels are split between the other bands.

Depth distribution by band:
  • Near [0.00–0.33]: 5.9% of pixels
  • Mid [0.33–0.67]: 14.7% of pixels
  • Far [0.67–1.00]: 79.3% of pixels"
Baroque/rembrandt_the-crucifixion-an-oval-plate-1640.jpg,"The viewer is likely to associate the following emotions with the image: sadness (probability: 0.23), fear (probability: 0.18).",there is a cross in the top. there is a illustration in the center. there is a man in the center. there is a animal in the top right. there is a animal in the right. there is a cross in the top right. there is a person man in the left,"The main colors are: silver, darkolivegreen, gray","The depth values span a full normalized range from 0 (nearest) to 1 (farthest).
On average, the depth is around 0.57 (with moderate variation, std ≈ 0.25).
Most pixels fall into the **far** depth band (50.8% of the image), while the remaining pixels are split between the other bands.

Depth distribution by band:
  • Near [0.00–0.33]: 26.6% of pixels
  • Mid [0.33–0.67]: 22.6% of pixels
  • Far [0.67–1.00]: 50.8% of pixels"
Cubism/theo-van-doesburg_composition-the-cow-7.jpg,"The viewer is likely to associate the following emotions with the image: something else (probability: 0.25), contentment (probability: 0.21).",there is a chair in the right. there is a stool in the right,"The main colors are: lightgray, darkgray, dimgray","The depth values span a full normalized range from 0 (nearest) to 1 (farthest).
On average, the depth is around 0.81 (with moderate variation, std ≈ 0.10).
Most pixels fall into the **far** depth band (92.5% of the image), while the remaining pixels are split between the other bands.

Depth distribution by band:
  • Near [0.00–0.33]: 1.0% of pixels
  • Mid [0.33–0.67]: 6.4% of pixels
  • Far [0.67–1.00]: 92.5% of pixels"
Pop_Art/eduardo-paolozzi_yours-till-the-boys-come-home-1951.jpg,"The viewer is likely to associate the following emotions with the image: fear (probability: 0.18), amusement (probability: 0.17).",there is a woman in the right. there is a woman in the top right. there is a art in the center. there is a poster in the top right,"The main colors are: darkslategray, silver, gray","The depth values span a full normalized range from 0 (nearest) to 1 (farthest).
On average, the depth is around 0.48 (with moderate variation, std ≈ 0.26).
Most pixels fall into the **near** depth band (39.5% of the image), while the remaining pixels are split between the other bands.

Depth distribution by band:
  • Near [0.00–0.33]: 39.5% of pixels
  • Mid [0.33–0.67]: 30.9% of pixels
  • Far [0.67–1.00]: 29.6% of pixels"
Art_Nouveau_Modern/carl-larsson_brita-and-me-1895(1).jpg,"The viewer is likely to associate the following emotions with the image: amusement (probability: 0.37), contentment (probability: 0.22).",there is a doll in the top right. there is a man in the top. there is a head in the top right. there is a head in the top right. there is a dress in the top,"The main colors are: tan, darkslategray, indianred","The depth values span a full normalized range from 0 (nearest) to 1 (farthest).
On average, the depth is around 0.48 (with moderate variation, std ≈ 0.26).
Most pixels fall into the **near** depth band (38.1% of the image), while the remaining pixels are split between the other bands.

Depth distribution by band:
  • Near [0.00–0.33]: 38.1% of pixels
  • Mid [0.33–0.67]: 28.9% of pixels
  • Far [0.67–1.00]: 32.8% of pixels"
Pop_Art/hiro-yamagata_moulin-rouge-1977.jpg,"The viewer is likely to associate the following emotions with the image: amusement (probability: 0.36), excitement (probability: 0.22).",there is a town square in the center. there is a building in the left. there is a building in the center. there is a poster in the bottom. there is a building in the right,"The main colors are: darkolivegreen, darkgray, cadetblue","The depth values span a full normalized range from 0 (nearest) to 1 (farthest).
On average, the depth is around 0.48 (with moderate variation, std ≈ 0.24).
Most pixels fall into the **mid** depth band (41.3% of the image), while the remaining pixels are split between the other bands.

Depth distribution by band:
  • Near [0.00–0.33]: 32.6% of pixels
  • Mid [0.33–0.67]: 41.3% of pixels
  • Far [0.67–1.00]: 25.8% of pixels"
Romanticism/ivan-aivazovsky_the-shipwreck-near-mountain-of-aphon-1856.jpg,"The viewer is likely to associate the following emotions with the image: fear (probability: 0.29), awe (probability: 0.29).",there is a water in the bottom. there is a boat in the bottom left. there is a sky in the left. there is a vessel in the bottom left. there is a artist in the bottom. there is a person in the bottom,"The main colors are: burlywood, rosybrown, dimgray","The depth values span a full normalized range from 0 (nearest) to 1 (farthest).
On average, the depth is around 0.51 (with moderate variation, std ≈ 0.21).
Most pixels fall into the **mid** depth band (57.4% of the image), while the remaining pixels are split between the other bands.

Depth distribution by band:
  • Near [0.00–0.33]: 20.9% of pixels
  • Mid [0.33–0.67]: 57.4% of pixels
  • Far [0.67–1.00]: 18.5% of pixels"
Romanticism/francisco-goya_still-life-of-sheep-s-ribs-and-head-the-butcher-s-conter-1812.jpg,"The viewer is likely to associate the following emotions with the image: fear (probability: 0.22), sadness (probability: 0.21).",there is a bull in the bottom left. there is a animal in the center. there is a animal in the center. there is a bacon in the bottom left,"The main colors are: darkolivegreen, darkkhaki, black","The depth values span a full normalized range from 0 (nearest) to 1 (farthest).
On average, the depth is around 0.28 (with moderate variation, std ≈ 0.23).
Most pixels fall into the **near** depth band (64.4% of the image), while the remaining pixels are split between the other bands.

Depth distribution by band:
  • Near [0.00–0.33]: 64.4% of pixels
  • Mid [0.33–0.67]: 28.6% of pixels
  • Far [0.67–1.00]: 7.0% of pixels"
Baroque/anthony-van-dyck_rubens-mourning-his-wife.jpg,"The viewer is likely to associate the following emotions with the image: contentment (probability: 0.26), awe (probability: 0.22).",there is a dog in the bottom left. there is a child in the bottom. there is a woman in the bottom left. there is a man in the bottom. there is a person man in the left. there is a family photo in the center. there is a person in the center,"The main colors are: darkolivegreen, black, darkkhaki","The depth values span a full normalized range from 0 (nearest) to 1 (farthest).
On average, the depth is around 0.23 (with moderate variation, std ≈ 0.19).
Most pixels fall into the **near** depth band (79.3% of the image), while the remaining pixels are split between the other bands.

Depth distribution by band:
  • Near [0.00–0.33]: 79.3% of pixels
  • Mid [0.33–0.67]: 16.4% of pixels
  • Far [0.67–1.00]: 4.2% of pixels"
Art_Nouveau_Modern/raphael-kirchner_single-items.jpg,"The viewer is likely to associate the following emotions with the image: contentment (probability: 0.31), amusement (probability: 0.28).",there is a girl in the right. there is a goggles in the top right. there is a dress in the top right. there is a wreath in the top right. there is a sock in the right. there is a sock in the right. there is a card photo in the top. there is a sock in the right,"The main colors are: linen, dimgray, silver","The depth values span a full normalized range from 0 (nearest) to 1 (farthest).
On average, the depth is around 0.80 (with moderate variation, std ≈ 0.17).
Most pixels fall into the **far** depth band (87.7% of the image), while the remaining pixels are split between the other bands.

Depth distribution by band:
  • Near [0.00–0.33]: 3.9% of pixels
  • Mid [0.33–0.67]: 8.4% of pixels
  • Far [0.67–1.00]: 87.7% of pixels"
Color_Field_Painting/helen-frankenthaler_earliness-1975.jpg,"The viewer is likely to associate the following emotions with the image: something else (probability: 0.22), contentment (probability: 0.16).",there is a color in the center,"The main colors are: sandybrown, snow","The depth values span a full normalized range from 0 (nearest) to 1 (farthest).
On average, the depth is around 0.68 (with moderate variation, std ≈ 0.25).
Most pixels fall into the **far** depth band (63.2% of the image), while the remaining pixels are split between the other bands.

Depth distribution by band:
  • Near [0.00–0.33]: 13.8% of pixels
  • Mid [0.33–0.67]: 18.8% of pixels
  • Far [0.67–1.00]: 63.2% of pixels"
Romanticism/joseph-wright_the-captive-from-sterne.jpg,"The viewer is likely to associate the following emotions with the image: sadness (probability: 0.27), contentment (probability: 0.21).",there is a stool in the bottom. there is a artist in the bottom left. there is a doorway in the center. there is a man in the bottom. there is a pillar in the right. there is a doorway in the center,"The main colors are: darkolivegreen, black, sienna","The depth values span a full normalized range from 0 (nearest) to 1 (farthest).
On average, the depth is around 0.13 (with moderate variation, std ≈ 0.18).
Most pixels fall into the **near** depth band (85.9% of the image), while the remaining pixels are split between the other bands.

Depth distribution by band:
  • Near [0.00–0.33]: 85.9% of pixels
  • Mid [0.33–0.67]: 12.0% of pixels
  • Far [0.67–1.00]: 2.1% of pixels"
Pop_Art/hiro-yamagata_vacance-1980.jpg,"The viewer is likely to associate the following emotions with the image: amusement (probability: 0.20), excitement (probability: 0.19).",there is a amusement park in the center. there is a building in the center,"The main colors are: darkgray, sienna, darkolivegreen","The depth values span a full normalized range from 0 (nearest) to 1 (farthest).
On average, the depth is around 0.44 (with moderate variation, std ≈ 0.22).
Most pixels fall into the **mid** depth band (45.0% of the image), while the remaining pixels are split between the other bands.

Depth distribution by band:
  • Near [0.00–0.33]: 36.2% of pixels
  • Mid [0.33–0.67]: 45.0% of pixels
  • Far [0.67–1.00]: 18.8% of pixels"
Ukiyo_e/utagawa-kuniyoshi_the-actor-20.jpg,"The viewer is likely to associate the following emotions with the image: amusement (probability: 0.33), contentment (probability: 0.16).",there is a woman in the center. there is a head in the top. there is a head in the top,"The main colors are: dimgray, wheat, tan","The depth values span a full normalized range from 0 (nearest) to 1 (farthest).
On average, the depth is around 0.75 (with moderate variation, std ≈ 0.25).
Most pixels fall into the **far** depth band (72.7% of the image), while the remaining pixels are split between the other bands.

Depth distribution by band:
  • Near [0.00–0.33]: 10.3% of pixels
  • Mid [0.33–0.67]: 12.6% of pixels
  • Far [0.67–1.00]: 72.7% of pixels"
Realism/vasily-perov_yaroslavna-s-lament-1881.jpg,"The viewer is likely to associate the following emotions with the image: awe (probability: 0.45), contentment (probability: 0.22).",there is a builder in the center. there is a sky in the top,"The main colors are: gray, darkslategray, silver","The depth values span a full normalized range from 0 (nearest) to 1 (farthest).
On average, the depth is around 0.50 (with moderate variation, std ≈ 0.21).
Most pixels fall into the **mid** depth band (49.7% of the image), while the remaining pixels are split between the other bands.

Depth distribution by band:
  • Near [0.00–0.33]: 24.0% of pixels
  • Mid [0.33–0.67]: 49.7% of pixels
  • Far [0.67–1.00]: 26.3% of pixels"
Symbolism/arnold-bã¶cklin_melancholia.jpg,"The viewer is likely to associate the following emotions with the image: contentment (probability: 0.40), awe (probability: 0.19).",there is a woman in the center. there is a blanket in the center,"The main colors are: darkslategray, wheat, peru","The depth values span a full normalized range from 0 (nearest) to 1 (farthest).
On average, the depth is around 0.42 (with moderate variation, std ≈ 0.30).
Most pixels fall into the **near** depth band (55.4% of the image), while the remaining pixels are split between the other bands.

Depth distribution by band:
  • Near [0.00–0.33]: 55.4% of pixels
  • Mid [0.33–0.67]: 17.3% of pixels
  • Far [0.67–1.00]: 27.1% of pixels"
Realism/vasily-vereshchagin_letter-remained-unfinished-1901.jpg,"The viewer is likely to associate the following emotions with the image: contentment (probability: 0.33), awe (probability: 0.21).",there is a woman in the right. there is a bed in the center. there is a hospital room in the center. there is a dress in the center. there is a person in the center,"The main colors are: snow, darkslategray, darkgray","The depth values span a full normalized range from 0 (nearest) to 1 (farthest).
On average, the depth is around 0.63 (with moderate variation, std ≈ 0.29).
Most pixels fall into the **far** depth band (55.5% of the image), while the remaining pixels are split between the other bands.

Depth distribution by band:
  • Near [0.00–0.33]: 20.0% of pixels
  • Mid [0.33–0.67]: 23.9% of pixels
  • Far [0.67–1.00]: 55.5% of pixels"
Realism/ilya-repin_demonstration-on-october-17-1905-sketch-1906.jpg,"The viewer is likely to associate the following emotions with the image: fear (probability: 0.22), excitement (probability: 0.17).",there is a poster in the center. there is a artist in the left. there is a man in the bottom left. there is a man in the bottom. there is a trumpet in the bottom. there is a band in the top left,"The main colors are: black, darkkhaki, sienna","The depth values span a full normalized range from 0 (nearest) to 1 (farthest).
On average, the depth is around 0.39 (with moderate variation, std ≈ 0.26).
Most pixels fall into the **near** depth band (48.4% of the image), while the remaining pixels are split between the other bands.

Depth distribution by band:
  • Near [0.00–0.33]: 48.4% of pixels
  • Mid [0.33–0.67]: 28.3% of pixels
  • Far [0.67–1.00]: 23.2% of pixels"
Minimalism/ellsworth-kelly_creueta-del-coll-1987.jpg,"The viewer is likely to associate the following emotions with the image: contentment (probability: 0.45), awe (probability: 0.25).",there is a tree in the right. there is a tree in the top left. there is a pillar pole in the top right. there is a pillar in the left. there is a plaza in the center,"The main colors are: darkgray, darkslategray, lavender","The depth values span a full normalized range from 0 (nearest) to 1 (farthest).
On average, the depth is around 0.54 (with moderate variation, std ≈ 0.33).
Most pixels fall into the **far** depth band (46.1% of the image), while the remaining pixels are split between the other bands.

Depth distribution by band:
  • Near [0.00–0.33]: 34.3% of pixels
  • Mid [0.33–0.67]: 19.4% of pixels
  • Far [0.67–1.00]: 46.1% of pixels"
Rococo/antoine-pesne_birth-of-christ-1745.jpg,"The viewer is likely to associate the following emotions with the image: awe (probability: 0.27), fear (probability: 0.27).",there is a deity in the bottom. there is a painter in the bottom left. there is a builder in the bottom left,"The main colors are: darkslategray, peru, saddlebrown","The depth values span a full normalized range from 0 (nearest) to 1 (farthest).
On average, the depth is around 0.25 (with moderate variation, std ≈ 0.16).
Most pixels fall into the **near** depth band (76.4% of the image), while the remaining pixels are split between the other bands.

Depth distribution by band:
  • Near [0.00–0.33]: 76.4% of pixels
  • Mid [0.33–0.67]: 21.0% of pixels
  • Far [0.67–1.00]: 2.6% of pixels"
High_Renaissance/leonardo-da-vinci_study-of-an-apostle-s-head-and-architectural-study.jpg,"The viewer is likely to associate the following emotions with the image: sadness (probability: 0.16), fear (probability: 0.15).",there is a building in the center. there is a woman in the top. there is a portrait in the center. there is a tower in the left. there is a tower in the center,"The main colors are: silver, dimgray, linen","The depth values span a full normalized range from 0 (nearest) to 1 (farthest).
On average, the depth is around 0.88 (with moderate variation, std ≈ 0.13).
Most pixels fall into the **far** depth band (93.5% of the image), while the remaining pixels are split between the other bands.

Depth distribution by band:
  • Near [0.00–0.33]: 1.9% of pixels
  • Mid [0.33–0.67]: 4.3% of pixels
  • Far [0.67–1.00]: 93.5% of pixels"
Baroque/rembrandt_the-crucifixion-a-square-small-plate-1634.jpg,"The viewer is likely to associate the following emotions with the image: sadness (probability: 0.28), fear (probability: 0.22).",there is a man in the center. there is a tree in the top. there is a animal in the right. there is a illustration in the center. there is a person in the left. there is a person in the left,"The main colors are: darkgray, darkslategray, gray","The depth values span a full normalized range from 0 (nearest) to 1 (farthest).
On average, the depth is around 0.60 (with moderate variation, std ≈ 0.20).
Most pixels fall into the **far** depth band (55.5% of the image), while the remaining pixels are split between the other bands.

Depth distribution by band:
  • Near [0.00–0.33]: 16.1% of pixels
  • Mid [0.33–0.67]: 28.4% of pixels
  • Far [0.67–1.00]: 55.5% of pixels"
Symbolism/nicholas-roerich_lake-dal-1925.jpg,"The viewer is likely to associate the following emotions with the image: awe (probability: 0.45), contentment (probability: 0.39).",there is a mountain range in the center. there is a water in the bottom,"The main colors are: gray, silver, darkslateblue","The depth values span a full normalized range from 0 (nearest) to 1 (farthest).
On average, the depth is around 0.51 (with moderate variation, std ≈ 0.18).
Most pixels fall into the **mid** depth band (64.8% of the image), while the remaining pixels are split between the other bands.

Depth distribution by band:
  • Near [0.00–0.33]: 15.5% of pixels
  • Mid [0.33–0.67]: 64.8% of pixels
  • Far [0.67–1.00]: 19.6% of pixels"
Abstract_Expressionism/paul-jenkins_not_detected_235686.jpg,"The viewer is likely to associate the following emotions with the image: fear (probability: 0.39), awe (probability: 0.22).",there is a art in the center. there is a animal in the right,"The main colors are: khaki, black, sienna","The depth values span a full normalized range from 0 (nearest) to 1 (farthest).
On average, the depth is around 0.32 (with moderate variation, std ≈ 0.28).
Most pixels fall into the **near** depth band (66.8% of the image), while the remaining pixels are split between the other bands.

Depth distribution by band:
  • Near [0.00–0.33]: 66.8% of pixels
  • Mid [0.33–0.67]: 17.0% of pixels
  • Far [0.67–1.00]: 12.9% of pixels"
Post_Impressionism/david-burliuk_summer-forest-1906.jpg,"The viewer is likely to associate the following emotions with the image: contentment (probability: 0.46), awe (probability: 0.18).","there is a drawing, forest in the center. there is a tree in the center","The main colors are: darkolivegreen, darkkhaki, olivedrab","The depth values span a full normalized range from 0 (nearest) to 1 (farthest).
On average, the depth is around 0.39 (with moderate variation, std ≈ 0.23).
Most pixels fall into the **mid** depth band (44.0% of the image), while the remaining pixels are split between the other bands.

Depth distribution by band:
  • Near [0.00–0.33]: 42.9% of pixels
  • Mid [0.33–0.67]: 44.0% of pixels
  • Far [0.67–1.00]: 12.8% of pixels"
Realism/boris-kustodiev_poster-for-the-freedom-loan-1917.jpg,"The viewer is likely to associate the following emotions with the image: amusement (probability: 0.25), fear (probability: 0.19).",there is a man in the top. there is a rifle in the top. there is a army in the left. there is a flag in the left. there is a flag in the right. there is a catch in the right. there is a catch in the right. there is a army in the right,"The main colors are: sienna, darkslategray, tan","The depth values span a full normalized range from 0 (nearest) to 1 (farthest).
On average, the depth is around 0.40 (with moderate variation, std ≈ 0.25).
Most pixels fall into the **near** depth band (50.8% of the image), while the remaining pixels are split between the other bands.

Depth distribution by band:
  • Near [0.00–0.33]: 50.8% of pixels
  • Mid [0.33–0.67]: 29.1% of pixels
  • Far [0.67–1.00]: 20.1% of pixels"
Art_Nouveau_Modern/j.-e.-h.-macdonald_the-wild-river-1919.jpg,"The viewer is likely to associate the following emotions with the image: fear (probability: 0.27), awe (probability: 0.15).",there is a creek in the center. there is a tree in the left,"The main colors are: sienna, peru, saddlebrown","The depth values span a full normalized range from 0 (nearest) to 1 (farthest).
On average, the depth is around 0.39 (with moderate variation, std ≈ 0.16).
Most pixels fall into the **mid** depth band (52.4% of the image), while the remaining pixels are split between the other bands.

Depth distribution by band:
  • Near [0.00–0.33]: 42.1% of pixels
  • Mid [0.33–0.67]: 52.4% of pixels
  • Far [0.67–1.00]: 5.5% of pixels"
High_Renaissance/leonardo-da-vinci_study-of-christ-for-the-last-supper.jpg,"The viewer is likely to associate the following emotions with the image: sadness (probability: 0.23), awe (probability: 0.22).",there is a woman in the center. there is a face in the right. there is a eye in the top. there is a eye in the top right. there is a eye in the top right. there is a eye in the right,"The main colors are: sienna, burlywood, peru","The depth values span a full normalized range from 0 (nearest) to 1 (farthest).
On average, the depth is around 0.56 (with moderate variation, std ≈ 0.26).
Most pixels fall into the **mid** depth band (43.1% of the image), while the remaining pixels are split between the other bands.

Depth distribution by band:
  • Near [0.00–0.33]: 22.4% of pixels
  • Mid [0.33–0.67]: 43.1% of pixels
  • Far [0.67–1.00]: 29.8% of pixels"
Art_Nouveau_Modern/theodor-severin-kittelsen_har-dyrene-sj-l-cover-1894.jpg,"The viewer is likely to associate the following emotions with the image: amusement (probability: 0.39), contentment (probability: 0.20).",there is a cartoon in the top right. there is a man in the center. there is a hat in the right. there is a hat in the center,"The main colors are: antiquewhite, dimgray, tan","The depth values span a full normalized range from 0 (nearest) to 1 (farthest).
On average, the depth is around 0.83 (with moderate variation, std ≈ 0.20).
Most pixels fall into the **far** depth band (86.4% of the image), while the remaining pixels are split between the other bands.

Depth distribution by band:
  • Near [0.00–0.33]: 5.4% of pixels
  • Mid [0.33–0.67]: 7.9% of pixels
  • Far [0.67–1.00]: 86.4% of pixels"
Art_Nouveau_Modern/theodor-severin-kittelsen_her-er-levemaate-unger-1894.jpg,"The viewer is likely to associate the following emotions with the image: amusement (probability: 0.38), excitement (probability: 0.12).",there is a animal in the center. there is a mouse in the left. there is a owl in the right. there is a worm in the right,"The main colors are: darkolivegreen, whitesmoke, rosybrown","The depth values span a full normalized range from 0 (nearest) to 1 (farthest).
On average, the depth is around 0.70 (with moderate variation, std ≈ 0.30).
Most pixels fall into the **far** depth band (47.5% of the image), while the remaining pixels are split between the other bands.

Depth distribution by band:
  • Near [0.00–0.33]: 16.4% of pixels
  • Mid [0.33–0.67]: 22.4% of pixels
  • Far [0.67–1.00]: 47.5% of pixels"
Realism/isaac-levitan_by-the-seashore-1886.jpg,"The viewer is likely to associate the following emotions with the image: contentment (probability: 0.42), awe (probability: 0.20).",there is a water in the bottom left. there is a stone rock formation in the left. there is a boulder in the bottom left. there is a boulder in the bottom. there is a boulder in the bottom left. there is a boulder in the bottom left,"The main colors are: dimgray, tan, darkslategray","The depth values span a full normalized range from 0 (nearest) to 1 (farthest).
On average, the depth is around 0.48 (with moderate variation, std ≈ 0.23).
Most pixels fall into the **mid** depth band (45.1% of the image), while the remaining pixels are split between the other bands.

Depth distribution by band:
  • Near [0.00–0.33]: 29.7% of pixels
  • Mid [0.33–0.67]: 45.1% of pixels
  • Far [0.67–1.00]: 25.2% of pixels"
Realism/isaac-levitan_evening-path-1882.jpg,"The viewer is likely to associate the following emotions with the image: contentment (probability: 0.59), awe (probability: 0.18).",there is a creek in the center. there is a tree in the top right. there is a tree in the top. there is a person in the top. there is a field in the center,"The main colors are: darkslategray, gainsboro, dimgray","The depth values span a full normalized range from 0 (nearest) to 1 (farthest).
On average, the depth is around 0.43 (with moderate variation, std ≈ 0.30).
Most pixels fall into the **near** depth band (47.7% of the image), while the remaining pixels are split between the other bands.

Depth distribution by band:
  • Near [0.00–0.33]: 47.7% of pixels
  • Mid [0.33–0.67]: 25.1% of pixels
  • Far [0.67–1.00]: 27.2% of pixels"
Ukiyo_e/katsushika-hokusai_portrait-of-a-man-of-noble-birth-with-a-book.jpg,"The viewer is likely to associate the following emotions with the image: amusement (probability: 0.31), contentment (probability: 0.21).",there is a folder in the right. there is a robe in the center. there is a catch in the center,"The main colors are: black, tan, dimgray","The depth values span a full normalized range from 0 (nearest) to 1 (farthest).
On average, the depth is around 0.43 (with moderate variation, std ≈ 0.30).
Most pixels fall into the **near** depth band (42.3% of the image), while the remaining pixels are split between the other bands.

Depth distribution by band:
  • Near [0.00–0.33]: 42.3% of pixels
  • Mid [0.33–0.67]: 30.9% of pixels
  • Far [0.67–1.00]: 25.8% of pixels"
Realism/gustave-courbet_still-life-with-apples-and-pomegranates-1871.jpg,"The viewer is likely to associate the following emotions with the image: contentment (probability: 0.21), disgust (probability: 0.21).",there is a apple in the bottom. there is a potato in the center. there is a potato in the left. there is a fig in the bottom. there is a fruit in the center. there is a potato in the center. there is a fig in the bottom left,"The main colors are: tan, black, sienna","The depth values span a full normalized range from 0 (nearest) to 1 (farthest).
On average, the depth is around 0.29 (with moderate variation, std ≈ 0.22).
Most pixels fall into the **near** depth band (67.2% of the image), while the remaining pixels are split between the other bands.

Depth distribution by band:
  • Near [0.00–0.33]: 67.2% of pixels
  • Mid [0.33–0.67]: 22.4% of pixels
  • Far [0.67–1.00]: 10.4% of pixels"
Baroque/gian-lorenzo-bernini_daniel-and-the-lion(1).jpg,"The viewer is likely to associate the following emotions with the image: awe (probability: 0.43), contentment (probability: 0.17).",there is a sculpture statue in the right. there is a building in the top. there is a pillar in the top left. there is a pillar in the top right,"The main colors are: darkkhaki, darkolivegreen, lightgray","The depth values span a full normalized range from 0 (nearest) to 1 (farthest).
On average, the depth is around 0.59 (with moderate variation, std ≈ 0.28).
Most pixels fall into the **far** depth band (47.7% of the image), while the remaining pixels are split between the other bands.

Depth distribution by band:
  • Near [0.00–0.33]: 22.3% of pixels
  • Mid [0.33–0.67]: 29.7% of pixels
  • Far [0.67–1.00]: 47.7% of pixels"
Art_Nouveau_Modern/konstantin-somov_book-of-the-marquise-illustration-2.jpg,"The viewer is likely to associate the following emotions with the image: amusement (probability: 0.37), contentment (probability: 0.17).",there is a cowboy hat in the top right. there is a coat in the top right. there is a cane in the top. there is a man in the top right. there is a gun in the top,"The main colors are: lightgray, darkolivegreen, indianred","The depth values span a full normalized range from 0 (nearest) to 1 (farthest).
On average, the depth is around 0.68 (with moderate variation, std ≈ 0.25).
Most pixels fall into the **far** depth band (71.0% of the image), while the remaining pixels are split between the other bands.

Depth distribution by band:
  • Near [0.00–0.33]: 17.8% of pixels
  • Mid [0.33–0.67]: 11.2% of pixels
  • Far [0.67–1.00]: 71.0% of pixels"
Symbolism/odilon-redon_eye-balloon-1898.jpg,"The viewer is likely to associate the following emotions with the image: fear (probability: 0.39), sadness (probability: 0.14).",there is a airship in the top. there is a sky in the top,"The main colors are: lightgray, black, gray","The depth values span a full normalized range from 0 (nearest) to 1 (farthest).
On average, the depth is around 0.39 (with moderate variation, std ≈ 0.26).
Most pixels fall into the **mid** depth band (46.3% of the image), while the remaining pixels are split between the other bands.

Depth distribution by band:
  • Near [0.00–0.33]: 38.9% of pixels
  • Mid [0.33–0.67]: 46.3% of pixels
  • Far [0.67–1.00]: 14.7% of pixels"
Early_Renaissance/filippo-lippi_madonna-and-child-with-st-fredianus-and-st-augustine-1438.jpg,"The viewer is likely to associate the following emotions with the image: awe (probability: 0.46), sadness (probability: 0.16).",there is a baby in the center. there is a artist in the center. there is a artist in the bottom. there is a painter in the bottom left. there is a painter in the left. there is a painter in the right,"The main colors are: saddlebrown, black, peru","The depth values span a full normalized range from 0 (nearest) to 1 (farthest).
On average, the depth is around 0.27 (with moderate variation, std ≈ 0.23).
Most pixels fall into the **near** depth band (68.8% of the image), while the remaining pixels are split between the other bands.

Depth distribution by band:
  • Near [0.00–0.33]: 68.8% of pixels
  • Mid [0.33–0.67]: 22.4% of pixels
  • Far [0.67–1.00]: 8.5% of pixels"
Realism/james-tissot_caricature-of-henry-william-eaton-m-p.jpg,"The viewer is likely to associate the following emotions with the image: amusement (probability: 0.39), contentment (probability: 0.21).",there is a man in the top. there is a dress hat hat in the top right. there is a armchair couch in the center. there is a garment in the top. there is a stool in the right. there is a dress in the top right,"The main colors are: gray, darkslategray, silver","The depth values span a full normalized range from 0 (nearest) to 1 (farthest).
On average, the depth is around 0.57 (with moderate variation, std ≈ 0.24).
Most pixels fall into the **far** depth band (45.5% of the image), while the remaining pixels are split between the other bands.

Depth distribution by band:
  • Near [0.00–0.33]: 22.2% of pixels
  • Mid [0.33–0.67]: 32.4% of pixels
  • Far [0.67–1.00]: 45.5% of pixels"
Romanticism/cornelis-springer_altstadtmarkt-in-brunswijk.jpg,"The viewer is likely to associate the following emotions with the image: awe (probability: 0.50), contentment (probability: 0.28).",there is a building in the left. there is a cart in the bottom. there is a building in the bottom. there is a tower spire in the left. there is a town square in the center. there is a person in the bottom. there is a crowd in the bottom. there is a tower spire in the top left. there is a crowd in the bottom left. there is a person in the bottom. there is a coach in the bottom left. there is a tower in the bottom,"The main colors are: darkslategray, gainsboro, gray","The depth values span a full normalized range from 0 (nearest) to 1 (farthest).
On average, the depth is around 0.57 (with moderate variation, std ≈ 0.33).
Most pixels fall into the **far** depth band (52.7% of the image), while the remaining pixels are split between the other bands.

Depth distribution by band:
  • Near [0.00–0.33]: 30.4% of pixels
  • Mid [0.33–0.67]: 16.9% of pixels
  • Far [0.67–1.00]: 52.7% of pixels"
Early_Renaissance/benozzo-gozzoli_view-of-the-main-apsidal-chapel-1452-1.jpg,"The viewer is likely to associate the following emotions with the image: awe (probability: 0.68), contentment (probability: 0.19).",there is a building in the center. there is a archway in the right. there is a pillar in the center. there is a church bench in the bottom right. there is a pillar in the right. there is a pulpit in the left. there is a church bench in the left. there is a ceiling in the top. there is a doorway in the right. there is a altar in the center,"The main colors are: silver, dimgray, darkslategray","The depth values span a full normalized range from 0 (nearest) to 1 (farthest).
On average, the depth is around 0.46 (with moderate variation, std ≈ 0.26).
Most pixels fall into the **mid** depth band (37.9% of the image), while the remaining pixels are split between the other bands.

Depth distribution by band:
  • Near [0.00–0.33]: 36.5% of pixels
  • Mid [0.33–0.67]: 37.9% of pixels
  • Far [0.67–1.00]: 25.5% of pixels"
Northern_Renaissance/lucas-cranach-the-elder_arrest-of-christ-1538.jpg,"The viewer is likely to associate the following emotions with the image: fear (probability: 0.39), awe (probability: 0.16).",there is a artist person in the right. there is a artist in the bottom. there is a sword in the left. there is a instrument in the left,"The main colors are: black, peru, darkolivegreen","The depth values span a full normalized range from 0 (nearest) to 1 (farthest).
On average, the depth is around 0.18 (with moderate variation, std ≈ 0.12).
Most pixels fall into the **near** depth band (91.7% of the image), while the remaining pixels are split between the other bands.

Depth distribution by band:
  • Near [0.00–0.33]: 91.7% of pixels
  • Mid [0.33–0.67]: 7.2% of pixels
  • Far [0.67–1.00]: 1.1% of pixels"
Cubism/gino-severini_still-life-with-the-dome-of-st-peter-s-1943.jpg,"The viewer is likely to associate the following emotions with the image: amusement (probability: 0.20), excitement (probability: 0.20).",there is a bottle in the right. there is a bottle in the right. there is a vase in the bottom left. there is a table in the bottom. there is a curtain in the left. there is a bottle in the bottom,"The main colors are: darkslategray, silver, gray","The depth values span a full normalized range from 0 (nearest) to 1 (farthest).
On average, the depth is around 0.50 (with moderate variation, std ≈ 0.22).
Most pixels fall into the **mid** depth band (49.8% of the image), while the remaining pixels are split between the other bands.

Depth distribution by band:
  • Near [0.00–0.33]: 24.5% of pixels
  • Mid [0.33–0.67]: 49.8% of pixels
  • Far [0.67–1.00]: 25.7% of pixels"
Art_Nouveau_Modern/boris-kustodiev_shrove-tide-1919.jpg,"The viewer is likely to associate the following emotions with the image: excitement (probability: 0.36), awe (probability: 0.21).",there is a horse in the bottom left. there is a coach in the bottom left. there is a horse in the bottom. there is a sleigh in the bottom left. there is a person in the bottom. there is a town square village in the center. there is a horse in the bottom left. there is a blanket in the bottom left. there is a person in the bottom,"The main colors are: silver, darkslategray, gray","The depth values span a full normalized range from 0 (nearest) to 1 (farthest).
On average, the depth is around 0.55 (with moderate variation, std ≈ 0.26).
Most pixels fall into the **far** depth band (42.1% of the image), while the remaining pixels are split between the other bands.

Depth distribution by band:
  • Near [0.00–0.33]: 25.6% of pixels
  • Mid [0.33–0.67]: 32.0% of pixels
  • Far [0.67–1.00]: 42.1% of pixels"
Symbolism/mikalojus-ciurlionis_the-goat-1904.jpg,"The viewer is likely to associate the following emotions with the image: awe (probability: 0.35), contentment (probability: 0.28).",there is a vase in the right. there is a couch in the center. there is a cactus in the right,"The main colors are: black, mediumaquamarine, dimgray","The depth values span a full normalized range from 0 (nearest) to 1 (farthest).
On average, the depth is around 0.30 (with moderate variation, std ≈ 0.24).
Most pixels fall into the **near** depth band (60.6% of the image), while the remaining pixels are split between the other bands.

Depth distribution by band:
  • Near [0.00–0.33]: 60.6% of pixels
  • Mid [0.33–0.67]: 28.3% of pixels
  • Far [0.67–1.00]: 11.0% of pixels"
Realism/gustave-courbet_la-bretonnerie-in-the-department-of-indre-1856.jpg,"The viewer is likely to associate the following emotions with the image: contentment (probability: 0.61), awe (probability: 0.22).",there is a cypress tree in the bottom left. there is a river stream in the bottom. there is a landscape in the bottom. there is a creek in the bottom. there is a river stream in the bottom left,"The main colors are: black, darkseagreen, darkolivegreen","The depth values span a full normalized range from 0 (nearest) to 1 (farthest).
On average, the depth is around 0.37 (with moderate variation, std ≈ 0.25).
Most pixels fall into the **near** depth band (49.1% of the image), while the remaining pixels are split between the other bands.

Depth distribution by band:
  • Near [0.00–0.33]: 49.1% of pixels
  • Mid [0.33–0.67]: 32.9% of pixels
  • Far [0.67–1.00]: 18.0% of pixels"
Art_Nouveau_Modern/edmund-dulac_the-pearl-of-the-cloud-from-the-kingdom-of-the-pearl.jpg,"The viewer is likely to associate the following emotions with the image: amusement (probability: 0.20), fear (probability: 0.17).",there is a animal in the top right. there is a woman in the center. there is a illustration in the center. there is a mermaid in the top. there is a person in the top left,"The main colors are: sienna, darkgray, darkslategray","The depth values span a full normalized range from 0 (nearest) to 1 (farthest).
On average, the depth is around 0.35 (with moderate variation, std ≈ 0.19).
Most pixels fall into the **near** depth band (54.4% of the image), while the remaining pixels are split between the other bands.

Depth distribution by band:
  • Near [0.00–0.33]: 54.4% of pixels
  • Mid [0.33–0.67]: 40.2% of pixels
  • Far [0.67–1.00]: 5.3% of pixels"
Pop_Art/hiro-yamagata_table-tennis.jpg,"The viewer is likely to associate the following emotions with the image: amusement (probability: 0.34), excitement (probability: 0.33).",there is a shirt in the center. there is a poster in the center. there is a man in the center. there is a racket tennis racket in the top left. there is a ball in the right. there is a gun in the top left. there is a journal in the bottom. there is a notebook in the right,"The main colors are: peru, darkslategray, gainsboro","The depth values span a full normalized range from 0 (nearest) to 1 (farthest).
On average, the depth is around 0.61 (with moderate variation, std ≈ 0.37).
Most pixels fall into the **far** depth band (43.6% of the image), while the remaining pixels are split between the other bands.

Depth distribution by band:
  • Near [0.00–0.33]: 30.8% of pixels
  • Mid [0.33–0.67]: 14.5% of pixels
  • Far [0.67–1.00]: 43.6% of pixels"
Art_Nouveau_Modern/nicholas-roerich_sketch-of-tsar-dodon.jpg,"The viewer is likely to associate the following emotions with the image: something else (probability: 0.24), contentment (probability: 0.21).",there is a woman in the left,"The main colors are: silver, darkgray","The depth values span a full normalized range from 0 (nearest) to 1 (farthest).
On average, the depth is around 0.77 (with moderate variation, std ≈ 0.06).
Most pixels fall into the **far** depth band (96.0% of the image), while the remaining pixels are split between the other bands.

Depth distribution by band:
  • Near [0.00–0.33]: 0.1% of pixels
  • Mid [0.33–0.67]: 3.9% of pixels
  • Far [0.67–1.00]: 96.0% of pixels"
Post_Impressionism/david-burliuk_summer-gardens-near-the-house.jpg,"The viewer is likely to associate the following emotions with the image: contentment (probability: 0.56), awe (probability: 0.18).",there is a house in the center. there is a canvas in the center. there is a tree in the left. there is a garden in the bottom. there is a tree in the center. there is a tree in the center. there is a tree in the left. there is a tree in the top. there is a flower in the bottom. there is a flower in the bottom,"The main colors are: dimgray, gray, silver","The depth values span a full normalized range from 0 (nearest) to 1 (farthest).
On average, the depth is around 0.53 (with moderate variation, std ≈ 0.22).
Most pixels fall into the **mid** depth band (44.8% of the image), while the remaining pixels are split between the other bands.

Depth distribution by band:
  • Near [0.00–0.33]: 22.7% of pixels
  • Mid [0.33–0.67]: 44.8% of pixels
  • Far [0.67–1.00]: 32.5% of pixels"
Realism/nikolai-ge_portrait-of-natalia-petrunkevich.jpg,"The viewer is likely to associate the following emotions with the image: contentment (probability: 0.45), awe (probability: 0.23).",there is a book in the right. there is a dress in the right. there is a window in the top,"The main colors are: dimgray, black, tan","The depth values span a full normalized range from 0 (nearest) to 1 (farthest).
On average, the depth is around 0.38 (with moderate variation, std ≈ 0.27).
Most pixels fall into the **near** depth band (47.4% of the image), while the remaining pixels are split between the other bands.

Depth distribution by band:
  • Near [0.00–0.33]: 47.4% of pixels
  • Mid [0.33–0.67]: 35.6% of pixels
  • Far [0.67–1.00]: 16.8% of pixels"
Romanticism/ivan-aivazovsky_reval.jpg,"The viewer is likely to associate the following emotions with the image: awe (probability: 0.31), contentment (probability: 0.23).",there is a boat in the bottom. there is a water in the bottom. there is a sail sailboat in the bottom left,"The main colors are: darkgray, darkslategray, tan","The depth values span a full normalized range from 0 (nearest) to 1 (farthest).
On average, the depth is around 0.58 (with moderate variation, std ≈ 0.21).
Most pixels fall into the **mid** depth band (42.0% of the image), while the remaining pixels are split between the other bands.

Depth distribution by band:
  • Near [0.00–0.33]: 16.4% of pixels
  • Mid [0.33–0.67]: 42.0% of pixels
  • Far [0.67–1.00]: 41.5% of pixels"
Rococo/giovanni-battista-tiepolo_the-beheading-of-john-the-baptist-1733.jpg,"The viewer is likely to associate the following emotions with the image: awe (probability: 0.37), contentment (probability: 0.15).",there is a man in the left. there is a pillar in the bottom. there is a person in the center. there is a builder in the bottom left,"The main colors are: rosybrown, black, darkolivegreen","The depth values span a full normalized range from 0 (nearest) to 1 (farthest).
On average, the depth is around 0.36 (with moderate variation, std ≈ 0.25).
Most pixels fall into the **near** depth band (48.1% of the image), while the remaining pixels are split between the other bands.

Depth distribution by band:
  • Near [0.00–0.33]: 48.1% of pixels
  • Mid [0.33–0.67]: 38.6% of pixels
  • Far [0.67–1.00]: 13.1% of pixels"
Art_Nouveau_Modern/andrei-ryabushkin_life-for-tsar.jpg,"The viewer is likely to associate the following emotions with the image: amusement (probability: 0.32), excitement (probability: 0.21).",there is a art in the center,"The main colors are: tan, beige, sienna","The depth values span a full normalized range from 0 (nearest) to 1 (farthest).
On average, the depth is around 0.79 (with moderate variation, std ≈ 0.24).
Most pixels fall into the **far** depth band (76.7% of the image), while the remaining pixels are split between the other bands.

Depth distribution by band:
  • Near [0.00–0.33]: 9.3% of pixels
  • Mid [0.33–0.67]: 11.8% of pixels
  • Far [0.67–1.00]: 76.7% of pixels"
Art_Nouveau_Modern/aubrey-beardsley_prospectus-no-1.jpg,"The viewer is likely to associate the following emotions with the image: amusement (probability: 0.33), fear (probability: 0.15).",there is a cartoon in the center. there is a man in the top. there is a piano in the center. there is a gun in the top left,"The main colors are: black, antiquewhite, gray","The depth values span a full normalized range from 0 (nearest) to 1 (farthest).
On average, the depth is around 0.67 (with moderate variation, std ≈ 0.38).
Most pixels fall into the **far** depth band (67.1% of the image), while the remaining pixels are split between the other bands.

Depth distribution by band:
  • Near [0.00–0.33]: 24.8% of pixels
  • Mid [0.33–0.67]: 4.0% of pixels
  • Far [0.67–1.00]: 67.1% of pixels"
Baroque/jan-steen_winning-speaker.jpg,"The viewer is likely to associate the following emotions with the image: amusement (probability: 0.24), contentment (probability: 0.22).",there is a man in the left. there is a artist in the center. there is a person in the right. there is a haircut in the top right,"The main colors are: darkslategray, silver, sienna","The depth values span a full normalized range from 0 (nearest) to 1 (farthest).
On average, the depth is around 0.25 (with moderate variation, std ≈ 0.18).
Most pixels fall into the **near** depth band (80.5% of the image), while the remaining pixels are split between the other bands.

Depth distribution by band:
  • Near [0.00–0.33]: 80.5% of pixels
  • Mid [0.33–0.67]: 13.6% of pixels
  • Far [0.67–1.00]: 5.9% of pixels"
Northern_Renaissance/albrecht-durer_pattern-from-the-series-of-six-knots-1507-2.jpg,"The viewer is likely to associate the following emotions with the image: awe (probability: 0.47), contentment (probability: 0.19).",there is a design in the center,"The main colors are: dimgray, whitesmoke, silver","The depth values span a full normalized range from 0 (nearest) to 1 (farthest).
On average, the depth is around 0.53 (with moderate variation, std ≈ 0.35).
Most pixels fall into the **near** depth band (50.7% of the image), while the remaining pixels are split between the other bands.

Depth distribution by band:
  • Near [0.00–0.33]: 50.7% of pixels
  • Mid [0.33–0.67]: 11.0% of pixels
  • Far [0.67–1.00]: 22.5% of pixels"
Art_Nouveau_Modern/alexandre-benois_a-coachman-and-a-nurse-costume-design(1).jpg,"The viewer is likely to associate the following emotions with the image: amusement (probability: 0.34), contentment (probability: 0.25).",there is a woman in the center. there is a man in the right. there is a sword in the right,"The main colors are: linen, sienna, silver","The depth values span a full normalized range from 0 (nearest) to 1 (farthest).
On average, the depth is around 0.81 (with moderate variation, std ≈ 0.22).
Most pixels fall into the **far** depth band (80.1% of the image), while the remaining pixels are split between the other bands.

Depth distribution by band:
  • Near [0.00–0.33]: 8.1% of pixels
  • Mid [0.33–0.67]: 9.9% of pixels
  • Far [0.67–1.00]: 80.1% of pixels"
Post_Impressionism/vincent-van-gogh_three-cicadas-1889.jpg,"The viewer is likely to associate the following emotions with the image: fear (probability: 0.17), amusement (probability: 0.14).",there is a bug in the top. there is a bug in the center. there is a bug in the center,"The main colors are: snow, lightgray, dimgray","The depth values span a full normalized range from 0 (nearest) to 1 (farthest).
On average, the depth is around 0.82 (with moderate variation, std ≈ 0.14).
Most pixels fall into the **far** depth band (92.1% of the image), while the remaining pixels are split between the other bands.

Depth distribution by band:
  • Near [0.00–0.33]: 2.4% of pixels
  • Mid [0.33–0.67]: 5.1% of pixels
  • Far [0.67–1.00]: 92.1% of pixels"
Realism/vincent-van-gogh_woman-s-head-1883.jpg,"The viewer is likely to associate the following emotions with the image: sadness (probability: 0.22), contentment (probability: 0.18).",there is a woman in the top. there is a black person man in the top,"The main colors are: silver, darkslategray, dimgray","The depth values span a full normalized range from 0 (nearest) to 1 (farthest).
On average, the depth is around 0.36 (with moderate variation, std ≈ 0.19).
Most pixels fall into the **near** depth band (63.0% of the image), while the remaining pixels are split between the other bands.

Depth distribution by band:
  • Near [0.00–0.33]: 63.0% of pixels
  • Mid [0.33–0.67]: 24.6% of pixels
  • Far [0.67–1.00]: 12.5% of pixels"
Post_Impressionism/vincent-van-gogh_still-life-vase-with-fifteen-sunflowers-1888.jpg,"The viewer is likely to associate the following emotions with the image: contentment (probability: 0.52), awe (probability: 0.16).",there is a vase in the right. there is a flower in the right. there is a sunflower in the top left. there is a flower in the top right. there is a flower in the top. there is a flower in the top right. there is a drawing in the center,"The main colors are: peru, goldenrod, saddlebrown","The depth values span a full normalized range from 0 (nearest) to 1 (farthest).
On average, the depth is around 0.50 (with moderate variation, std ≈ 0.29).
Most pixels fall into the **far** depth band (36.5% of the image), while the remaining pixels are split between the other bands.

Depth distribution by band:
  • Near [0.00–0.33]: 35.8% of pixels
  • Mid [0.33–0.67]: 27.4% of pixels
  • Far [0.67–1.00]: 36.5% of pixels"
Symbolism/mikalojus-ciurlionis_creation-of-the-world-xi-1906.jpg,"The viewer is likely to associate the following emotions with the image: awe (probability: 0.35), contentment (probability: 0.17).",there is a art in the center,"The main colors are: silver, darkolivegreen, rosybrown","The depth values span a full normalized range from 0 (nearest) to 1 (farthest).
On average, the depth is around 0.61 (with moderate variation, std ≈ 0.19).
Most pixels fall into the **far** depth band (48.5% of the image), while the remaining pixels are split between the other bands.

Depth distribution by band:
  • Near [0.00–0.33]: 11.4% of pixels
  • Mid [0.33–0.67]: 40.1% of pixels
  • Far [0.67–1.00]: 48.5% of pixels"
High_Renaissance/michelangelo_study-of-christ-on-the-cross-between-the-virgin-and-st-john-the-evangelist-1556.jpg,"The viewer is likely to associate the following emotions with the image: sadness (probability: 0.43), awe (probability: 0.12).",there is a painter in the right. there is a person in the center. there is a builder in the top. there is a cross crucifix in the top,"The main colors are: antiquewhite, tan, gray","The depth values span a full normalized range from 0 (nearest) to 1 (farthest).
On average, the depth is around 0.76 (with moderate variation, std ≈ 0.20).
Most pixels fall into the **far** depth band (65.6% of the image), while the remaining pixels are split between the other bands.

Depth distribution by band:
  • Near [0.00–0.33]: 3.6% of pixels
  • Mid [0.33–0.67]: 25.6% of pixels
  • Far [0.67–1.00]: 65.6% of pixels"
Post_Impressionism/henri-martin_houses-in-the-village-1.jpg,"The viewer is likely to associate the following emotions with the image: contentment (probability: 0.50), awe (probability: 0.19).",there is a village in the center. there is a building in the top,"The main colors are: rosybrown, darkslategray, dimgray","The depth values span a full normalized range from 0 (nearest) to 1 (farthest).
On average, the depth is around 0.45 (with moderate variation, std ≈ 0.17).
Most pixels fall into the **mid** depth band (58.2% of the image), while the remaining pixels are split between the other bands.

Depth distribution by band:
  • Near [0.00–0.33]: 30.4% of pixels
  • Mid [0.33–0.67]: 58.2% of pixels
  • Far [0.67–1.00]: 11.5% of pixels"
Romanticism/francisco-goya_not-for-those-1814.jpg,"The viewer is likely to associate the following emotions with the image: fear (probability: 0.32), sadness (probability: 0.17).",there is a sword in the bottom. there is a man in the center,"The main colors are: gainsboro, darkslategray, lightslategray","The depth values span a full normalized range from 0 (nearest) to 1 (farthest).
On average, the depth is around 0.49 (with moderate variation, std ≈ 0.28).
Most pixels fall into the **near** depth band (39.3% of the image), while the remaining pixels are split between the other bands.

Depth distribution by band:
  • Near [0.00–0.33]: 39.3% of pixels
  • Mid [0.33–0.67]: 32.7% of pixels
  • Far [0.67–1.00]: 25.5% of pixels"
Baroque/rembrandt_self-portrait-open-mouthed-1630.jpg,"The viewer is likely to associate the following emotions with the image: contentment (probability: 0.27), amusement (probability: 0.16).",there is a hair in the center. there is a painter in the center,"The main colors are: lightgray, dimgray, darkgray","The depth values span a full normalized range from 0 (nearest) to 1 (farthest).
On average, the depth is around 0.66 (with moderate variation, std ≈ 0.22).
Most pixels fall into the **far** depth band (61.3% of the image), while the remaining pixels are split between the other bands.

Depth distribution by band:
  • Near [0.00–0.33]: 13.2% of pixels
  • Mid [0.33–0.67]: 25.4% of pixels
  • Far [0.67–1.00]: 61.3% of pixels"
Realism/vladimir-makovsky_i-will-not-1892.jpg,"The viewer is likely to associate the following emotions with the image: sadness (probability: 0.38), contentment (probability: 0.25).",there is a woman in the left. there is a child in the bottom left. there is a man in the center,"The main colors are: dimgray, silver, darkslategray","The depth values span a full normalized range from 0 (nearest) to 1 (farthest).
On average, the depth is around 0.45 (with moderate variation, std ≈ 0.26).
Most pixels fall into the **near** depth band (39.9% of the image), while the remaining pixels are split between the other bands.

Depth distribution by band:
  • Near [0.00–0.33]: 39.9% of pixels
  • Mid [0.33–0.67]: 33.4% of pixels
  • Far [0.67–1.00]: 26.7% of pixels"
Post_Impressionism/gustave-loiseau_by-the-eure-river-in-summer-1902-2.jpg,"The viewer is likely to associate the following emotions with the image: contentment (probability: 0.60), awe (probability: 0.24).",there is a tree in the left. there is a creek in the center. there is a waterway in the bottom,"The main colors are: dimgray, lightsteelblue, darkslategray","The depth values span a full normalized range from 0 (nearest) to 1 (farthest).
On average, the depth is around 0.47 (with moderate variation, std ≈ 0.24).
Most pixels fall into the **near** depth band (36.1% of the image), while the remaining pixels are split between the other bands.

Depth distribution by band:
  • Near [0.00–0.33]: 36.1% of pixels
  • Mid [0.33–0.67]: 35.8% of pixels
  • Far [0.67–1.00]: 28.2% of pixels"
Minimalism/robert-ryman_untitled-from-six-aquatints-1975.jpg,"The viewer is likely to associate the following emotions with the image: something else (probability: 0.38), contentment (probability: 0.26).",there is a square in the center,"The main colors are: blanchedalmond, seashell, bisque","The depth values span a full normalized range from 0 (nearest) to 1 (farthest).
On average, the depth is around 0.70 (with moderate variation, std ≈ 0.27).
Most pixels fall into the **far** depth band (45.2% of the image), while the remaining pixels are split between the other bands.

Depth distribution by band:
  • Near [0.00–0.33]: 17.2% of pixels
  • Mid [0.33–0.67]: 23.7% of pixels
  • Far [0.67–1.00]: 45.2% of pixels"
Baroque/william-hogarth_the-company-of-undertakers.jpg,"The viewer is likely to associate the following emotions with the image: fear (probability: 0.17), amusement (probability: 0.16).",there is a poster in the center. there is a person in the top right. there is a person in the top. there is a person in the center,"The main colors are: gray, darkslategray, darkgray","The depth values span a full normalized range from 0 (nearest) to 1 (farthest).
On average, the depth is around 0.47 (with moderate variation, std ≈ 0.27).
Most pixels fall into the **near** depth band (42.3% of the image), while the remaining pixels are split between the other bands.

Depth distribution by band:
  • Near [0.00–0.33]: 42.3% of pixels
  • Mid [0.33–0.67]: 22.3% of pixels
  • Far [0.67–1.00]: 35.4% of pixels"
Color_Field_Painting/gene-davis_franklin-s-footpath-1972(1).jpg,"The viewer is likely to associate the following emotions with the image: contentment (probability: 0.29), awe (probability: 0.26).",there is a white house in the top left. there is a person man in the bottom. there is a floor in the bottom,"The main colors are: darkgray, darkslategray, dimgray","The depth values span a full normalized range from 0 (nearest) to 1 (farthest).
On average, the depth is around 0.38 (with moderate variation, std ≈ 0.24).
Most pixels fall into the **near** depth band (47.1% of the image), while the remaining pixels are split between the other bands.

Depth distribution by band:
  • Near [0.00–0.33]: 47.1% of pixels
  • Mid [0.33–0.67]: 38.2% of pixels
  • Far [0.67–1.00]: 14.6% of pixels"
Romanticism/ivan-aivazovsky_flock-of-sheep-at-gale-1861.jpg,"The viewer is likely to associate the following emotions with the image: fear (probability: 0.41), awe (probability: 0.25).",there is a herd in the bottom left. there is a sheep in the bottom. there is a animal in the bottom left. there is a sheep in the bottom left,"The main colors are: dimgray, antiquewhite, rosybrown","The depth values span a full normalized range from 0 (nearest) to 1 (farthest).
On average, the depth is around 0.55 (with moderate variation, std ≈ 0.21).
Most pixels fall into the **mid** depth band (57.2% of the image), while the remaining pixels are split between the other bands.

Depth distribution by band:
  • Near [0.00–0.33]: 15.3% of pixels
  • Mid [0.33–0.67]: 57.2% of pixels
  • Far [0.67–1.00]: 26.6% of pixels"
Realism/nikolai-ge_portrait-of-piotr-ge-the-artist-s-son-1.jpg,"The viewer is likely to associate the following emotions with the image: contentment (probability: 0.26), awe (probability: 0.17).",there is a man in the center. there is a armchair in the center. there is a beard in the top right. there is a stool in the left,"The main colors are: black, peru, darkolivegreen","The depth values span a full normalized range from 0 (nearest) to 1 (farthest).
On average, the depth is around 0.12 (with moderate variation, std ≈ 0.10).
Most pixels fall into the **near** depth band (96.1% of the image), while the remaining pixels are split between the other bands.

Depth distribution by band:
  • Near [0.00–0.33]: 96.1% of pixels
  • Mid [0.33–0.67]: 2.9% of pixels
  • Far [0.67–1.00]: 0.9% of pixels"
Baroque/diego-velazquez_prince-balthasar-carlos-on-horseback-1635.jpg,"The viewer is likely to associate the following emotions with the image: contentment (probability: 0.25), amusement (probability: 0.24).",there is a horse in the center. there is a cowboy hat in the top. there is a woman in the top. there is a sword in the top. there is a dress in the top right,"The main colors are: darkseagreen, black, dimgray","The depth values span a full normalized range from 0 (nearest) to 1 (farthest).
On average, the depth is around 0.30 (with moderate variation, std ≈ 0.25).
Most pixels fall into the **near** depth band (57.9% of the image), while the remaining pixels are split between the other bands.

Depth distribution by band:
  • Near [0.00–0.33]: 57.9% of pixels
  • Mid [0.33–0.67]: 31.8% of pixels
  • Far [0.67–1.00]: 10.3% of pixels"
Baroque/canaletto_a-regatta-on-the-grand-canal-1732.jpg,"The viewer is likely to associate the following emotions with the image: awe (probability: 0.37), contentment (probability: 0.23).",there is a boat in the bottom left. there is a boat in the bottom. there is a water waterway in the bottom. there is a building in the left. there is a painter in the bottom. there is a building in the bottom. there is a building in the bottom left. there is a boat in the bottom. there is a artist person in the bottom. there is a building in the left. there is a boat in the bottom,"The main colors are: darkslategray, lightgray, dimgray","The depth values span a full normalized range from 0 (nearest) to 1 (farthest).
On average, the depth is around 0.52 (with moderate variation, std ≈ 0.30).
Most pixels fall into the **far** depth band (46.8% of the image), while the remaining pixels are split between the other bands.

Depth distribution by band:
  • Near [0.00–0.33]: 36.3% of pixels
  • Mid [0.33–0.67]: 16.8% of pixels
  • Far [0.67–1.00]: 46.8% of pixels"
Pop_Art/erro_chinese-petroleum-1978.jpg,"The viewer is likely to associate the following emotions with the image: excitement (probability: 0.24), amusement (probability: 0.17).",there is a man in the center. there is a woman in the bottom. there is a woman in the left. there is a pillow in the bottom right. there is a baseball bat in the top right. there is a sword in the left. there is a pillow in the bottom right. there is a person in the right. there is a poster in the center. there is a person in the center,"The main colors are: gainsboro, darkslategray, gray","The depth values span a full normalized range from 0 (nearest) to 1 (farthest).
On average, the depth is around 0.58 (with moderate variation, std ≈ 0.29).
Most pixels fall into the **far** depth band (45.2% of the image), while the remaining pixels are split between the other bands.

Depth distribution by band:
  • Near [0.00–0.33]: 25.5% of pixels
  • Mid [0.33–0.67]: 28.9% of pixels
  • Far [0.67–1.00]: 45.2% of pixels"
Baroque/adriaen-brouwer_the-smokers-or-the-peasants-of-moerdijk-1630.jpg,"The viewer is likely to associate the following emotions with the image: contentment (probability: 0.44), awe (probability: 0.13).",there is a stool in the right. there is a painter in the left. there is a person in the right. there is a trumpet in the top right. there is a man in the top. there is a flute in the top right. there is a food in the right. there is a trumpet in the top right. there is a food in the left. there is a food in the left. there is a food in the left,"The main colors are: saddlebrown, maroon, darkkhaki","The depth values span a full normalized range from 0 (nearest) to 1 (farthest).
On average, the depth is around 0.24 (with moderate variation, std ≈ 0.22).
Most pixels fall into the **near** depth band (71.6% of the image), while the remaining pixels are split between the other bands.

Depth distribution by band:
  • Near [0.00–0.33]: 71.6% of pixels
  • Mid [0.33–0.67]: 22.2% of pixels
  • Far [0.67–1.00]: 6.1% of pixels"
Northern_Renaissance/albrecht-durer_study-of-drapery-1521.jpg,"The viewer is likely to associate the following emotions with the image: sadness (probability: 0.22), fear (probability: 0.20).",there is a blanket in the center,"The main colors are: dimgray, silver, darkslategray","The depth values span a full normalized range from 0 (nearest) to 1 (farthest).
On average, the depth is around 0.39 (with moderate variation, std ≈ 0.20).
Most pixels fall into the **near** depth band (45.4% of the image), while the remaining pixels are split between the other bands.

Depth distribution by band:
  • Near [0.00–0.33]: 45.4% of pixels
  • Mid [0.33–0.67]: 43.8% of pixels
  • Far [0.67–1.00]: 10.7% of pixels"
Northern_Renaissance/hans-holbein-the-younger_signboard-for-a-schoolmaster-1516.jpg,"The viewer is likely to associate the following emotions with the image: sadness (probability: 0.36), contentment (probability: 0.27).",there is a man in the left. there is a stool in the bottom left. there is a table in the bottom left. there is a woman in the bottom left. there is a stool in the bottom left. there is a room in the left. there is a person woman in the left. there is a person woman in the left,"The main colors are: sienna, darkslategray, darkolivegreen","The depth values span a full normalized range from 0 (nearest) to 1 (farthest).
On average, the depth is around 0.26 (with moderate variation, std ≈ 0.16).
Most pixels fall into the **near** depth band (74.6% of the image), while the remaining pixels are split between the other bands.

Depth distribution by band:
  • Near [0.00–0.33]: 74.6% of pixels
  • Mid [0.33–0.67]: 23.2% of pixels
  • Far [0.67–1.00]: 2.2% of pixels"
Post_Impressionism/gustave-loiseau_by-the-eure-river-in-autumn.jpg,"The viewer is likely to associate the following emotions with the image: contentment (probability: 0.69), awe (probability: 0.18).",there is a tree in the center. there is a water in the bottom. there is a tree in the bottom left. there is a tree in the center,"The main colors are: darkslategray, darkgray, dimgray","The depth values span a full normalized range from 0 (nearest) to 1 (farthest).
On average, the depth is around 0.44 (with moderate variation, std ≈ 0.18).
Most pixels fall into the **mid** depth band (52.7% of the image), while the remaining pixels are split between the other bands.

Depth distribution by band:
  • Near [0.00–0.33]: 32.8% of pixels
  • Mid [0.33–0.67]: 52.7% of pixels
  • Far [0.67–1.00]: 14.5% of pixels"
Ukiyo_e/katsushika-hokusai_oiran-and-kamuro.jpg,"The viewer is likely to associate the following emotions with the image: amusement (probability: 0.29), awe (probability: 0.17).",there is a woman in the right. there is a dress in the center. there is a kimono in the right. there is a sky in the center,"The main colors are: lightgray, indianred, darkslategray","The depth values span a full normalized range from 0 (nearest) to 1 (farthest).
On average, the depth is around 0.68 (with moderate variation, std ≈ 0.27).
Most pixels fall into the **far** depth band (71.4% of the image), while the remaining pixels are split between the other bands.

Depth distribution by band:
  • Near [0.00–0.33]: 15.7% of pixels
  • Mid [0.33–0.67]: 11.4% of pixels
  • Far [0.67–1.00]: 71.4% of pixels"
Abstract_Expressionism/atsuko-tanaka_93e-1993.jpg,"The viewer is likely to associate the following emotions with the image: excitement (probability: 0.28), amusement (probability: 0.23).",there is a art in the center,"The main colors are: darkslategray, gainsboro, gray","The depth values span a full normalized range from 0 (nearest) to 1 (farthest).
On average, the depth is around 0.40 (with moderate variation, std ≈ 0.30).
Most pixels fall into the **near** depth band (52.6% of the image), while the remaining pixels are split between the other bands.

Depth distribution by band:
  • Near [0.00–0.33]: 52.6% of pixels
  • Mid [0.33–0.67]: 26.4% of pixels
  • Far [0.67–1.00]: 17.5% of pixels"
High_Renaissance/giovanni-bellini_the-assassination-of-st-peter-martyr-1509.jpg,"The viewer is likely to associate the following emotions with the image: sadness (probability: 0.18), awe (probability: 0.14).",there is a woman in the bottom. there is a man in the bottom left. there is a woman in the bottom. there is a armor in the bottom left. there is a sword in the bottom. there is a man in the bottom left,"The main colors are: sienna, darkslategray, darkkhaki","The depth values span a full normalized range from 0 (nearest) to 1 (farthest).
On average, the depth is around 0.32 (with moderate variation, std ≈ 0.22).
Most pixels fall into the **near** depth band (61.0% of the image), while the remaining pixels are split between the other bands.

Depth distribution by band:
  • Near [0.00–0.33]: 61.0% of pixels
  • Mid [0.33–0.67]: 28.5% of pixels
  • Far [0.67–1.00]: 10.4% of pixels"
Realism/constant-troyon_cows-in-a-landscape.jpg,"The viewer is likely to associate the following emotions with the image: contentment (probability: 0.47), awe (probability: 0.21).",there is a cow in the bottom left. there is a animal calf in the bottom. there is a tree in the left. there is a tree in the left. there is a tree in the top,"The main colors are: darkolivegreen, darkkhaki, black","The depth values span a full normalized range from 0 (nearest) to 1 (farthest).
On average, the depth is around 0.21 (with moderate variation, std ≈ 0.17).
Most pixels fall into the **near** depth band (82.2% of the image), while the remaining pixels are split between the other bands.

Depth distribution by band:
  • Near [0.00–0.33]: 82.2% of pixels
  • Mid [0.33–0.67]: 15.0% of pixels
  • Far [0.67–1.00]: 2.8% of pixels"
Romanticism/sir-lawrence-alma-tadema_sculptors-in-ancient-rome-1877.jpg,"The viewer is likely to associate the following emotions with the image: sadness (probability: 0.20), awe (probability: 0.18).",there is a head in the bottom left. there is a pole in the right. there is a man in the bottom left. there is a person in the center. there is a sculpture in the center. there is a pillar in the left. there is a head in the left. there is a person in the left. there is a head in the top right,"The main colors are: sienna, darkgray, darkslategray","The depth values span a full normalized range from 0 (nearest) to 1 (farthest).
On average, the depth is around 0.40 (with moderate variation, std ≈ 0.23).
Most pixels fall into the **near** depth band (45.2% of the image), while the remaining pixels are split between the other bands.

Depth distribution by band:
  • Near [0.00–0.33]: 45.2% of pixels
  • Mid [0.33–0.67]: 37.4% of pixels
  • Far [0.67–1.00]: 17.4% of pixels"
Symbolism/konstantin-somov_a-greedy-monkey.jpg,"The viewer is likely to associate the following emotions with the image: amusement (probability: 0.22), contentment (probability: 0.16).",there is a table in the bottom left. there is a flower in the left. there is a plate in the bottom left. there is a stool in the bottom. there is a apple in the bottom left. there is a food fruit in the bottom left. there is a animal in the bottom. there is a apple in the bottom. there is a plate in the bottom. there is a painter in the center. there is a apple fruit in the bottom left,"The main colors are: darkslategray, silver, dimgray","The depth values span a full normalized range from 0 (nearest) to 1 (farthest).
On average, the depth is around 0.36 (with moderate variation, std ≈ 0.24).
Most pixels fall into the **near** depth band (58.0% of the image), while the remaining pixels are split between the other bands.

Depth distribution by band:
  • Near [0.00–0.33]: 58.0% of pixels
  • Mid [0.33–0.67]: 23.5% of pixels
  • Far [0.67–1.00]: 18.5% of pixels"
Romanticism/gustave-dore_saturn.jpg,"The viewer is likely to associate the following emotions with the image: awe (probability: 0.53), contentment (probability: 0.14).",there is a art vector illustration in the center. there is a man in the center,"The main colors are: gray, silver, whitesmoke","The depth values span a full normalized range from 0 (nearest) to 1 (farthest).
On average, the depth is around 0.68 (with moderate variation, std ≈ 0.31).
Most pixels fall into the **far** depth band (42.4% of the image), while the remaining pixels are split between the other bands.

Depth distribution by band:
  • Near [0.00–0.33]: 16.2% of pixels
  • Mid [0.33–0.67]: 21.6% of pixels
  • Far [0.67–1.00]: 42.4% of pixels"
Art_Nouveau_Modern/boris-kustodiev_show-booths-1917.jpg,"The viewer is likely to associate the following emotions with the image: excitement (probability: 0.33), awe (probability: 0.21).",there is a crowd in the bottom. there is a sleigh in the bottom. there is a tree in the left. there is a blanket in the bottom. there is a sleigh in the bottom left. there is a person in the bottom. there is a tree in the right. there is a blanket in the bottom. there is a person in the bottom left,"The main colors are: silver, darkslategray, gray","The depth values span a full normalized range from 0 (nearest) to 1 (farthest).
On average, the depth is around 0.61 (with moderate variation, std ≈ 0.23).
Most pixels fall into the **far** depth band (50.2% of the image), while the remaining pixels are split between the other bands.

Depth distribution by band:
  • Near [0.00–0.33]: 16.1% of pixels
  • Mid [0.33–0.67]: 33.7% of pixels
  • Far [0.67–1.00]: 50.2% of pixels"
Art_Nouveau_Modern/raphael-kirchner_ice-flowers-1899-4.jpg,"The viewer is likely to associate the following emotions with the image: amusement (probability: 0.22), contentment (probability: 0.17).",there is a woman in the center. there is a dress in the bottom. there is a card in the left. there is a person in the bottom. there is a person in the left,"The main colors are: rosybrown, darkslategray, lightgray","The depth values span a full normalized range from 0 (nearest) to 1 (farthest).
On average, the depth is around 0.62 (with moderate variation, std ≈ 0.25).
Most pixels fall into the **far** depth band (60.3% of the image), while the remaining pixels are split between the other bands.

Depth distribution by band:
  • Near [0.00–0.33]: 21.2% of pixels
  • Mid [0.33–0.67]: 18.4% of pixels
  • Far [0.67–1.00]: 60.3% of pixels"
Rococo/george-morland_the-press-gang-1790.jpg,"The viewer is likely to associate the following emotions with the image: contentment (probability: 0.23), awe (probability: 0.21).",there is a person man in the bottom. there is a boat in the bottom. there is a painter in the bottom. there is a person man in the bottom left. there is a water in the bottom. there is a house exterior in the left. there is a person man in the bottom right. there is a person in the bottom,"The main colors are: saddlebrown, burlywood, sienna","The depth values span a full normalized range from 0 (nearest) to 1 (farthest).
On average, the depth is around 0.41 (with moderate variation, std ≈ 0.27).
Most pixels fall into the **near** depth band (43.5% of the image), while the remaining pixels are split between the other bands.

Depth distribution by band:
  • Near [0.00–0.33]: 43.5% of pixels
  • Mid [0.33–0.67]: 35.4% of pixels
  • Far [0.67–1.00]: 20.8% of pixels"
Pop_Art/andy-warhol_the-last-supper-camel-57.jpg,"The viewer is likely to associate the following emotions with the image: awe (probability: 0.19), something else (probability: 0.16).",there is a cartoon in the left. there is a table in the bottom left. there is a person in the bottom left. there is a cartoon in the left,"The main colors are: dimgray, gainsboro, silver","The depth values span a full normalized range from 0 (nearest) to 1 (farthest).
On average, the depth is around 0.81 (with moderate variation, std ≈ 0.18).
Most pixels fall into the **far** depth band (84.6% of the image), while the remaining pixels are split between the other bands.

Depth distribution by band:
  • Near [0.00–0.33]: 3.6% of pixels
  • Mid [0.33–0.67]: 11.2% of pixels
  • Far [0.67–1.00]: 84.6% of pixels"
Post_Impressionism/maxime-maufra_evening-morgat-beach-1902.jpg,"The viewer is likely to associate the following emotions with the image: contentment (probability: 0.56), awe (probability: 0.23).",there is a sky in the center. there is a boat in the bottom. there is a water in the bottom. there is a beach in the bottom. there is a sail in the bottom,"The main colors are: rosybrown, gray, wheat","The depth values span a full normalized range from 0 (nearest) to 1 (farthest).
On average, the depth is around 0.69 (with moderate variation, std ≈ 0.14).
Most pixels fall into the **far** depth band (55.1% of the image), while the remaining pixels are split between the other bands.

Depth distribution by band:
  • Near [0.00–0.33]: 0.8% of pixels
  • Mid [0.33–0.67]: 43.0% of pixels
  • Far [0.67–1.00]: 55.1% of pixels"
Art_Nouveau_Modern/anna-ostroumova-lebedeva_pavlovsk-novosilviysky-bridge-1921.jpg,"The viewer is likely to associate the following emotions with the image: contentment (probability: 0.47), awe (probability: 0.15).",there is a tree in the left. there is a creek in the center,"The main colors are: dimgray, peru, lightgray","The depth values span a full normalized range from 0 (nearest) to 1 (farthest).
On average, the depth is around 0.52 (with moderate variation, std ≈ 0.23).
Most pixels fall into the **mid** depth band (43.0% of the image), while the remaining pixels are split between the other bands.

Depth distribution by band:
  • Near [0.00–0.33]: 28.0% of pixels
  • Mid [0.33–0.67]: 43.0% of pixels
  • Far [0.67–1.00]: 28.8% of pixels"
Baroque/isaac-van-ostade_the-cut-pig.jpg,"The viewer is likely to associate the following emotions with the image: fear (probability: 0.28), awe (probability: 0.21).",there is a man in the left. there is a meat in the right. there is a lamb in the right,"The main colors are: black, sienna, saddlebrown","The depth values span a full normalized range from 0 (nearest) to 1 (farthest).
On average, the depth is around 0.22 (with moderate variation, std ≈ 0.16).
Most pixels fall into the **near** depth band (77.6% of the image), while the remaining pixels are split between the other bands.

Depth distribution by band:
  • Near [0.00–0.33]: 77.6% of pixels
  • Mid [0.33–0.67]: 20.9% of pixels
  • Far [0.67–1.00]: 1.6% of pixels"
Post_Impressionism/vincent-van-gogh_still-life-bottle-lemons-and-oranges-1888.jpg,"The viewer is likely to associate the following emotions with the image: contentment (probability: 0.35), something else (probability: 0.15).",there is a basket in the bottom. there is a wine bottle in the top. there is a table in the bottom. there is a muffin in the right. there is a muffin in the bottom. there is a potato in the bottom left. there is a muffin in the bottom left. there is a potato in the bottom. there is a wine in the center. there is a potato in the bottom left,"The main colors are: darkolivegreen, palegoldenrod, darkseagreen","The depth values span a full normalized range from 0 (nearest) to 1 (farthest).
On average, the depth is around 0.62 (with moderate variation, std ≈ 0.28).
Most pixels fall into the **far** depth band (49.1% of the image), while the remaining pixels are split between the other bands.

Depth distribution by band:
  • Near [0.00–0.33]: 19.2% of pixels
  • Mid [0.33–0.67]: 30.8% of pixels
  • Far [0.67–1.00]: 49.1% of pixels"
Romanticism/eugene-delacroix_the-rape-of-sabine-women(1).jpg,"The viewer is likely to associate the following emotions with the image: sadness (probability: 0.30), fear (probability: 0.29).",there is a painter in the bottom. there is a pillar in the top. there is a person in the top. there is a person in the center,"The main colors are: darkolivegreen, gray, black","The depth values span a full normalized range from 0 (nearest) to 1 (farthest).
On average, the depth is around 0.29 (with moderate variation, std ≈ 0.16).
Most pixels fall into the **near** depth band (63.0% of the image), while the remaining pixels are split between the other bands.

Depth distribution by band:
  • Near [0.00–0.33]: 63.0% of pixels
  • Mid [0.33–0.67]: 35.2% of pixels
  • Far [0.67–1.00]: 1.8% of pixels"
Post_Impressionism/paul-gauguin_maternite-ii-1899.jpg,"The viewer is likely to associate the following emotions with the image: contentment (probability: 0.38), awe (probability: 0.15).",there is a man in the right. there is a woman in the center. there is a woman in the top right,"The main colors are: darkkhaki, sienna, darkslategray","The depth values span a full normalized range from 0 (nearest) to 1 (farthest).
On average, the depth is around 0.33 (with moderate variation, std ≈ 0.26).
Most pixels fall into the **near** depth band (64.1% of the image), while the remaining pixels are split between the other bands.

Depth distribution by band:
  • Near [0.00–0.33]: 64.1% of pixels
  • Mid [0.33–0.67]: 22.7% of pixels
  • Far [0.67–1.00]: 12.4% of pixels"
High_Renaissance/leonardo-da-vinci_study-for-the-last-supper-2.jpg,"The viewer is likely to associate the following emotions with the image: sadness (probability: 0.22), contentment (probability: 0.17).",there is a head in the top. there is a portrait in the center,"The main colors are: gray, lightgray, darkgray","The depth values span a full normalized range from 0 (nearest) to 1 (farthest).
On average, the depth is around 0.65 (with moderate variation, std ≈ 0.17).
Most pixels fall into the **far** depth band (53.0% of the image), while the remaining pixels are split between the other bands.

Depth distribution by band:
  • Near [0.00–0.33]: 4.5% of pixels
  • Mid [0.33–0.67]: 42.5% of pixels
  • Far [0.67–1.00]: 53.0% of pixels"
Art_Nouveau_Modern/ivan-bilibin_illustration-for-the-tale-of-three-royal-divah-and-the-ivashko-priest-s-son-1911(1).jpg,"The viewer is likely to associate the following emotions with the image: sadness (probability: 0.24), fear (probability: 0.18).",there is a person in the center. there is a woman in the left,"The main colors are: tan, darkslategray, dimgray","The depth values span a full normalized range from 0 (nearest) to 1 (farthest).
On average, the depth is around 0.39 (with moderate variation, std ≈ 0.23).
Most pixels fall into the **near** depth band (49.0% of the image), while the remaining pixels are split between the other bands.

Depth distribution by band:
  • Near [0.00–0.33]: 49.0% of pixels
  • Mid [0.33–0.67]: 35.5% of pixels
  • Far [0.67–1.00]: 15.1% of pixels"
Realism/valentin-serov_portrait-of-l-k-naryshkin-1910.jpg,"The viewer is likely to associate the following emotions with the image: contentment (probability: 0.35), awe (probability: 0.16).",there is a boy in the center. there is a shirt in the top. there is a room in the top. there is a pencil in the top right,"The main colors are: tan, gray, oldlace","The depth values span a full normalized range from 0 (nearest) to 1 (farthest).
On average, the depth is around 0.71 (with moderate variation, std ≈ 0.16).
Most pixels fall into the **far** depth band (56.8% of the image), while the remaining pixels are split between the other bands.

Depth distribution by band:
  • Near [0.00–0.33]: 2.3% of pixels
  • Mid [0.33–0.67]: 38.8% of pixels
  • Far [0.67–1.00]: 56.8% of pixels"
Abstract_Expressionism/sam-francis_sulfur-sails-1969.jpg,"The viewer is likely to associate the following emotions with the image: something else (probability: 0.17), excitement (probability: 0.17).",there is a art in the center,"The main colors are: linen, darkolivegreen, rosybrown","The depth values span a full normalized range from 0 (nearest) to 1 (farthest).
On average, the depth is around 0.78 (with moderate variation, std ≈ 0.28).
Most pixels fall into the **far** depth band (74.0% of the image), while the remaining pixels are split between the other bands.

Depth distribution by band:
  • Near [0.00–0.33]: 13.7% of pixels
  • Mid [0.33–0.67]: 11.9% of pixels
  • Far [0.67–1.00]: 74.0% of pixels"
Post_Impressionism/gustave-loiseau_ice-on-the-oise-river.jpg,"The viewer is likely to associate the following emotions with the image: contentment (probability: 0.57), awe (probability: 0.16).",there is a water waterway in the bottom left,"The main colors are: dimgray, darkgray, gray","The depth values span a full normalized range from 0 (nearest) to 1 (farthest).
On average, the depth is around 0.52 (with moderate variation, std ≈ 0.14).
Most pixels fall into the **mid** depth band (74.6% of the image), while the remaining pixels are split between the other bands.

Depth distribution by band:
  • Near [0.00–0.33]: 9.7% of pixels
  • Mid [0.33–0.67]: 74.6% of pixels
  • Far [0.67–1.00]: 15.7% of pixels"
High_Renaissance/michelangelo_ignudo-7.jpg,"The viewer is likely to associate the following emotions with the image: disgust (probability: 0.18), amusement (probability: 0.17).",there is a angel in the center. there is a man in the top right. there is a pillar in the center. there is a woman in the top right,"The main colors are: darkslategray, tan, dimgray","The depth values span a full normalized range from 0 (nearest) to 1 (farthest).
On average, the depth is around 0.47 (with moderate variation, std ≈ 0.25).
Most pixels fall into the **mid** depth band (41.4% of the image), while the remaining pixels are split between the other bands.

Depth distribution by band:
  • Near [0.00–0.33]: 32.7% of pixels
  • Mid [0.33–0.67]: 41.4% of pixels
  • Far [0.67–1.00]: 25.8% of pixels"
Baroque/annibale-carracci_butcher-s-shop.jpg,"The viewer is likely to associate the following emotions with the image: sadness (probability: 0.24), awe (probability: 0.18).",there is a man in the left. there is a animal in the bottom. there is a person man in the left. there is a animal in the center. there is a person in the center. there is a person man in the center. there is a tool in the left,"The main colors are: dimgray, tan, darkslategray","The depth values span a full normalized range from 0 (nearest) to 1 (farthest).
On average, the depth is around 0.29 (with moderate variation, std ≈ 0.21).
Most pixels fall into the **near** depth band (70.1% of the image), while the remaining pixels are split between the other bands.

Depth distribution by band:
  • Near [0.00–0.33]: 70.1% of pixels
  • Mid [0.33–0.67]: 20.8% of pixels
  • Far [0.67–1.00]: 9.1% of pixels"
Romanticism/ivan-aivazovsky_darial-gorge-moon-night-1868.jpg,"The viewer is likely to associate the following emotions with the image: awe (probability: 0.52), contentment (probability: 0.25).",there is a moon in the top right. there is a man in the bottom. there is a mountain path in the bottom. there is a mountain in the right. there is a motorcycle in the bottom. there is a motorcycle in the bottom. there is a scenery in the center,"The main colors are: black, darkslategray, dimgray","The depth values span a full normalized range from 0 (nearest) to 1 (farthest).
On average, the depth is around 0.16 (with moderate variation, std ≈ 0.14).
Most pixels fall into the **near** depth band (82.7% of the image), while the remaining pixels are split between the other bands.

Depth distribution by band:
  • Near [0.00–0.33]: 82.7% of pixels
  • Mid [0.33–0.67]: 17.0% of pixels
  • Far [0.67–1.00]: 0.3% of pixels"
Abstract_Expressionism/sam-francis_untitled-from-pasadena-box-lembark-l61-1963.jpg,"The viewer is likely to associate the following emotions with the image: something else (probability: 0.18), amusement (probability: 0.16).",there is a art in the center. there is a mouse in the center. there is a mouse in the right,"The main colors are: sandybrown, darkslategray, lightgray","The depth values span a full normalized range from 0 (nearest) to 1 (farthest).
On average, the depth is around 0.63 (with moderate variation, std ≈ 0.31).
Most pixels fall into the **far** depth band (56.2% of the image), while the remaining pixels are split between the other bands.

Depth distribution by band:
  • Near [0.00–0.33]: 28.9% of pixels
  • Mid [0.33–0.67]: 14.7% of pixels
  • Far [0.67–1.00]: 56.2% of pixels"
Color_Field_Painting/anne-truitt_remember-no-6-1999.jpg,"The viewer is likely to associate the following emotions with the image: something else (probability: 0.22), contentment (probability: 0.17).",there is a cloth in the center,"The main colors are: crimson, whitesmoke, black","The depth values span a full normalized range from 0 (nearest) to 1 (farthest).
On average, the depth is around 0.43 (with moderate variation, std ≈ 0.41).
Most pixels fall into the **near** depth band (61.9% of the image), while the remaining pixels are split between the other bands.

Depth distribution by band:
  • Near [0.00–0.33]: 61.9% of pixels
  • Mid [0.33–0.67]: 1.2% of pixels
  • Far [0.67–1.00]: 34.9% of pixels"
Realism/mihaly-munkacsy_still-life-with-flowers-and-fruits-1882.jpg,"The viewer is likely to associate the following emotions with the image: contentment (probability: 0.55), awe (probability: 0.19).",there is a glass vase vase in the right. there is a wine glass in the center. there is a bouquet flower in the top. there is a plate in the right. there is a plate in the center. there is a table in the center. there is a platter in the left. there is a grape in the center,"The main colors are: burlywood, black, sienna","The depth values span a full normalized range from 0 (nearest) to 1 (farthest).
On average, the depth is around 0.29 (with moderate variation, std ≈ 0.25).
Most pixels fall into the **near** depth band (67.4% of the image), while the remaining pixels are split between the other bands.

Depth distribution by band:
  • Near [0.00–0.33]: 67.4% of pixels
  • Mid [0.33–0.67]: 21.3% of pixels
  • Far [0.67–1.00]: 11.1% of pixels"
Romanticism/gustave-dore_don-quixote-118.jpg,"The viewer is likely to associate the following emotions with the image: sadness (probability: 0.46), contentment (probability: 0.13).",there is a bed in the center. there is a pillow in the top right. there is a pillow in the top. there is a cigarette in the right,"The main colors are: darkslategray, gainsboro, gray","The depth values span a full normalized range from 0 (nearest) to 1 (farthest).
On average, the depth is around 0.55 (with moderate variation, std ≈ 0.41).
Most pixels fall into the **near** depth band (38.1% of the image), while the remaining pixels are split between the other bands.

Depth distribution by band:
  • Near [0.00–0.33]: 38.1% of pixels
  • Mid [0.33–0.67]: 14.6% of pixels
  • Far [0.67–1.00]: 23.0% of pixels"
Art_Nouveau_Modern/boris-kustodiev_king-wearing-a-crown-and-purple-1925.jpg,"The viewer is likely to associate the following emotions with the image: amusement (probability: 0.37), contentment (probability: 0.18).",there is a crown in the top. there is a spear sword in the top left. there is a illustration in the center. there is a robe in the center,"The main colors are: tan, darkslategray, sienna","The depth values span a full normalized range from 0 (nearest) to 1 (farthest).
On average, the depth is around 0.50 (with moderate variation, std ≈ 0.25).
Most pixels fall into the **mid** depth band (37.2% of the image), while the remaining pixels are split between the other bands.

Depth distribution by band:
  • Near [0.00–0.33]: 30.7% of pixels
  • Mid [0.33–0.67]: 37.2% of pixels
  • Far [0.67–1.00]: 32.1% of pixels"
Symbolism/jacek-malczewski_death-of-ellenai.jpg,"The viewer is likely to associate the following emotions with the image: sadness (probability: 0.22), fear (probability: 0.18).",there is a floor in the center. there is a animal in the top right,"The main colors are: darkslategray, darkgray, dimgray","The depth values span a full normalized range from 0 (nearest) to 1 (farthest).
On average, the depth is around 0.42 (with moderate variation, std ≈ 0.21).
Most pixels fall into the **mid** depth band (45.1% of the image), while the remaining pixels are split between the other bands.

Depth distribution by band:
  • Near [0.00–0.33]: 39.8% of pixels
  • Mid [0.33–0.67]: 45.1% of pixels
  • Far [0.67–1.00]: 15.2% of pixels"
Realism/julius-leblanc-stewart_the-ball(1).jpg,"The viewer is likely to associate the following emotions with the image: awe (probability: 0.31), excitement (probability: 0.16).",there is a chandelier in the top. there is a woman in the bottom left. there is a cocktail dress in the bottom left. there is a man in the bottom. there is a man in the left. there is a room in the left. there is a dress in the bottom left. there is a dance floor in the bottom left. there is a woman in the bottom,"The main colors are: darkslategray, tan, gray","The depth values span a full normalized range from 0 (nearest) to 1 (farthest).
On average, the depth is around 0.38 (with moderate variation, std ≈ 0.23).
Most pixels fall into the **near** depth band (52.7% of the image), while the remaining pixels are split between the other bands.

Depth distribution by band:
  • Near [0.00–0.33]: 52.7% of pixels
  • Mid [0.33–0.67]: 33.6% of pixels
  • Far [0.67–1.00]: 13.2% of pixels"
Art_Nouveau_Modern/sergey-solomko_st-george-coming-to-the-rescue.jpg,"The viewer is likely to associate the following emotions with the image: amusement (probability: 0.19), fear (probability: 0.18).",there is a horse in the left. there is a woman in the bottom. there is a man in the bottom. there is a armor in the left. there is a man in the bottom left. there is a sword in the top left,"The main colors are: lightgray, dimgray, rosybrown","The depth values span a full normalized range from 0 (nearest) to 1 (farthest).
On average, the depth is around 0.52 (with moderate variation, std ≈ 0.24).
Most pixels fall into the **mid** depth band (36.0% of the image), while the remaining pixels are split between the other bands.

Depth distribution by band:
  • Near [0.00–0.33]: 28.1% of pixels
  • Mid [0.33–0.67]: 36.0% of pixels
  • Far [0.67–1.00]: 36.0% of pixels"
Romanticism/john-constable_view-of-salisbury-cathedral-from-the-bishop-s-grounds.jpg,"The viewer is likely to associate the following emotions with the image: awe (probability: 0.43), contentment (probability: 0.38).",there is a church in the center. there is a tree in the left. there is a person in the bottom left. there is a tower in the center. there is a animal in the bottom. there is a animal in the bottom. there is a animal in the bottom. there is a animal in the bottom. there is a tree in the center,"The main colors are: darkolivegreen, darkgray, sienna","The depth values span a full normalized range from 0 (nearest) to 1 (farthest).
On average, the depth is around 0.42 (with moderate variation, std ≈ 0.23).
Most pixels fall into the **mid** depth band (41.8% of the image), while the remaining pixels are split between the other bands.

Depth distribution by band:
  • Near [0.00–0.33]: 39.9% of pixels
  • Mid [0.33–0.67]: 41.8% of pixels
  • Far [0.67–1.00]: 18.3% of pixels"
Romanticism/edward-burne-jones_the-garden-court-1890.jpg,"The viewer is likely to associate the following emotions with the image: awe (probability: 0.23), fear (probability: 0.21).",there is a woman in the bottom left. there is a child in the bottom. there is a person in the bottom left. there is a machine in the bottom left. there is a child in the bottom left. there is a art in the bottom. there is a person in the bottom left,"The main colors are: sienna, darkslategray, darkkhaki","The depth values span a full normalized range from 0 (nearest) to 1 (farthest).
On average, the depth is around 0.33 (with moderate variation, std ≈ 0.26).
Most pixels fall into the **near** depth band (60.1% of the image), while the remaining pixels are split between the other bands.

Depth distribution by band:
  • Near [0.00–0.33]: 60.1% of pixels
  • Mid [0.33–0.67]: 26.2% of pixels
  • Far [0.67–1.00]: 12.7% of pixels"
Realism/mihaly-munkacsy_self-portrait-ii-1881.jpg,"The viewer is likely to associate the following emotions with the image: contentment (probability: 0.22), awe (probability: 0.19).",there is a beard in the center. there is a person man in the center,"The main colors are: darkslategray, dimgray, darkkhaki","The depth values span a full normalized range from 0 (nearest) to 1 (farthest).
On average, the depth is around 0.22 (with moderate variation, std ≈ 0.13).
Most pixels fall into the **near** depth band (87.6% of the image), while the remaining pixels are split between the other bands.

Depth distribution by band:
  • Near [0.00–0.33]: 87.6% of pixels
  • Mid [0.33–0.67]: 9.9% of pixels
  • Far [0.67–1.00]: 2.4% of pixels"
Post_Impressionism/grã©goire-michonze_cows-at-pasture-1969.jpg,"The viewer is likely to associate the following emotions with the image: contentment (probability: 0.46), awe (probability: 0.11).",there is a field grass in the bottom. there is a bull cattle in the bottom left. there is a bull cattle in the bottom. there is a cow in the bottom left. there is a tree in the top. there is a animal in the bottom. there is a tree in the center. there is a bull cattle in the bottom left. there is a tree in the top left,"The main colors are: darkseagreen, darkslategray, darkolivegreen","The depth values span a full normalized range from 0 (nearest) to 1 (farthest).
On average, the depth is around 0.31 (with moderate variation, std ≈ 0.14).
Most pixels fall into the **near** depth band (61.7% of the image), while the remaining pixels are split between the other bands.

Depth distribution by band:
  • Near [0.00–0.33]: 61.7% of pixels
  • Mid [0.33–0.67]: 37.0% of pixels
  • Far [0.67–1.00]: 1.2% of pixels"
Romanticism/thomas-cole_the-voyage-of-life-manhood-1.jpg,"The viewer is likely to associate the following emotions with the image: awe (probability: 0.32), fear (probability: 0.29).",there is a tree in the right. there is a sky in the top. there is a water in the center. there is a stone in the left. there is a sea in the center,"The main colors are: darkslategray, tan, dimgray","The depth values span a full normalized range from 0 (nearest) to 1 (farthest).
On average, the depth is around 0.29 (with moderate variation, std ≈ 0.21).
Most pixels fall into the **near** depth band (70.8% of the image), while the remaining pixels are split between the other bands.

Depth distribution by band:
  • Near [0.00–0.33]: 70.8% of pixels
  • Mid [0.33–0.67]: 21.2% of pixels
  • Far [0.67–1.00]: 7.6% of pixels"
Post_Impressionism/jean-hugo_la-conversation-au-puits-1934.jpg,"The viewer is likely to associate the following emotions with the image: contentment (probability: 0.54), awe (probability: 0.19).",there is a cypress tree in the left. there is a woman in the bottom left. there is a man in the bottom. there is a dirt field in the bottom,"The main colors are: dimgray, darkgray, gray","The depth values span a full normalized range from 0 (nearest) to 1 (farthest).
On average, the depth is around 0.56 (with moderate variation, std ≈ 0.17).
Most pixels fall into the **mid** depth band (53.5% of the image), while the remaining pixels are split between the other bands.

Depth distribution by band:
  • Near [0.00–0.33]: 14.9% of pixels
  • Mid [0.33–0.67]: 53.5% of pixels
  • Far [0.67–1.00]: 31.6% of pixels"
Mannerism_Late_Renaissance/paolo-veronese_st-francis-in-ecstasy.jpg,"The viewer is likely to associate the following emotions with the image: awe (probability: 0.41), contentment (probability: 0.12).",there is a man in the bottom left. there is a man in the bottom left. there is a angel in the left. there is a gold in the left,"The main colors are: black, darkolivegreen, peru","The depth values span a full normalized range from 0 (nearest) to 1 (farthest).
On average, the depth is around 0.20 (with moderate variation, std ≈ 0.22).
Most pixels fall into the **near** depth band (76.6% of the image), while the remaining pixels are split between the other bands.

Depth distribution by band:
  • Near [0.00–0.33]: 76.6% of pixels
  • Mid [0.33–0.67]: 18.5% of pixels
  • Far [0.67–1.00]: 4.8% of pixels"
Realism/n.c.-wyeth_the-death-of-guenever.jpg,"The viewer is likely to associate the following emotions with the image: awe (probability: 0.29), contentment (probability: 0.23).",there is a bed in the bottom. there is a woman in the right. there is a builder in the center,"The main colors are: dimgray, black, tan","The depth values span a full normalized range from 0 (nearest) to 1 (farthest).
On average, the depth is around 0.36 (with moderate variation, std ≈ 0.24).
Most pixels fall into the **near** depth band (52.9% of the image), while the remaining pixels are split between the other bands.

Depth distribution by band:
  • Near [0.00–0.33]: 52.9% of pixels
  • Mid [0.33–0.67]: 31.4% of pixels
  • Far [0.67–1.00]: 15.7% of pixels"
Romanticism/edward-burne-jones_girl-and-goldfish-1861.jpg,"The viewer is likely to associate the following emotions with the image: contentment (probability: 0.28), awe (probability: 0.23).",there is a dress in the center,"The main colors are: black, brown, gray","The depth values span a full normalized range from 0 (nearest) to 1 (farthest).
On average, the depth is around 0.21 (with moderate variation, std ≈ 0.17).
Most pixels fall into the **near** depth band (83.4% of the image), while the remaining pixels are split between the other bands.

Depth distribution by band:
  • Near [0.00–0.33]: 83.4% of pixels
  • Mid [0.33–0.67]: 13.7% of pixels
  • Far [0.67–1.00]: 3.0% of pixels"
Realism/henri-fantin-latour_roses-2.jpg,"The viewer is likely to associate the following emotions with the image: contentment (probability: 0.49), awe (probability: 0.13).",there is a table in the center. there is a flower in the center. there is a vase in the left. there is a glass vase vase in the left. there is a flower in the bottom. there is a bouquet in the bottom left. there is a flower in the center,"The main colors are: black, burlywood, sienna","The depth values span a full normalized range from 0 (nearest) to 1 (farthest).
On average, the depth is around 0.24 (with moderate variation, std ≈ 0.26).
Most pixels fall into the **near** depth band (79.1% of the image), while the remaining pixels are split between the other bands.

Depth distribution by band:
  • Near [0.00–0.33]: 79.1% of pixels
  • Mid [0.33–0.67]: 9.7% of pixels
  • Far [0.67–1.00]: 9.7% of pixels"
Symbolism/franz-stuck_the-murderer.jpg,"The viewer is likely to associate the following emotions with the image: sadness (probability: 0.27), fear (probability: 0.17).",there is a artist in the center. there is a man in the left. there is a woman in the top. there is a water in the center. there is a diver in the right,"The main colors are: black, dimgray, rosybrown","The depth values span a full normalized range from 0 (nearest) to 1 (farthest).
On average, the depth is around 0.29 (with moderate variation, std ≈ 0.23).
Most pixels fall into the **near** depth band (59.3% of the image), while the remaining pixels are split between the other bands.

Depth distribution by band:
  • Near [0.00–0.33]: 59.3% of pixels
  • Mid [0.33–0.67]: 35.3% of pixels
  • Far [0.67–1.00]: 5.4% of pixels"
Northern_Renaissance/jean-fouquet_capture-of-jerusalem-by-herod-the-great-1475.jpg,"The viewer is likely to associate the following emotions with the image: awe (probability: 0.32), fear (probability: 0.14).",there is a pillar in the top left. there is a pillar in the top right. there is a armor in the center. there is a tomb in the center. there is a person in the bottom right. there is a person in the left,"The main colors are: dimgray, gray, darkslategray","The depth values span a full normalized range from 0 (nearest) to 1 (farthest).
On average, the depth is around 0.39 (with moderate variation, std ≈ 0.17).
Most pixels fall into the **mid** depth band (53.1% of the image), while the remaining pixels are split between the other bands.

Depth distribution by band:
  • Near [0.00–0.33]: 40.2% of pixels
  • Mid [0.33–0.67]: 53.1% of pixels
  • Far [0.67–1.00]: 6.7% of pixels"
Art_Nouveau_Modern/henri-de-toulouse-lautrec_moulin-rouge-l-union-franco-russian.jpg,"The viewer is likely to associate the following emotions with the image: amusement (probability: 0.20), fear (probability: 0.17).",there is a woman in the center. there is a man in the center,"The main colors are: darkgray, darkslategray, gray","The depth values span a full normalized range from 0 (nearest) to 1 (farthest).
On average, the depth is around 0.57 (with moderate variation, std ≈ 0.24).
Most pixels fall into the **far** depth band (46.5% of the image), while the remaining pixels are split between the other bands.

Depth distribution by band:
  • Near [0.00–0.33]: 20.2% of pixels
  • Mid [0.33–0.67]: 33.3% of pixels
  • Far [0.67–1.00]: 46.5% of pixels"
Color_Field_Painting/mark-rothko_red-white-and-brown.jpg,"The viewer is likely to associate the following emotions with the image: something else (probability: 0.20), contentment (probability: 0.15).",there is a color in the center. there is a rectangle in the center,"The main colors are: orangered, gainsboro, darkred","The depth values span a full normalized range from 0 (nearest) to 1 (farthest).
On average, the depth is around 0.39 (with moderate variation, std ≈ 0.37).
Most pixels fall into the **near** depth band (61.4% of the image), while the remaining pixels are split between the other bands.

Depth distribution by band:
  • Near [0.00–0.33]: 61.4% of pixels
  • Mid [0.33–0.67]: 3.7% of pixels
  • Far [0.67–1.00]: 35.0% of pixels"
Symbolism/felicien-rops_tienne-soubre.jpg,"The viewer is likely to associate the following emotions with the image: contentment (probability: 0.27), amusement (probability: 0.22).",there is a book in the top right. there is a man in the top. there is a author in the right,"The main colors are: gainsboro, darkslategray, lightslategray","The depth values span a full normalized range from 0 (nearest) to 1 (farthest).
On average, the depth is around 0.77 (with moderate variation, std ≈ 0.26).
Most pixels fall into the **far** depth band (81.1% of the image), while the remaining pixels are split between the other bands.

Depth distribution by band:
  • Near [0.00–0.33]: 10.4% of pixels
  • Mid [0.33–0.67]: 8.3% of pixels
  • Far [0.67–1.00]: 81.1% of pixels"
Baroque/peter-paul-rubens_the-abbot-of-st-michael-s.jpg,"The viewer is likely to associate the following emotions with the image: contentment (probability: 0.21), awe (probability: 0.19).",there is a builder in the center,"The main colors are: dimgray, silver, darkslategray","The depth values span a full normalized range from 0 (nearest) to 1 (farthest).
On average, the depth is around 0.43 (with moderate variation, std ≈ 0.26).
Most pixels fall into the **near** depth band (44.5% of the image), while the remaining pixels are split between the other bands.

Depth distribution by band:
  • Near [0.00–0.33]: 44.5% of pixels
  • Mid [0.33–0.67]: 31.2% of pixels
  • Far [0.67–1.00]: 24.3% of pixels"
Northern_Renaissance/albrecht-durer_triumphal-arch-1526.jpg,"The viewer is likely to associate the following emotions with the image: awe (probability: 0.50), contentment (probability: 0.22).",there is a building in the center,"The main colors are: darkgray, dimgray, whitesmoke","The depth values span a full normalized range from 0 (nearest) to 1 (farthest).
On average, the depth is around 0.72 (with moderate variation, std ≈ 0.25).
Most pixels fall into the **far** depth band (51.3% of the image), while the remaining pixels are split between the other bands.

Depth distribution by band:
  • Near [0.00–0.33]: 7.8% of pixels
  • Mid [0.33–0.67]: 34.6% of pixels
  • Far [0.67–1.00]: 51.3% of pixels"
Realism/fyodor-bronnikov_masquerade-1870.jpg,"The viewer is likely to associate the following emotions with the image: contentment (probability: 0.30), awe (probability: 0.19).",there is a doorway in the center. there is a dress in the bottom. there is a person man in the bottom left. there is a person in the bottom. there is a room in the center. there is a dress in the bottom left. there is a painter in the bottom left. there is a stand in the bottom,"The main colors are: darkseagreen, darkslategray, darkolivegreen","The depth values span a full normalized range from 0 (nearest) to 1 (farthest).
On average, the depth is around 0.27 (with moderate variation, std ≈ 0.20).
Most pixels fall into the **near** depth band (70.7% of the image), while the remaining pixels are split between the other bands.

Depth distribution by band:
  • Near [0.00–0.33]: 70.7% of pixels
  • Mid [0.33–0.67]: 23.2% of pixels
  • Far [0.67–1.00]: 6.1% of pixels"
Abstract_Expressionism/william-baziotes_untitled-blue-and-burnt-orange-1960.jpg,"The viewer is likely to associate the following emotions with the image: contentment (probability: 0.20), something else (probability: 0.18).",there is a water in the bottom. there is a boat in the top. there is a boat in the center. there is a bow tie in the top,"The main colors are: rosybrown, darkgray, lightgray","The depth values span a full normalized range from 0 (nearest) to 1 (farthest).
On average, the depth is around 0.54 (with moderate variation, std ≈ 0.19).
Most pixels fall into the **mid** depth band (61.5% of the image), while the remaining pixels are split between the other bands.

Depth distribution by band:
  • Near [0.00–0.33]: 16.2% of pixels
  • Mid [0.33–0.67]: 61.5% of pixels
  • Far [0.67–1.00]: 21.7% of pixels"
High_Renaissance/michelangelo_st-proculus-1494.jpg,"The viewer is likely to associate the following emotions with the image: amusement (probability: 0.18), awe (probability: 0.18).",there is a man in the top. there is a stand in the right,"The main colors are: lightgray, rosybrown, darkolivegreen","The depth values span a full normalized range from 0 (nearest) to 1 (farthest).
On average, the depth is around 0.64 (with moderate variation, std ≈ 0.23).
Most pixels fall into the **far** depth band (51.8% of the image), while the remaining pixels are split between the other bands.

Depth distribution by band:
  • Near [0.00–0.33]: 12.0% of pixels
  • Mid [0.33–0.67]: 36.1% of pixels
  • Far [0.67–1.00]: 51.8% of pixels"
Romanticism/john-collier_eve-1911.jpg,"The viewer is likely to associate the following emotions with the image: contentment (probability: 0.27), awe (probability: 0.20).",there is a man woman in the center. there is a hair in the center. there is a grass in the bottom. there is a drawing forest in the center,"The main colors are: black, darkolivegreen, lightgray","The depth values span a full normalized range from 0 (nearest) to 1 (farthest).
On average, the depth is around 0.22 (with moderate variation, std ≈ 0.21).
Most pixels fall into the **near** depth band (82.1% of the image), while the remaining pixels are split between the other bands.

Depth distribution by band:
  • Near [0.00–0.33]: 82.1% of pixels
  • Mid [0.33–0.67]: 11.7% of pixels
  • Far [0.67–1.00]: 4.9% of pixels"
Mannerism_Late_Renaissance/paolo-veronese_end-wall-of-the-stanza-del-cane-1561.jpg,"The viewer is likely to associate the following emotions with the image: awe (probability: 0.50), contentment (probability: 0.21).",there is a building in the center. there is a pillar in the left. there is a sculpture in the right. there is a pillar in the right. there is a sculpture in the left. there is a ceiling in the top. there is a pillar in the right. there is a pillar in the center. there is a sculpture in the top,"The main colors are: gray, darkslategray, silver","The depth values span a full normalized range from 0 (nearest) to 1 (farthest).
On average, the depth is around 0.58 (with moderate variation, std ≈ 0.23).
Most pixels fall into the **far** depth band (44.9% of the image), while the remaining pixels are split between the other bands.

Depth distribution by band:
  • Near [0.00–0.33]: 18.6% of pixels
  • Mid [0.33–0.67]: 36.4% of pixels
  • Far [0.67–1.00]: 44.9% of pixels"
Baroque/rembrandt_a-woman-weeping.jpg,"The viewer is likely to associate the following emotions with the image: sadness (probability: 0.29), contentment (probability: 0.27).",there is a woman in the center,"The main colors are: sienna, burlywood, saddlebrown","The depth values span a full normalized range from 0 (nearest) to 1 (farthest).
On average, the depth is around 0.33 (with moderate variation, std ≈ 0.24).
Most pixels fall into the **near** depth band (55.1% of the image), while the remaining pixels are split between the other bands.

Depth distribution by band:
  • Near [0.00–0.33]: 55.1% of pixels
  • Mid [0.33–0.67]: 33.0% of pixels
  • Far [0.67–1.00]: 11.8% of pixels"
Early_Renaissance/filippo-lippi_birth-and-naming-st-john-1465.jpg,"The viewer is likely to associate the following emotions with the image: awe (probability: 0.32), contentment (probability: 0.21).",there is a woman in the bottom left. there is a woman in the bottom. there is a person in the bottom left. there is a painter in the bottom left. there is a coffin in the left. there is a woman in the bottom. there is a coffin in the bottom left. there is a painter in the bottom. there is a pillar in the bottom. there is a painter in the bottom left,"The main colors are: darkolivegreen, gray, silver","The depth values span a full normalized range from 0 (nearest) to 1 (farthest).
On average, the depth is around 0.52 (with moderate variation, std ≈ 0.22).
Most pixels fall into the **far** depth band (38.1% of the image), while the remaining pixels are split between the other bands.

Depth distribution by band:
  • Near [0.00–0.33]: 24.8% of pixels
  • Mid [0.33–0.67]: 37.1% of pixels
  • Far [0.67–1.00]: 38.1% of pixels"
Pop_Art/andy-warhol_spam.jpg,"The viewer is likely to associate the following emotions with the image: awe (probability: 0.30), amusement (probability: 0.15).",there is a shelf in the center,"The main colors are: darkslategray, rosybrown, peru","The depth values span a full normalized range from 0 (nearest) to 1 (farthest).
On average, the depth is around 0.46 (with moderate variation, std ≈ 0.28).
Most pixels fall into the **near** depth band (39.1% of the image), while the remaining pixels are split between the other bands.

Depth distribution by band:
  • Near [0.00–0.33]: 39.1% of pixels
  • Mid [0.33–0.67]: 33.3% of pixels
  • Far [0.67–1.00]: 27.3% of pixels"
Abstract_Expressionism/paul-jenkins_phenomena-sherman-vortex.jpg,"The viewer is likely to associate the following emotions with the image: excitement (probability: 0.24), awe (probability: 0.18).",there is a color in the center,"The main colors are: brown, lightblue, darkslategray","The depth values span a full normalized range from 0 (nearest) to 1 (farthest).
On average, the depth is around 0.41 (with moderate variation, std ≈ 0.31).
Most pixels fall into the **near** depth band (53.7% of the image), while the remaining pixels are split between the other bands.

Depth distribution by band:
  • Near [0.00–0.33]: 53.7% of pixels
  • Mid [0.33–0.67]: 18.4% of pixels
  • Far [0.67–1.00]: 27.3% of pixels"
Art_Nouveau_Modern/aubrey-beardsley_the-barge.jpg,"The viewer is likely to associate the following emotions with the image: amusement (probability: 0.19), contentment (probability: 0.15).",there is a balcony in the center. there is a woman in the top right. there is a woman in the top,"The main colors are: beige, darkgray, darkslategray","The depth values span a full normalized range from 0 (nearest) to 1 (farthest).
On average, the depth is around 0.74 (with moderate variation, std ≈ 0.37).
Most pixels fall into the **far** depth band (48.2% of the image), while the remaining pixels are split between the other bands.

Depth distribution by band:
  • Near [0.00–0.33]: 21.0% of pixels
  • Mid [0.33–0.67]: 7.1% of pixels
  • Far [0.67–1.00]: 48.2% of pixels"
Rococo/bernardo-bellotto_the-imperial-summer-residence-garden-1758.jpg,"The viewer is likely to associate the following emotions with the image: awe (probability: 0.50), contentment (probability: 0.33).",there is a building in the bottom left. there is a fountain in the bottom left. there is a person in the bottom left,"The main colors are: darkolivegreen, lightgray, darkkhaki","The depth values span a full normalized range from 0 (nearest) to 1 (farthest).
On average, the depth is around 0.56 (with moderate variation, std ≈ 0.29).
Most pixels fall into the **far** depth band (45.9% of the image), while the remaining pixels are split between the other bands.

Depth distribution by band:
  • Near [0.00–0.33]: 29.6% of pixels
  • Mid [0.33–0.67]: 24.4% of pixels
  • Far [0.67–1.00]: 45.9% of pixels"
Art_Nouveau_Modern/aubrey-beardsley_page-preceding-contents-list.jpg,"The viewer is likely to associate the following emotions with the image: amusement (probability: 0.41), contentment (probability: 0.24).",there is a illustration in the center. there is a umbrella in the top. there is a dress in the right,"The main colors are: wheat, darkgray, darkolivegreen","The depth values span a full normalized range from 0 (nearest) to 1 (farthest).
On average, the depth is around 0.76 (with moderate variation, std ≈ 0.22).
Most pixels fall into the **far** depth band (80.9% of the image), while the remaining pixels are split between the other bands.

Depth distribution by band:
  • Near [0.00–0.33]: 8.8% of pixels
  • Mid [0.33–0.67]: 9.8% of pixels
  • Far [0.67–1.00]: 80.9% of pixels"
Ukiyo_e/utagawa-kuniyoshi_the-actor-11.jpg,"The viewer is likely to associate the following emotions with the image: amusement (probability: 0.18), contentment (probability: 0.16).",there is a woman in the left. there is a couple in the right. there is a couple in the center,"The main colors are: wheat, gray, darkslategray","The depth values span a full normalized range from 0 (nearest) to 1 (farthest).
On average, the depth is around 0.55 (with moderate variation, std ≈ 0.28).
Most pixels fall into the **far** depth band (38.0% of the image), while the remaining pixels are split between the other bands.

Depth distribution by band:
  • Near [0.00–0.33]: 28.8% of pixels
  • Mid [0.33–0.67]: 31.9% of pixels
  • Far [0.67–1.00]: 38.0% of pixels"
Art_Nouveau_Modern/aubrey-beardsley_albert-in-search-of-his-ideals-1897.jpg,"The viewer is likely to associate the following emotions with the image: amusement (probability: 0.35), contentment (probability: 0.16).",there is a man in the left. there is a woman in the center. there is a woman in the right. there is a gun in the top,"The main colors are: lightgray, black, darkgray","The depth values span a full normalized range from 0 (nearest) to 1 (farthest).
On average, the depth is around 0.70 (with moderate variation, std ≈ 0.22).
Most pixels fall into the **far** depth band (72.8% of the image), while the remaining pixels are split between the other bands.

Depth distribution by band:
  • Near [0.00–0.33]: 8.7% of pixels
  • Mid [0.33–0.67]: 17.9% of pixels
  • Far [0.67–1.00]: 72.8% of pixels"
Romanticism/rudolf-von-alt_a-view-of-monreale-above-palermo.jpg,"The viewer is likely to associate the following emotions with the image: awe (probability: 0.58), contentment (probability: 0.25).",there is a monastery in the center. there is a pillar in the left. there is a pillar in the center. there is a archway in the top. there is a pillar in the center,"The main colors are: peru, saddlebrown, silver","The depth values span a full normalized range from 0 (nearest) to 1 (farthest).
On average, the depth is around 0.45 (with moderate variation, std ≈ 0.25).
Most pixels fall into the **near** depth band (39.4% of the image), while the remaining pixels are split between the other bands.

Depth distribution by band:
  • Near [0.00–0.33]: 39.4% of pixels
  • Mid [0.33–0.67]: 36.1% of pixels
  • Far [0.67–1.00]: 23.8% of pixels"
Art_Nouveau_Modern/boris-kustodiev_coachman-at-traktir-1920.jpg,"The viewer is likely to associate the following emotions with the image: contentment (probability: 0.35), amusement (probability: 0.23).",there is a table in the bottom. there is a man in the left. there is a woman in the center. there is a tea pot in the center. there is a food in the left. there is a drink in the top. there is a food in the center,"The main colors are: darkslategray, tan, gray","The depth values span a full normalized range from 0 (nearest) to 1 (farthest).
On average, the depth is around 0.39 (with moderate variation, std ≈ 0.26).
Most pixels fall into the **near** depth band (45.7% of the image), while the remaining pixels are split between the other bands.

Depth distribution by band:
  • Near [0.00–0.33]: 45.7% of pixels
  • Mid [0.33–0.67]: 34.2% of pixels
  • Far [0.67–1.00]: 20.1% of pixels"
Post_Impressionism/richard-gerstl_meadow-with-houses-in-background-1907.jpg,"The viewer is likely to associate the following emotions with the image: contentment (probability: 0.45), awe (probability: 0.17).",there is a tree in the top,"The main colors are: darkseagreen, darkslategray, dimgray","The depth values span a full normalized range from 0 (nearest) to 1 (farthest).
On average, the depth is around 0.45 (with moderate variation, std ≈ 0.20).
Most pixels fall into the **mid** depth band (52.6% of the image), while the remaining pixels are split between the other bands.

Depth distribution by band:
  • Near [0.00–0.33]: 30.8% of pixels
  • Mid [0.33–0.67]: 52.6% of pixels
  • Far [0.67–1.00]: 16.6% of pixels"
Mannerism_Late_Renaissance/piero-di-cosimo_the-immaculate-conception-with-saints-1510.jpg,"The viewer is likely to associate the following emotions with the image: awe (probability: 0.44), contentment (probability: 0.20).",there is a woman in the left. there is a woman in the left. there is a artist in the right. there is a artist in the center,"The main colors are: sienna, rosybrown, black","The depth values span a full normalized range from 0 (nearest) to 1 (farthest).
On average, the depth is around 0.30 (with moderate variation, std ≈ 0.24).
Most pixels fall into the **near** depth band (63.5% of the image), while the remaining pixels are split between the other bands.

Depth distribution by band:
  • Near [0.00–0.33]: 63.5% of pixels
  • Mid [0.33–0.67]: 25.4% of pixels
  • Far [0.67–1.00]: 11.1% of pixels"
Northern_Renaissance/albrecht-durer_christ-appears-to-his-mother-1511.jpg,"The viewer is likely to associate the following emotions with the image: awe (probability: 0.25), fear (probability: 0.22).",there is a man in the right. there is a person in the left. there is a illustration in the center. there is a spear in the right,"The main colors are: darkgray, gainsboro, dimgray","The depth values span a full normalized range from 0 (nearest) to 1 (farthest).
On average, the depth is around 0.62 (with moderate variation, std ≈ 0.27).
Most pixels fall into the **far** depth band (40.2% of the image), while the remaining pixels are split between the other bands.

Depth distribution by band:
  • Near [0.00–0.33]: 19.4% of pixels
  • Mid [0.33–0.67]: 35.5% of pixels
  • Far [0.67–1.00]: 40.2% of pixels"
Mannerism_Late_Renaissance/titian_tarquin-and-lucretia-1576.jpg,"The viewer is likely to associate the following emotions with the image: sadness (probability: 0.18), awe (probability: 0.18).",there is a woman in the center. there is a sword in the left. there is a couch in the center,"The main colors are: rosybrown, black, darkolivegreen","The depth values span a full normalized range from 0 (nearest) to 1 (farthest).
On average, the depth is around 0.24 (with moderate variation, std ≈ 0.18).
Most pixels fall into the **near** depth band (77.8% of the image), while the remaining pixels are split between the other bands.

Depth distribution by band:
  • Near [0.00–0.33]: 77.8% of pixels
  • Mid [0.33–0.67]: 17.6% of pixels
  • Far [0.67–1.00]: 4.6% of pixels"
Realism/ilya-repin_taking-christ-into-custody-1886.jpg,"The viewer is likely to associate the following emotions with the image: fear (probability: 0.42), sadness (probability: 0.15).",there is a man in the bottom. there is a campfire in the center. there is a painter in the left. there is a person in the left,"The main colors are: darkslategray, black, rosybrown","The depth values span a full normalized range from 0 (nearest) to 1 (farthest).
On average, the depth is around 0.18 (with moderate variation, std ≈ 0.11).
Most pixels fall into the **near** depth band (94.2% of the image), while the remaining pixels are split between the other bands.

Depth distribution by band:
  • Near [0.00–0.33]: 94.2% of pixels
  • Mid [0.33–0.67]: 4.6% of pixels
  • Far [0.67–1.00]: 1.1% of pixels"
Pop_Art/roy-lichtenstein_brattata-1962(1).jpg,"The viewer is likely to associate the following emotions with the image: amusement (probability: 0.25), excitement (probability: 0.20).",there is a poster in the center. there is a gun in the left. there is a man in the center. there is a cigarette in the left. there is a gun in the bottom,"The main colors are: gainsboro, black, gray","The depth values span a full normalized range from 0 (nearest) to 1 (farthest).
On average, the depth is around 0.55 (with moderate variation, std ≈ 0.41).
Most pixels fall into the **far** depth band (49.7% of the image), while the remaining pixels are split between the other bands.

Depth distribution by band:
  • Near [0.00–0.33]: 40.0% of pixels
  • Mid [0.33–0.67]: 6.4% of pixels
  • Far [0.67–1.00]: 49.7% of pixels"
Romanticism/gustave-dore_daniel-s-vision-of-the-four-beasts.jpg,"The viewer is likely to associate the following emotions with the image: fear (probability: 0.27), awe (probability: 0.19).",there is a water in the center. there is a animal in the right,"The main colors are: dimgray, lavender, gray","The depth values span a full normalized range from 0 (nearest) to 1 (farthest).
On average, the depth is around 0.47 (with moderate variation, std ≈ 0.31).
Most pixels fall into the **near** depth band (52.7% of the image), while the remaining pixels are split between the other bands.

Depth distribution by band:
  • Near [0.00–0.33]: 52.7% of pixels
  • Mid [0.33–0.67]: 19.3% of pixels
  • Far [0.67–1.00]: 18.2% of pixels"
Early_Renaissance/benozzo-gozzoli_tabernacle-of-the-madonna-delle-tosse-assumption-of-the-virgin.jpg,"The viewer is likely to associate the following emotions with the image: awe (probability: 0.52), contentment (probability: 0.17).",there is a church in the center. there is a altar in the bottom. there is a builder in the top. there is a ceiling in the top. there is a builder in the bottom. there is a person in the bottom left. there is a person in the left. there is a person in the bottom left,"The main colors are: rosybrown, lightgray, darkolivegreen","The depth values span a full normalized range from 0 (nearest) to 1 (farthest).
On average, the depth is around 0.56 (with moderate variation, std ≈ 0.23).
Most pixels fall into the **mid** depth band (47.3% of the image), while the remaining pixels are split between the other bands.

Depth distribution by band:
  • Near [0.00–0.33]: 18.5% of pixels
  • Mid [0.33–0.67]: 47.3% of pixels
  • Far [0.67–1.00]: 33.8% of pixels"
Realism/vincent-van-gogh_woman-with-shawl-over-her-hair-head-1883.jpg,"The viewer is likely to associate the following emotions with the image: sadness (probability: 0.45), fear (probability: 0.14).",there is a woman in the center. there is a head in the top,"The main colors are: darkgray, dimgray, darkslategray","The depth values span a full normalized range from 0 (nearest) to 1 (farthest).
On average, the depth is around 0.38 (with moderate variation, std ≈ 0.16).
Most pixels fall into the **mid** depth band (51.3% of the image), while the remaining pixels are split between the other bands.

Depth distribution by band:
  • Near [0.00–0.33]: 43.7% of pixels
  • Mid [0.33–0.67]: 51.3% of pixels
  • Far [0.67–1.00]: 5.0% of pixels"
Pop_Art/peter-max_discovery-1992.jpg,"The viewer is likely to associate the following emotions with the image: excitement (probability: 0.38), amusement (probability: 0.35).",there is a poster in the left. there is a boat in the bottom left. there is a boat in the bottom left. there is a boat in the bottom left,"The main colors are: darkslateblue, firebrick, darkkhaki","The depth values span a full normalized range from 0 (nearest) to 1 (farthest).
On average, the depth is around 0.36 (with moderate variation, std ≈ 0.31).
Most pixels fall into the **near** depth band (50.8% of the image), while the remaining pixels are split between the other bands.

Depth distribution by band:
  • Near [0.00–0.33]: 50.8% of pixels
  • Mid [0.33–0.67]: 27.8% of pixels
  • Far [0.67–1.00]: 21.1% of pixels"
Post_Impressionism/henri-de-toulouse-lautrec_crouching-woman-with-red-hair-1897.jpg,"The viewer is likely to associate the following emotions with the image: contentment (probability: 0.22), disgust (probability: 0.16).",there is a painter in the left,"The main colors are: darkslategray, rosybrown, sienna","The depth values span a full normalized range from 0 (nearest) to 1 (farthest).
On average, the depth is around 0.41 (with moderate variation, std ≈ 0.18).
Most pixels fall into the **mid** depth band (51.8% of the image), while the remaining pixels are split between the other bands.

Depth distribution by band:
  • Near [0.00–0.33]: 38.2% of pixels
  • Mid [0.33–0.67]: 51.8% of pixels
  • Far [0.67–1.00]: 10.0% of pixels"
Realism/anders-zorn_mona-1911.jpg,"The viewer is likely to associate the following emotions with the image: sadness (probability: 0.40), contentment (probability: 0.19).",there is a woman in the center. there is a head in the top,"The main colors are: darkgray, silver, dimgray","The depth values span a full normalized range from 0 (nearest) to 1 (farthest).
On average, the depth is around 0.67 (with moderate variation, std ≈ 0.22).
Most pixels fall into the **far** depth band (68.6% of the image), while the remaining pixels are split between the other bands.

Depth distribution by band:
  • Near [0.00–0.33]: 13.6% of pixels
  • Mid [0.33–0.67]: 17.8% of pixels
  • Far [0.67–1.00]: 68.6% of pixels"
Ukiyo_e/utagawa-kuniyoshi_women-25.jpg,"The viewer is likely to associate the following emotions with the image: contentment (probability: 0.29), awe (probability: 0.24).",there is a geisha woman in the center. there is a dress in the center. there is a snow in the center. there is a umbrella in the top. there is a garment in the top,"The main colors are: wheat, midnightblue, gray","The depth values span a full normalized range from 0 (nearest) to 1 (farthest).
On average, the depth is around 0.69 (with moderate variation, std ≈ 0.28).
Most pixels fall into the **far** depth band (67.4% of the image), while the remaining pixels are split between the other bands.

Depth distribution by band:
  • Near [0.00–0.33]: 16.0% of pixels
  • Mid [0.33–0.67]: 15.2% of pixels
  • Far [0.67–1.00]: 67.4% of pixels"
Color_Field_Painting/mark-rothko_violet-black-orange-yellow-on-white-and-red.jpg,"The viewer is likely to associate the following emotions with the image: excitement (probability: 0.22), contentment (probability: 0.18).",there is a color in the center. there is a color in the top,"The main colors are: orange, brown, wheat","The depth values span a full normalized range from 0 (nearest) to 1 (farthest).
On average, the depth is around 0.53 (with moderate variation, std ≈ 0.35).
Most pixels fall into the **far** depth band (51.1% of the image), while the remaining pixels are split between the other bands.

Depth distribution by band:
  • Near [0.00–0.33]: 38.3% of pixels
  • Mid [0.33–0.67]: 10.3% of pixels
  • Far [0.67–1.00]: 51.1% of pixels"
Realism/boris-kustodiev_a-balloon-seller-1915.jpg,"The viewer is likely to associate the following emotions with the image: amusement (probability: 0.43), contentment (probability: 0.14).",there is a man in the top right. there is a balloon in the top. there is a balloon in the top right,"The main colors are: darkslategray, rosybrown, sienna","The depth values span a full normalized range from 0 (nearest) to 1 (farthest).
On average, the depth is around 0.42 (with moderate variation, std ≈ 0.21).
Most pixels fall into the **mid** depth band (45.5% of the image), while the remaining pixels are split between the other bands.

Depth distribution by band:
  • Near [0.00–0.33]: 38.0% of pixels
  • Mid [0.33–0.67]: 45.5% of pixels
  • Far [0.67–1.00]: 16.6% of pixels"
Romanticism/dante-gabriel-rossetti_faust-margaret-in-the-church-1848.jpg,"The viewer is likely to associate the following emotions with the image: sadness (probability: 0.26), fear (probability: 0.23).",there is a woman in the right. there is a doorway in the center,"The main colors are: peru, tan, darkolivegreen","The depth values span a full normalized range from 0 (nearest) to 1 (farthest).
On average, the depth is around 0.61 (with moderate variation, std ≈ 0.22).
Most pixels fall into the **far** depth band (44.7% of the image), while the remaining pixels are split between the other bands.

Depth distribution by band:
  • Near [0.00–0.33]: 13.6% of pixels
  • Mid [0.33–0.67]: 41.7% of pixels
  • Far [0.67–1.00]: 44.7% of pixels"
Romanticism/dante-gabriel-rossetti_image-of-artist-and-his-exotic-pet-1871.jpg,"The viewer is likely to associate the following emotions with the image: amusement (probability: 0.26), contentment (probability: 0.19).",there is a animal in the top. there is a pillow in the right,"The main colors are: wheat, dimgray, tan","The depth values span a full normalized range from 0 (nearest) to 1 (farthest).
On average, the depth is around 0.77 (with moderate variation, std ≈ 0.13).
Most pixels fall into the **far** depth band (80.8% of the image), while the remaining pixels are split between the other bands.

Depth distribution by band:
  • Near [0.00–0.33]: 1.0% of pixels
  • Mid [0.33–0.67]: 18.2% of pixels
  • Far [0.67–1.00]: 80.8% of pixels"
